[2026-03-15 02:01:15] local.ERROR: Please provide a valid cache path. {"exception":"[object] (InvalidArgumentException(code: 0): Please provide a valid cache path. at /Users/rahmattanri/Documents/Project Code/raporppsr-deploy/vendor/laravel/framework/src/Illuminate/View/Compilers/Compiler.php:75)
[stacktrace]
#0 /Users/rahmattanri/Documents/Project Code/raporppsr-deploy/vendor/laravel/framework/src/Illuminate/View/ViewServiceProvider.php(97): Illuminate\\View\\Compilers\\Compiler->__construct(Object(Illuminate\\Filesystem\\Filesystem), false, '', true, 'php', true)
#1 /Users/rahmattanri/Documents/Project Code/raporppsr-deploy/vendor/laravel/framework/src/Illuminate/Container/Container.php(1115): Illuminate\\View\\ViewServiceProvider->{closure:Illuminate\\View\\ViewServiceProvider::registerBladeCompiler():96}(Object(Illuminate\\Foundation\\Application), Array)
#2 /Users/rahmattanri/Documents/Project Code/raporppsr-deploy/vendor/laravel/framework/src/Illuminate/Container/Container.php(933): Illuminate\\Container\\Container->build(Object(Closure))
#3 /Users/rahmattanri/Documents/Project Code/raporppsr-deploy/vendor/laravel/framework/src/Illuminate/Foundation/Application.php(1078): Illuminate\\Container\\Container->resolve('blade.compiler', Array, true)
#4 /Users/rahmattanri/Documents/Project Code/raporppsr-deploy/vendor/laravel/framework/src/Illuminate/Container/Container.php(864): Illuminate\\Foundation\\Application->resolve('blade.compiler', Array)
#5 /Users/rahmattanri/Documents/Project Code/raporppsr-deploy/vendor/laravel/framework/src/Illuminate/Foundation/Application.php(1058): Illuminate\\Container\\Container->make('blade.compiler', Array)
#6 /Users/rahmattanri/Documents/Project Code/raporppsr-deploy/vendor/laravel/framework/src/Illuminate/Container/Container.php(1809): Illuminate\\Foundation\\Application->make('blade.compiler')
#7 /Users/rahmattanri/Documents/Project Code/raporppsr-deploy/vendor/laravel/framework/src/Illuminate/Support/Facades/Facade.php(240): Illuminate\\Container\\Container->offsetGet('blade.compiler')
#8 /Users/rahmattanri/Documents/Project Code/raporppsr-deploy/vendor/laravel/framework/src/Illuminate/Support/Facades/Facade.php(211): Illuminate\\Support\\Facades\\Facade::resolveFacadeInstance('blade.compiler')
#9 /Users/rahmattanri/Documents/Project Code/raporppsr-deploy/vendor/laravel/framework/src/Illuminate/Support/Facades/Facade.php(357): Illuminate\\Support\\Facades\\Facade::getFacadeRoot()
#10 /Users/rahmattanri/Documents/Project Code/raporppsr-deploy/vendor/livewire/flux/src/FluxServiceProvider.php(41): Illuminate\\Support\\Facades\\Facade::__callStatic('anonymousCompon...', Array)
#11 /Users/rahmattanri/Documents/Project Code/raporppsr-deploy/vendor/livewire/flux/src/FluxServiceProvider.php(24): Flux\\FluxServiceProvider->bootComponentPath()
#12 /Users/rahmattanri/Documents/Project Code/raporppsr-deploy/vendor/laravel/framework/src/Illuminate/Container/BoundMethod.php(36): Flux\\FluxServiceProvider->boot()
#13 /Users/rahmattanri/Documents/Project Code/raporppsr-deploy/vendor/laravel/framework/src/Illuminate/Container/Util.php(43): Illuminate\\Container\\BoundMethod::{closure:Illuminate\\Container\\BoundMethod::call():35}()
#14 /Users/rahmattanri/Documents/Project Code/raporppsr-deploy/vendor/laravel/framework/src/Illuminate/Container/BoundMethod.php(96): Illuminate\\Container\\Util::unwrapIfClosure(Object(Closure))
#15 /Users/rahmattanri/Documents/Project Code/raporppsr-deploy/vendor/laravel/framework/src/Illuminate/Container/BoundMethod.php(35): Illuminate\\Container\\BoundMethod::callBoundMethod(Object(Illuminate\\Foundation\\Application), Array, Object(Closure))
#16 /Users/rahmattanri/Documents/Project Code/raporppsr-deploy/vendor/laravel/framework/src/Illuminate/Container/Container.php(799): Illuminate\\Container\\BoundMethod::call(Object(Illuminate\\Foundation\\Application), Array, Array, NULL)
#17 /Users/rahmattanri/Documents/Project Code/raporppsr-deploy/vendor/laravel/framework/src/Illuminate/Foundation/Application.php(1151): Illuminate\\Container\\Container->call(Array)
#18 /Users/rahmattanri/Documents/Project Code/raporppsr-deploy/vendor/laravel/framework/src/Illuminate/Foundation/Application.php(1132): Illuminate\\Foundation\\Application->bootProvider(Object(Flux\\FluxServiceProvider))
#19 [internal function]: Illuminate\\Foundation\\Application->{closure:Illuminate\\Foundation\\Application::boot():1131}(Object(Flux\\FluxServiceProvider), 'Flux\\\\FluxServic...')
#20 /Users/rahmattanri/Documents/Project Code/raporppsr-deploy/vendor/laravel/framework/src/Illuminate/Foundation/Application.php(1131): array_walk(Array, Object(Closure))
#21 /Users/rahmattanri/Documents/Project Code/raporppsr-deploy/vendor/laravel/framework/src/Illuminate/Foundation/Bootstrap/BootProviders.php(17): Illuminate\\Foundation\\Application->boot()
#22 /Users/rahmattanri/Documents/Project Code/raporppsr-deploy/vendor/laravel/framework/src/Illuminate/Foundation/Application.php(342): Illuminate\\Foundation\\Bootstrap\\BootProviders->bootstrap(Object(Illuminate\\Foundation\\Application))
#23 /Users/rahmattanri/Documents/Project Code/raporppsr-deploy/vendor/laravel/framework/src/Illuminate/Foundation/Console/Kernel.php(494): Illuminate\\Foundation\\Application->bootstrapWith(Array)
#24 /Users/rahmattanri/Documents/Project Code/raporppsr-deploy/vendor/laravel/framework/src/Illuminate/Foundation/Console/Kernel.php(196): Illuminate\\Foundation\\Console\\Kernel->bootstrap()
#25 /Users/rahmattanri/Documents/Project Code/raporppsr-deploy/vendor/laravel/framework/src/Illuminate/Foundation/Application.php(1235): Illuminate\\Foundation\\Console\\Kernel->handle(Object(Symfony\\Component\\Console\\Input\\ArgvInput), Object(Symfony\\Component\\Console\\Output\\ConsoleOutput))
#26 /Users/rahmattanri/Documents/Project Code/raporppsr-deploy/artisan(16): Illuminate\\Foundation\\Application->handleCommand(Object(Symfony\\Component\\Console\\Input\\ArgvInput))
#27 {main}
"} 
[2026-03-15 02:06:27] local.ERROR: No application encryption key has been specified. {"exception":"[object] (Illuminate\\Encryption\\MissingAppKeyException(code: 0): No application encryption key has been specified. at /Users/rahmattanri/Documents/Project Code/raporppsr-deploy/vendor/laravel/framework/src/Illuminate/Encryption/EncryptionServiceProvider.php:83)
[stacktrace]
#0 /Users/rahmattanri/Documents/Project Code/raporppsr-deploy/vendor/laravel/framework/src/Illuminate/Support/helpers.php(390): Illuminate\\Encryption\\EncryptionServiceProvider->{closure:Illuminate\\Encryption\\EncryptionServiceProvider::key():81}('')
#1 /Users/rahmattanri/Documents/Project Code/raporppsr-deploy/vendor/laravel/framework/src/Illuminate/Encryption/EncryptionServiceProvider.php(81): tap('', Object(Closure))
#2 /Users/rahmattanri/Documents/Project Code/raporppsr-deploy/vendor/laravel/framework/src/Illuminate/Encryption/EncryptionServiceProvider.php(64): Illuminate\\Encryption\\EncryptionServiceProvider->key(Array)
#3 /Users/rahmattanri/Documents/Project Code/raporppsr-deploy/vendor/laravel/framework/src/Illuminate/Encryption/EncryptionServiceProvider.php(32): Illuminate\\Encryption\\EncryptionServiceProvider->parseKey(Array)
#4 /Users/rahmattanri/Documents/Project Code/raporppsr-deploy/vendor/laravel/framework/src/Illuminate/Container/Container.php(1115): Illuminate\\Encryption\\EncryptionServiceProvider->{closure:Illuminate\\Encryption\\EncryptionServiceProvider::registerEncrypter():29}(Object(Illuminate\\Foundation\\Application), Array)
#5 /Users/rahmattanri/Documents/Project Code/raporppsr-deploy/vendor/laravel/framework/src/Illuminate/Container/Container.php(933): Illuminate\\Container\\Container->build(Object(Closure))
#6 /Users/rahmattanri/Documents/Project Code/raporppsr-deploy/vendor/laravel/framework/src/Illuminate/Foundation/Application.php(1078): Illuminate\\Container\\Container->resolve('encrypter', Array, true)
#7 /Users/rahmattanri/Documents/Project Code/raporppsr-deploy/vendor/laravel/framework/src/Illuminate/Container/Container.php(864): Illuminate\\Foundation\\Application->resolve('encrypter', Array)
#8 /Users/rahmattanri/Documents/Project Code/raporppsr-deploy/vendor/laravel/framework/src/Illuminate/Foundation/Application.php(1058): Illuminate\\Container\\Container->make('encrypter', Array)
#9 /Users/rahmattanri/Documents/Project Code/raporppsr-deploy/vendor/laravel/framework/src/Illuminate/Container/Container.php(1340): Illuminate\\Foundation\\Application->make('encrypter')
#10 /Users/rahmattanri/Documents/Project Code/raporppsr-deploy/vendor/laravel/framework/src/Illuminate/Container/Container.php(1241): Illuminate\\Container\\Container->resolveClass(Object(ReflectionParameter))
#11 /Users/rahmattanri/Documents/Project Code/raporppsr-deploy/vendor/laravel/framework/src/Illuminate/Container/Container.php(1162): Illuminate\\Container\\Container->resolveDependencies(Array)
#12 /Users/rahmattanri/Documents/Project Code/raporppsr-deploy/vendor/laravel/framework/src/Illuminate/Container/Container.php(933): Illuminate\\Container\\Container->build('Illuminate\\\\Cook...')
#13 /Users/rahmattanri/Documents/Project Code/raporppsr-deploy/vendor/laravel/framework/src/Illuminate/Foundation/Application.php(1078): Illuminate\\Container\\Container->resolve('Illuminate\\\\Cook...', Array, true)
#14 /Users/rahmattanri/Documents/Project Code/raporppsr-deploy/vendor/laravel/framework/src/Illuminate/Container/Container.php(864): Illuminate\\Foundation\\Application->resolve('Illuminate\\\\Cook...', Array)
#15 /Users/rahmattanri/Documents/Project Code/raporppsr-deploy/vendor/laravel/framework/src/Illuminate/Foundation/Application.php(1058): Illuminate\\Container\\Container->make('Illuminate\\\\Cook...', Array)
#16 /Users/rahmattanri/Documents/Project Code/raporppsr-deploy/vendor/laravel/framework/src/Illuminate/Pipeline/Pipeline.php(208): Illuminate\\Foundation\\Application->make('Illuminate\\\\Cook...')
#17 /Users/rahmattanri/Documents/Project Code/raporppsr-deploy/vendor/laravel/framework/src/Illuminate/Pipeline/Pipeline.php(137): Illuminate\\Pipeline\\Pipeline->{closure:{closure:Illuminate\\Pipeline\\Pipeline::carry():194}:195}(Object(Illuminate\\Http\\Request))
#18 /Users/rahmattanri/Documents/Project Code/raporppsr-deploy/vendor/laravel/framework/src/Illuminate/Routing/Router.php(821): Illuminate\\Pipeline\\Pipeline->then(Object(Closure))
#19 /Users/rahmattanri/Documents/Project Code/raporppsr-deploy/vendor/laravel/framework/src/Illuminate/Routing/Router.php(800): Illuminate\\Routing\\Router->runRouteWithinStack(Object(Illuminate\\Routing\\Route), Object(Illuminate\\Http\\Request))
#20 /Users/rahmattanri/Documents/Project Code/raporppsr-deploy/vendor/laravel/framework/src/Illuminate/Routing/Router.php(764): Illuminate\\Routing\\Router->runRoute(Object(Illuminate\\Http\\Request), Object(Illuminate\\Routing\\Route))
#21 /Users/rahmattanri/Documents/Project Code/raporppsr-deploy/vendor/laravel/framework/src/Illuminate/Routing/Router.php(753): Illuminate\\Routing\\Router->dispatchToRoute(Object(Illuminate\\Http\\Request))
#22 /Users/rahmattanri/Documents/Project Code/raporppsr-deploy/vendor/laravel/framework/src/Illuminate/Foundation/Http/Kernel.php(200): Illuminate\\Routing\\Router->dispatch(Object(Illuminate\\Http\\Request))
#23 /Users/rahmattanri/Documents/Project Code/raporppsr-deploy/vendor/laravel/framework/src/Illuminate/Pipeline/Pipeline.php(180): Illuminate\\Foundation\\Http\\Kernel->{closure:Illuminate\\Foundation\\Http\\Kernel::dispatchToRouter():197}(Object(Illuminate\\Http\\Request))
#24 /Users/rahmattanri/Documents/Project Code/raporppsr-deploy/vendor/livewire/livewire/src/Features/SupportDisablingBackButtonCache/DisableBackButtonCacheMiddleware.php(19): Illuminate\\Pipeline\\Pipeline->{closure:Illuminate\\Pipeline\\Pipeline::prepareDestination():178}(Object(Illuminate\\Http\\Request))
#25 /Users/rahmattanri/Documents/Project Code/raporppsr-deploy/vendor/laravel/framework/src/Illuminate/Pipeline/Pipeline.php(219): Livewire\\Features\\SupportDisablingBackButtonCache\\DisableBackButtonCacheMiddleware->handle(Object(Illuminate\\Http\\Request), Object(Closure))
#26 /Users/rahmattanri/Documents/Project Code/raporppsr-deploy/vendor/laravel/framework/src/Illuminate/Foundation/Http/Middleware/TransformsRequest.php(21): Illuminate\\Pipeline\\Pipeline->{closure:{closure:Illuminate\\Pipeline\\Pipeline::carry():194}:195}(Object(Illuminate\\Http\\Request))
#27 /Users/rahmattanri/Documents/Project Code/raporppsr-deploy/vendor/laravel/framework/src/Illuminate/Foundation/Http/Middleware/ConvertEmptyStringsToNull.php(31): Illuminate\\Foundation\\Http\\Middleware\\TransformsRequest->handle(Object(Illuminate\\Http\\Request), Object(Closure))
#28 /Users/rahmattanri/Documents/Project Code/raporppsr-deploy/vendor/laravel/framework/src/Illuminate/Pipeline/Pipeline.php(219): Illuminate\\Foundation\\Http\\Middleware\\ConvertEmptyStringsToNull->handle(Object(Illuminate\\Http\\Request), Object(Closure))
#29 /Users/rahmattanri/Documents/Project Code/raporppsr-deploy/vendor/laravel/framework/src/Illuminate/Foundation/Http/Middleware/TransformsRequest.php(21): Illuminate\\Pipeline\\Pipeline->{closure:{closure:Illuminate\\Pipeline\\Pipeline::carry():194}:195}(Object(Illuminate\\Http\\Request))
#30 /Users/rahmattanri/Documents/Project Code/raporppsr-deploy/vendor/laravel/framework/src/Illuminate/Foundation/Http/Middleware/TrimStrings.php(51): Illuminate\\Foundation\\Http\\Middleware\\TransformsRequest->handle(Object(Illuminate\\Http\\Request), Object(Closure))
#31 /Users/rahmattanri/Documents/Project Code/raporppsr-deploy/vendor/laravel/framework/src/Illuminate/Pipeline/Pipeline.php(219): Illuminate\\Foundation\\Http\\Middleware\\TrimStrings->handle(Object(Illuminate\\Http\\Request), Object(Closure))
#32 /Users/rahmattanri/Documents/Project Code/raporppsr-deploy/vendor/laravel/framework/src/Illuminate/Http/Middleware/ValidatePostSize.php(27): Illuminate\\Pipeline\\Pipeline->{closure:{closure:Illuminate\\Pipeline\\Pipeline::carry():194}:195}(Object(Illuminate\\Http\\Request))
#33 /Users/rahmattanri/Documents/Project Code/raporppsr-deploy/vendor/laravel/framework/src/Illuminate/Pipeline/Pipeline.php(219): Illuminate\\Http\\Middleware\\ValidatePostSize->handle(Object(Illuminate\\Http\\Request), Object(Closure))
#34 /Users/rahmattanri/Documents/Project Code/raporppsr-deploy/vendor/laravel/framework/src/Illuminate/Foundation/Http/Middleware/PreventRequestsDuringMaintenance.php(109): Illuminate\\Pipeline\\Pipeline->{closure:{closure:Illuminate\\Pipeline\\Pipeline::carry():194}:195}(Object(Illuminate\\Http\\Request))
#35 /Users/rahmattanri/Documents/Project Code/raporppsr-deploy/vendor/laravel/framework/src/Illuminate/Pipeline/Pipeline.php(219): Illuminate\\Foundation\\Http\\Middleware\\PreventRequestsDuringMaintenance->handle(Object(Illuminate\\Http\\Request), Object(Closure))
#36 /Users/rahmattanri/Documents/Project Code/raporppsr-deploy/vendor/laravel/framework/src/Illuminate/Http/Middleware/HandleCors.php(61): Illuminate\\Pipeline\\Pipeline->{closure:{closure:Illuminate\\Pipeline\\Pipeline::carry():194}:195}(Object(Illuminate\\Http\\Request))
#37 /Users/rahmattanri/Documents/Project Code/raporppsr-deploy/vendor/laravel/framework/src/Illuminate/Pipeline/Pipeline.php(219): Illuminate\\Http\\Middleware\\HandleCors->handle(Object(Illuminate\\Http\\Request), Object(Closure))
#38 /Users/rahmattanri/Documents/Project Code/raporppsr-deploy/vendor/laravel/framework/src/Illuminate/Http/Middleware/TrustProxies.php(58): Illuminate\\Pipeline\\Pipeline->{closure:{closure:Illuminate\\Pipeline\\Pipeline::carry():194}:195}(Object(Illuminate\\Http\\Request))
#39 /Users/rahmattanri/Documents/Project Code/raporppsr-deploy/vendor/laravel/framework/src/Illuminate/Pipeline/Pipeline.php(219): Illuminate\\Http\\Middleware\\TrustProxies->handle(Object(Illuminate\\Http\\Request), Object(Closure))
#40 /Users/rahmattanri/Documents/Project Code/raporppsr-deploy/vendor/laravel/framework/src/Illuminate/Foundation/Http/Middleware/InvokeDeferredCallbacks.php(22): Illuminate\\Pipeline\\Pipeline->{closure:{closure:Illuminate\\Pipeline\\Pipeline::carry():194}:195}(Object(Illuminate\\Http\\Request))
#41 /Users/rahmattanri/Documents/Project Code/raporppsr-deploy/vendor/laravel/framework/src/Illuminate/Pipeline/Pipeline.php(219): Illuminate\\Foundation\\Http\\Middleware\\InvokeDeferredCallbacks->handle(Object(Illuminate\\Http\\Request), Object(Closure))
#42 /Users/rahmattanri/Documents/Project Code/raporppsr-deploy/vendor/laravel/framework/src/Illuminate/Http/Middleware/ValidatePathEncoding.php(26): Illuminate\\Pipeline\\Pipeline->{closure:{closure:Illuminate\\Pipeline\\Pipeline::carry():194}:195}(Object(Illuminate\\Http\\Request))
#43 /Users/rahmattanri/Documents/Project Code/raporppsr-deploy/vendor/laravel/framework/src/Illuminate/Pipeline/Pipeline.php(219): Illuminate\\Http\\Middleware\\ValidatePathEncoding->handle(Object(Illuminate\\Http\\Request), Object(Closure))
#44 /Users/rahmattanri/Documents/Project Code/raporppsr-deploy/vendor/laravel/framework/src/Illuminate/Pipeline/Pipeline.php(137): Illuminate\\Pipeline\\Pipeline->{closure:{closure:Illuminate\\Pipeline\\Pipeline::carry():194}:195}(Object(Illuminate\\Http\\Request))
#45 /Users/rahmattanri/Documents/Project Code/raporppsr-deploy/vendor/laravel/framework/src/Illuminate/Foundation/Http/Kernel.php(175): Illuminate\\Pipeline\\Pipeline->then(Object(Closure))
#46 /Users/rahmattanri/Documents/Project Code/raporppsr-deploy/vendor/laravel/framework/src/Illuminate/Foundation/Http/Kernel.php(144): Illuminate\\Foundation\\Http\\Kernel->sendRequestThroughRouter(Object(Illuminate\\Http\\Request))
#47 /Users/rahmattanri/Documents/Project Code/raporppsr-deploy/vendor/laravel/framework/src/Illuminate/Foundation/Application.php(1220): Illuminate\\Foundation\\Http\\Kernel->handle(Object(Illuminate\\Http\\Request))
#48 /Users/rahmattanri/Documents/Project Code/raporppsr-deploy/public/index.php(20): Illuminate\\Foundation\\Application->handleRequest(Object(Illuminate\\Http\\Request))
#49 /Users/rahmattanri/Documents/Project Code/raporppsr-deploy/vendor/laravel/framework/src/Illuminate/Foundation/resources/server.php(23): require_once('/Users/rahmatta...')
#50 {main}
"} 
[2026-03-15 02:06:28] local.ERROR: No application encryption key has been specified. {"exception":"[object] (Illuminate\\Encryption\\MissingAppKeyException(code: 0): No application encryption key has been specified. at /Users/rahmattanri/Documents/Project Code/raporppsr-deploy/vendor/laravel/framework/src/Illuminate/Encryption/EncryptionServiceProvider.php:83)
[stacktrace]
#0 /Users/rahmattanri/Documents/Project Code/raporppsr-deploy/vendor/laravel/framework/src/Illuminate/Support/helpers.php(390): Illuminate\\Encryption\\EncryptionServiceProvider->{closure:Illuminate\\Encryption\\EncryptionServiceProvider::key():81}('')
#1 /Users/rahmattanri/Documents/Project Code/raporppsr-deploy/vendor/laravel/framework/src/Illuminate/Encryption/EncryptionServiceProvider.php(81): tap('', Object(Closure))
#2 /Users/rahmattanri/Documents/Project Code/raporppsr-deploy/vendor/laravel/framework/src/Illuminate/Encryption/EncryptionServiceProvider.php(64): Illuminate\\Encryption\\EncryptionServiceProvider->key(Array)
#3 /Users/rahmattanri/Documents/Project Code/raporppsr-deploy/vendor/laravel/framework/src/Illuminate/Encryption/EncryptionServiceProvider.php(32): Illuminate\\Encryption\\EncryptionServiceProvider->parseKey(Array)
#4 /Users/rahmattanri/Documents/Project Code/raporppsr-deploy/vendor/laravel/framework/src/Illuminate/Container/Container.php(1115): Illuminate\\Encryption\\EncryptionServiceProvider->{closure:Illuminate\\Encryption\\EncryptionServiceProvider::registerEncrypter():29}(Object(Illuminate\\Foundation\\Application), Array)
#5 /Users/rahmattanri/Documents/Project Code/raporppsr-deploy/vendor/laravel/framework/src/Illuminate/Container/Container.php(933): Illuminate\\Container\\Container->build(Object(Closure))
#6 /Users/rahmattanri/Documents/Project Code/raporppsr-deploy/vendor/laravel/framework/src/Illuminate/Foundation/Application.php(1078): Illuminate\\Container\\Container->resolve('encrypter', Array, true)
#7 /Users/rahmattanri/Documents/Project Code/raporppsr-deploy/vendor/laravel/framework/src/Illuminate/Container/Container.php(864): Illuminate\\Foundation\\Application->resolve('encrypter', Array)
#8 /Users/rahmattanri/Documents/Project Code/raporppsr-deploy/vendor/laravel/framework/src/Illuminate/Foundation/Application.php(1058): Illuminate\\Container\\Container->make('encrypter', Array)
#9 /Users/rahmattanri/Documents/Project Code/raporppsr-deploy/vendor/laravel/framework/src/Illuminate/Container/Container.php(1340): Illuminate\\Foundation\\Application->make('encrypter')
#10 /Users/rahmattanri/Documents/Project Code/raporppsr-deploy/vendor/laravel/framework/src/Illuminate/Container/Container.php(1241): Illuminate\\Container\\Container->resolveClass(Object(ReflectionParameter))
#11 /Users/rahmattanri/Documents/Project Code/raporppsr-deploy/vendor/laravel/framework/src/Illuminate/Container/Container.php(1162): Illuminate\\Container\\Container->resolveDependencies(Array)
#12 /Users/rahmattanri/Documents/Project Code/raporppsr-deploy/vendor/laravel/framework/src/Illuminate/Container/Container.php(933): Illuminate\\Container\\Container->build('Illuminate\\\\Cook...')
#13 /Users/rahmattanri/Documents/Project Code/raporppsr-deploy/vendor/laravel/framework/src/Illuminate/Foundation/Application.php(1078): Illuminate\\Container\\Container->resolve('Illuminate\\\\Cook...', Array, true)
#14 /Users/rahmattanri/Documents/Project Code/raporppsr-deploy/vendor/laravel/framework/src/Illuminate/Container/Container.php(864): Illuminate\\Foundation\\Application->resolve('Illuminate\\\\Cook...', Array)
#15 /Users/rahmattanri/Documents/Project Code/raporppsr-deploy/vendor/laravel/framework/src/Illuminate/Foundation/Application.php(1058): Illuminate\\Container\\Container->make('Illuminate\\\\Cook...', Array)
#16 /Users/rahmattanri/Documents/Project Code/raporppsr-deploy/vendor/laravel/framework/src/Illuminate/Foundation/Http/Kernel.php(257): Illuminate\\Foundation\\Application->make('Illuminate\\\\Cook...')
#17 /Users/rahmattanri/Documents/Project Code/raporppsr-deploy/vendor/laravel/framework/src/Illuminate/Foundation/Http/Kernel.php(215): Illuminate\\Foundation\\Http\\Kernel->terminateMiddleware(Object(Illuminate\\Http\\Request), Object(Illuminate\\Http\\Response))
#18 /Users/rahmattanri/Documents/Project Code/raporppsr-deploy/vendor/laravel/framework/src/Illuminate/Foundation/Application.php(1222): Illuminate\\Foundation\\Http\\Kernel->terminate(Object(Illuminate\\Http\\Request), Object(Illuminate\\Http\\Response))
#19 /Users/rahmattanri/Documents/Project Code/raporppsr-deploy/public/index.php(20): Illuminate\\Foundation\\Application->handleRequest(Object(Illuminate\\Http\\Request))
#20 /Users/rahmattanri/Documents/Project Code/raporppsr-deploy/vendor/laravel/framework/src/Illuminate/Foundation/resources/server.php(23): require_once('/Users/rahmatta...')
#21 {main}
"} 
[2026-03-15 02:23:00] local.ERROR: SQLSTATE[HY000]: General error: 1553 Cannot drop index 'guru_mapel_kelas_unique': needed in a foreign key constraint (Connection: mysql, Host: 127.0.0.1, Port: 3306, Database: raporappdeploy, SQL: alter table `guru_mata_pelajaran` drop index `guru_mapel_kelas_unique`) {"exception":"[object] (Illuminate\\Database\\QueryException(code: HY000): SQLSTATE[HY000]: General error: 1553 Cannot drop index 'guru_mapel_kelas_unique': needed in a foreign key constraint (Connection: mysql, Host: 127.0.0.1, Port: 3306, Database: raporappdeploy, SQL: alter table `guru_mata_pelajaran` drop index `guru_mapel_kelas_unique`) at /Users/rahmattanri/Documents/Project Code/raporppsr-deploy/vendor/laravel/framework/src/Illuminate/Database/Connection.php:838)
[stacktrace]
#0 /Users/rahmattanri/Documents/Project Code/raporppsr-deploy/vendor/laravel/framework/src/Illuminate/Database/Connection.php(794): Illuminate\\Database\\Connection->runQueryCallback('alter table `gu...', Array, Object(Closure))
#1 /Users/rahmattanri/Documents/Project Code/raporppsr-deploy/vendor/laravel/framework/src/Illuminate/Database/Connection.php(573): Illuminate\\Database\\Connection->run('alter table `gu...', Array, Object(Closure))
#2 /Users/rahmattanri/Documents/Project Code/raporppsr-deploy/vendor/laravel/framework/src/Illuminate/Database/Schema/Blueprint.php(121): Illuminate\\Database\\Connection->statement('alter table `gu...')
#3 /Users/rahmattanri/Documents/Project Code/raporppsr-deploy/vendor/laravel/framework/src/Illuminate/Database/Schema/Builder.php(684): Illuminate\\Database\\Schema\\Blueprint->build()
#4 /Users/rahmattanri/Documents/Project Code/raporppsr-deploy/vendor/laravel/framework/src/Illuminate/Database/Schema/Builder.php(494): Illuminate\\Database\\Schema\\Builder->build(Object(Illuminate\\Database\\Schema\\Blueprint))
#5 /Users/rahmattanri/Documents/Project Code/raporppsr-deploy/vendor/laravel/framework/src/Illuminate/Support/Facades/Facade.php(363): Illuminate\\Database\\Schema\\Builder->table('guru_mata_pelaj...', Object(Closure))
#6 /Users/rahmattanri/Documents/Project Code/raporppsr-deploy/database/migrations/2026_03_15_000001_change_kelas_id_to_tingkat_in_guru_mata_pelajaran_table.php(15): Illuminate\\Support\\Facades\\Facade::__callStatic('table', Array)
#7 /Users/rahmattanri/Documents/Project Code/raporppsr-deploy/vendor/laravel/framework/src/Illuminate/Database/Migrations/Migrator.php(517): Illuminate\\Database\\Migrations\\Migration@anonymous->up()
#8 /Users/rahmattanri/Documents/Project Code/raporppsr-deploy/vendor/laravel/framework/src/Illuminate/Database/Migrations/Migrator.php(442): Illuminate\\Database\\Migrations\\Migrator->runMethod(Object(Illuminate\\Database\\MySqlConnection), Object(Illuminate\\Database\\Migrations\\Migration@anonymous), 'up')
#9 /Users/rahmattanri/Documents/Project Code/raporppsr-deploy/vendor/laravel/framework/src/Illuminate/Database/Migrations/Migrator.php(451): Illuminate\\Database\\Migrations\\Migrator->{closure:Illuminate\\Database\\Migrations\\Migrator::runMigration():438}()
#10 /Users/rahmattanri/Documents/Project Code/raporppsr-deploy/vendor/laravel/framework/src/Illuminate/Database/Migrations/Migrator.php(253): Illuminate\\Database\\Migrations\\Migrator->runMigration(Object(Illuminate\\Database\\Migrations\\Migration@anonymous), 'up')
#11 /Users/rahmattanri/Documents/Project Code/raporppsr-deploy/vendor/laravel/framework/src/Illuminate/Console/View/Components/Task.php(41): Illuminate\\Database\\Migrations\\Migrator->{closure:Illuminate\\Database\\Migrations\\Migrator::runUp():253}()
#12 /Users/rahmattanri/Documents/Project Code/raporppsr-deploy/vendor/laravel/framework/src/Illuminate/Database/Migrations/Migrator.php(812): Illuminate\\Console\\View\\Components\\Task->render('2026_03_15_0000...', Object(Closure))
#13 /Users/rahmattanri/Documents/Project Code/raporppsr-deploy/vendor/laravel/framework/src/Illuminate/Database/Migrations/Migrator.php(253): Illuminate\\Database\\Migrations\\Migrator->write('Illuminate\\\\Cons...', '2026_03_15_0000...', Object(Closure))
#14 /Users/rahmattanri/Documents/Project Code/raporppsr-deploy/vendor/laravel/framework/src/Illuminate/Database/Migrations/Migrator.php(211): Illuminate\\Database\\Migrations\\Migrator->runUp('/Users/rahmatta...', 14, false)
#15 /Users/rahmattanri/Documents/Project Code/raporppsr-deploy/vendor/laravel/framework/src/Illuminate/Database/Migrations/Migrator.php(138): Illuminate\\Database\\Migrations\\Migrator->runPending(Array, Array)
#16 /Users/rahmattanri/Documents/Project Code/raporppsr-deploy/vendor/laravel/framework/src/Illuminate/Database/Console/Migrations/MigrateCommand.php(116): Illuminate\\Database\\Migrations\\Migrator->run(Array, Array)
#17 /Users/rahmattanri/Documents/Project Code/raporppsr-deploy/vendor/laravel/framework/src/Illuminate/Database/Migrations/Migrator.php(669): Illuminate\\Database\\Console\\Migrations\\MigrateCommand->{closure:Illuminate\\Database\\Console\\Migrations\\MigrateCommand::runMigrations():109}()
#18 /Users/rahmattanri/Documents/Project Code/raporppsr-deploy/vendor/laravel/framework/src/Illuminate/Database/Console/Migrations/MigrateCommand.php(109): Illuminate\\Database\\Migrations\\Migrator->usingConnection(NULL, Object(Closure))
#19 /Users/rahmattanri/Documents/Project Code/raporppsr-deploy/vendor/laravel/framework/src/Illuminate/Database/Console/Migrations/MigrateCommand.php(88): Illuminate\\Database\\Console\\Migrations\\MigrateCommand->runMigrations()
#20 /Users/rahmattanri/Documents/Project Code/raporppsr-deploy/vendor/laravel/framework/src/Illuminate/Container/BoundMethod.php(36): Illuminate\\Database\\Console\\Migrations\\MigrateCommand->handle()
#21 /Users/rahmattanri/Documents/Project Code/raporppsr-deploy/vendor/laravel/framework/src/Illuminate/Container/Util.php(43): Illuminate\\Container\\BoundMethod::{closure:Illuminate\\Container\\BoundMethod::call():35}()
#22 /Users/rahmattanri/Documents/Project Code/raporppsr-deploy/vendor/laravel/framework/src/Illuminate/Container/BoundMethod.php(96): Illuminate\\Container\\Util::unwrapIfClosure(Object(Closure))
#23 /Users/rahmattanri/Documents/Project Code/raporppsr-deploy/vendor/laravel/framework/src/Illuminate/Container/BoundMethod.php(35): Illuminate\\Container\\BoundMethod::callBoundMethod(Object(Illuminate\\Foundation\\Application), Array, Object(Closure))
#24 /Users/rahmattanri/Documents/Project Code/raporppsr-deploy/vendor/laravel/framework/src/Illuminate/Container/Container.php(799): Illuminate\\Container\\BoundMethod::call(Object(Illuminate\\Foundation\\Application), Array, Array, NULL)
#25 /Users/rahmattanri/Documents/Project Code/raporppsr-deploy/vendor/laravel/framework/src/Illuminate/Console/Command.php(211): Illuminate\\Container\\Container->call(Array)
#26 /Users/rahmattanri/Documents/Project Code/raporppsr-deploy/vendor/symfony/console/Command/Command.php(341): Illuminate\\Console\\Command->execute(Object(Symfony\\Component\\Console\\Input\\ArgvInput), Object(Illuminate\\Console\\OutputStyle))
#27 /Users/rahmattanri/Documents/Project Code/raporppsr-deploy/vendor/laravel/framework/src/Illuminate/Console/Command.php(180): Symfony\\Component\\Console\\Command\\Command->run(Object(Symfony\\Component\\Console\\Input\\ArgvInput), Object(Illuminate\\Console\\OutputStyle))
#28 /Users/rahmattanri/Documents/Project Code/raporppsr-deploy/vendor/symfony/console/Application.php(1102): Illuminate\\Console\\Command->run(Object(Symfony\\Component\\Console\\Input\\ArgvInput), Object(Symfony\\Component\\Console\\Output\\ConsoleOutput))
#29 /Users/rahmattanri/Documents/Project Code/raporppsr-deploy/vendor/symfony/console/Application.php(356): Symfony\\Component\\Console\\Application->doRunCommand(Object(Illuminate\\Database\\Console\\Migrations\\MigrateCommand), Object(Symfony\\Component\\Console\\Input\\ArgvInput), Object(Symfony\\Component\\Console\\Output\\ConsoleOutput))
#30 /Users/rahmattanri/Documents/Project Code/raporppsr-deploy/vendor/symfony/console/Application.php(195): Symfony\\Component\\Console\\Application->doRun(Object(Symfony\\Component\\Console\\Input\\ArgvInput), Object(Symfony\\Component\\Console\\Output\\ConsoleOutput))
#31 /Users/rahmattanri/Documents/Project Code/raporppsr-deploy/vendor/laravel/framework/src/Illuminate/Foundation/Console/Kernel.php(198): Symfony\\Component\\Console\\Application->run(Object(Symfony\\Component\\Console\\Input\\ArgvInput), Object(Symfony\\Component\\Console\\Output\\ConsoleOutput))
#32 /Users/rahmattanri/Documents/Project Code/raporppsr-deploy/vendor/laravel/framework/src/Illuminate/Foundation/Application.php(1235): Illuminate\\Foundation\\Console\\Kernel->handle(Object(Symfony\\Component\\Console\\Input\\ArgvInput), Object(Symfony\\Component\\Console\\Output\\ConsoleOutput))
#33 /Users/rahmattanri/Documents/Project Code/raporppsr-deploy/artisan(16): Illuminate\\Foundation\\Application->handleCommand(Object(Symfony\\Component\\Console\\Input\\ArgvInput))
#34 {main}

[previous exception] [object] (PDOException(code: HY000): SQLSTATE[HY000]: General error: 1553 Cannot drop index 'guru_mapel_kelas_unique': needed in a foreign key constraint at /Users/rahmattanri/Documents/Project Code/raporppsr-deploy/vendor/laravel/framework/src/Illuminate/Database/Connection.php:584)
[stacktrace]
#0 /Users/rahmattanri/Documents/Project Code/raporppsr-deploy/vendor/laravel/framework/src/Illuminate/Database/Connection.php(584): PDOStatement->execute()
#1 /Users/rahmattanri/Documents/Project Code/raporppsr-deploy/vendor/laravel/framework/src/Illuminate/Database/Connection.php(827): Illuminate\\Database\\Connection->{closure:Illuminate\\Database\\Connection::statement():573}('alter table `gu...', Array)
#2 /Users/rahmattanri/Documents/Project Code/raporppsr-deploy/vendor/laravel/framework/src/Illuminate/Database/Connection.php(794): Illuminate\\Database\\Connection->runQueryCallback('alter table `gu...', Array, Object(Closure))
#3 /Users/rahmattanri/Documents/Project Code/raporppsr-deploy/vendor/laravel/framework/src/Illuminate/Database/Connection.php(573): Illuminate\\Database\\Connection->run('alter table `gu...', Array, Object(Closure))
#4 /Users/rahmattanri/Documents/Project Code/raporppsr-deploy/vendor/laravel/framework/src/Illuminate/Database/Schema/Blueprint.php(121): Illuminate\\Database\\Connection->statement('alter table `gu...')
#5 /Users/rahmattanri/Documents/Project Code/raporppsr-deploy/vendor/laravel/framework/src/Illuminate/Database/Schema/Builder.php(684): Illuminate\\Database\\Schema\\Blueprint->build()
#6 /Users/rahmattanri/Documents/Project Code/raporppsr-deploy/vendor/laravel/framework/src/Illuminate/Database/Schema/Builder.php(494): Illuminate\\Database\\Schema\\Builder->build(Object(Illuminate\\Database\\Schema\\Blueprint))
#7 /Users/rahmattanri/Documents/Project Code/raporppsr-deploy/vendor/laravel/framework/src/Illuminate/Support/Facades/Facade.php(363): Illuminate\\Database\\Schema\\Builder->table('guru_mata_pelaj...', Object(Closure))
#8 /Users/rahmattanri/Documents/Project Code/raporppsr-deploy/database/migrations/2026_03_15_000001_change_kelas_id_to_tingkat_in_guru_mata_pelajaran_table.php(15): Illuminate\\Support\\Facades\\Facade::__callStatic('table', Array)
#9 /Users/rahmattanri/Documents/Project Code/raporppsr-deploy/vendor/laravel/framework/src/Illuminate/Database/Migrations/Migrator.php(517): Illuminate\\Database\\Migrations\\Migration@anonymous->up()
#10 /Users/rahmattanri/Documents/Project Code/raporppsr-deploy/vendor/laravel/framework/src/Illuminate/Database/Migrations/Migrator.php(442): Illuminate\\Database\\Migrations\\Migrator->runMethod(Object(Illuminate\\Database\\MySqlConnection), Object(Illuminate\\Database\\Migrations\\Migration@anonymous), 'up')
#11 /Users/rahmattanri/Documents/Project Code/raporppsr-deploy/vendor/laravel/framework/src/Illuminate/Database/Migrations/Migrator.php(451): Illuminate\\Database\\Migrations\\Migrator->{closure:Illuminate\\Database\\Migrations\\Migrator::runMigration():438}()
#12 /Users/rahmattanri/Documents/Project Code/raporppsr-deploy/vendor/laravel/framework/src/Illuminate/Database/Migrations/Migrator.php(253): Illuminate\\Database\\Migrations\\Migrator->runMigration(Object(Illuminate\\Database\\Migrations\\Migration@anonymous), 'up')
#13 /Users/rahmattanri/Documents/Project Code/raporppsr-deploy/vendor/laravel/framework/src/Illuminate/Console/View/Components/Task.php(41): Illuminate\\Database\\Migrations\\Migrator->{closure:Illuminate\\Database\\Migrations\\Migrator::runUp():253}()
#14 /Users/rahmattanri/Documents/Project Code/raporppsr-deploy/vendor/laravel/framework/src/Illuminate/Database/Migrations/Migrator.php(812): Illuminate\\Console\\View\\Components\\Task->render('2026_03_15_0000...', Object(Closure))
#15 /Users/rahmattanri/Documents/Project Code/raporppsr-deploy/vendor/laravel/framework/src/Illuminate/Database/Migrations/Migrator.php(253): Illuminate\\Database\\Migrations\\Migrator->write('Illuminate\\\\Cons...', '2026_03_15_0000...', Object(Closure))
#16 /Users/rahmattanri/Documents/Project Code/raporppsr-deploy/vendor/laravel/framework/src/Illuminate/Database/Migrations/Migrator.php(211): Illuminate\\Database\\Migrations\\Migrator->runUp('/Users/rahmatta...', 14, false)
#17 /Users/rahmattanri/Documents/Project Code/raporppsr-deploy/vendor/laravel/framework/src/Illuminate/Database/Migrations/Migrator.php(138): Illuminate\\Database\\Migrations\\Migrator->runPending(Array, Array)
#18 /Users/rahmattanri/Documents/Project Code/raporppsr-deploy/vendor/laravel/framework/src/Illuminate/Database/Console/Migrations/MigrateCommand.php(116): Illuminate\\Database\\Migrations\\Migrator->run(Array, Array)
#19 /Users/rahmattanri/Documents/Project Code/raporppsr-deploy/vendor/laravel/framework/src/Illuminate/Database/Migrations/Migrator.php(669): Illuminate\\Database\\Console\\Migrations\\MigrateCommand->{closure:Illuminate\\Database\\Console\\Migrations\\MigrateCommand::runMigrations():109}()
#20 /Users/rahmattanri/Documents/Project Code/raporppsr-deploy/vendor/laravel/framework/src/Illuminate/Database/Console/Migrations/MigrateCommand.php(109): Illuminate\\Database\\Migrations\\Migrator->usingConnection(NULL, Object(Closure))
#21 /Users/rahmattanri/Documents/Project Code/raporppsr-deploy/vendor/laravel/framework/src/Illuminate/Database/Console/Migrations/MigrateCommand.php(88): Illuminate\\Database\\Console\\Migrations\\MigrateCommand->runMigrations()
#22 /Users/rahmattanri/Documents/Project Code/raporppsr-deploy/vendor/laravel/framework/src/Illuminate/Container/BoundMethod.php(36): Illuminate\\Database\\Console\\Migrations\\MigrateCommand->handle()
#23 /Users/rahmattanri/Documents/Project Code/raporppsr-deploy/vendor/laravel/framework/src/Illuminate/Container/Util.php(43): Illuminate\\Container\\BoundMethod::{closure:Illuminate\\Container\\BoundMethod::call():35}()
#24 /Users/rahmattanri/Documents/Project Code/raporppsr-deploy/vendor/laravel/framework/src/Illuminate/Container/BoundMethod.php(96): Illuminate\\Container\\Util::unwrapIfClosure(Object(Closure))
#25 /Users/rahmattanri/Documents/Project Code/raporppsr-deploy/vendor/laravel/framework/src/Illuminate/Container/BoundMethod.php(35): Illuminate\\Container\\BoundMethod::callBoundMethod(Object(Illuminate\\Foundation\\Application), Array, Object(Closure))
#26 /Users/rahmattanri/Documents/Project Code/raporppsr-deploy/vendor/laravel/framework/src/Illuminate/Container/Container.php(799): Illuminate\\Container\\BoundMethod::call(Object(Illuminate\\Foundation\\Application), Array, Array, NULL)
#27 /Users/rahmattanri/Documents/Project Code/raporppsr-deploy/vendor/laravel/framework/src/Illuminate/Console/Command.php(211): Illuminate\\Container\\Container->call(Array)
#28 /Users/rahmattanri/Documents/Project Code/raporppsr-deploy/vendor/symfony/console/Command/Command.php(341): Illuminate\\Console\\Command->execute(Object(Symfony\\Component\\Console\\Input\\ArgvInput), Object(Illuminate\\Console\\OutputStyle))
#29 /Users/rahmattanri/Documents/Project Code/raporppsr-deploy/vendor/laravel/framework/src/Illuminate/Console/Command.php(180): Symfony\\Component\\Console\\Command\\Command->run(Object(Symfony\\Component\\Console\\Input\\ArgvInput), Object(Illuminate\\Console\\OutputStyle))
#30 /Users/rahmattanri/Documents/Project Code/raporppsr-deploy/vendor/symfony/console/Application.php(1102): Illuminate\\Console\\Command->run(Object(Symfony\\Component\\Console\\Input\\ArgvInput), Object(Symfony\\Component\\Console\\Output\\ConsoleOutput))
#31 /Users/rahmattanri/Documents/Project Code/raporppsr-deploy/vendor/symfony/console/Application.php(356): Symfony\\Component\\Console\\Application->doRunCommand(Object(Illuminate\\Database\\Console\\Migrations\\MigrateCommand), Object(Symfony\\Component\\Console\\Input\\ArgvInput), Object(Symfony\\Component\\Console\\Output\\ConsoleOutput))
#32 /Users/rahmattanri/Documents/Project Code/raporppsr-deploy/vendor/symfony/console/Application.php(195): Symfony\\Component\\Console\\Application->doRun(Object(Symfony\\Component\\Console\\Input\\ArgvInput), Object(Symfony\\Component\\Console\\Output\\ConsoleOutput))
#33 /Users/rahmattanri/Documents/Project Code/raporppsr-deploy/vendor/laravel/framework/src/Illuminate/Foundation/Console/Kernel.php(198): Symfony\\Component\\Console\\Application->run(Object(Symfony\\Component\\Console\\Input\\ArgvInput), Object(Symfony\\Component\\Console\\Output\\ConsoleOutput))
#34 /Users/rahmattanri/Documents/Project Code/raporppsr-deploy/vendor/laravel/framework/src/Illuminate/Foundation/Application.php(1235): Illuminate\\Foundation\\Console\\Kernel->handle(Object(Symfony\\Component\\Console\\Input\\ArgvInput), Object(Symfony\\Component\\Console\\Output\\ConsoleOutput))
#35 /Users/rahmattanri/Documents/Project Code/raporppsr-deploy/artisan(16): Illuminate\\Foundation\\Application->handleCommand(Object(Symfony\\Component\\Console\\Input\\ArgvInput))
#36 {main}
"} 
[2026-03-15 02:23:24] local.ERROR: SQLSTATE[HY000]: General error: 1553 Cannot drop index 'guru_mapel_kelas_unique': needed in a foreign key constraint (Connection: mysql, Host: 127.0.0.1, Port: 3306, Database: raporappdeploy, SQL: alter table `guru_mata_pelajaran` drop index `guru_mapel_kelas_unique`) {"exception":"[object] (Illuminate\\Database\\QueryException(code: HY000): SQLSTATE[HY000]: General error: 1553 Cannot drop index 'guru_mapel_kelas_unique': needed in a foreign key constraint (Connection: mysql, Host: 127.0.0.1, Port: 3306, Database: raporappdeploy, SQL: alter table `guru_mata_pelajaran` drop index `guru_mapel_kelas_unique`) at /Users/rahmattanri/Documents/Project Code/raporppsr-deploy/vendor/laravel/framework/src/Illuminate/Database/Connection.php:838)
[stacktrace]
#0 /Users/rahmattanri/Documents/Project Code/raporppsr-deploy/vendor/laravel/framework/src/Illuminate/Database/Connection.php(794): Illuminate\\Database\\Connection->runQueryCallback('alter table `gu...', Array, Object(Closure))
#1 /Users/rahmattanri/Documents/Project Code/raporppsr-deploy/vendor/laravel/framework/src/Illuminate/Database/Connection.php(573): Illuminate\\Database\\Connection->run('alter table `gu...', Array, Object(Closure))
#2 /Users/rahmattanri/Documents/Project Code/raporppsr-deploy/vendor/laravel/framework/src/Illuminate/Database/Schema/Blueprint.php(121): Illuminate\\Database\\Connection->statement('alter table `gu...')
#3 /Users/rahmattanri/Documents/Project Code/raporppsr-deploy/vendor/laravel/framework/src/Illuminate/Database/Schema/Builder.php(684): Illuminate\\Database\\Schema\\Blueprint->build()
#4 /Users/rahmattanri/Documents/Project Code/raporppsr-deploy/vendor/laravel/framework/src/Illuminate/Database/Schema/Builder.php(494): Illuminate\\Database\\Schema\\Builder->build(Object(Illuminate\\Database\\Schema\\Blueprint))
#5 /Users/rahmattanri/Documents/Project Code/raporppsr-deploy/vendor/laravel/framework/src/Illuminate/Support/Facades/Facade.php(363): Illuminate\\Database\\Schema\\Builder->table('guru_mata_pelaj...', Object(Closure))
#6 /Users/rahmattanri/Documents/Project Code/raporppsr-deploy/database/migrations/2026_03_15_000001_change_kelas_id_to_tingkat_in_guru_mata_pelajaran_table.php(20): Illuminate\\Support\\Facades\\Facade::__callStatic('table', Array)
#7 /Users/rahmattanri/Documents/Project Code/raporppsr-deploy/vendor/laravel/framework/src/Illuminate/Database/Migrations/Migrator.php(517): Illuminate\\Database\\Migrations\\Migration@anonymous->up()
#8 /Users/rahmattanri/Documents/Project Code/raporppsr-deploy/vendor/laravel/framework/src/Illuminate/Database/Migrations/Migrator.php(442): Illuminate\\Database\\Migrations\\Migrator->runMethod(Object(Illuminate\\Database\\MySqlConnection), Object(Illuminate\\Database\\Migrations\\Migration@anonymous), 'up')
#9 /Users/rahmattanri/Documents/Project Code/raporppsr-deploy/vendor/laravel/framework/src/Illuminate/Database/Migrations/Migrator.php(451): Illuminate\\Database\\Migrations\\Migrator->{closure:Illuminate\\Database\\Migrations\\Migrator::runMigration():438}()
#10 /Users/rahmattanri/Documents/Project Code/raporppsr-deploy/vendor/laravel/framework/src/Illuminate/Database/Migrations/Migrator.php(253): Illuminate\\Database\\Migrations\\Migrator->runMigration(Object(Illuminate\\Database\\Migrations\\Migration@anonymous), 'up')
#11 /Users/rahmattanri/Documents/Project Code/raporppsr-deploy/vendor/laravel/framework/src/Illuminate/Console/View/Components/Task.php(41): Illuminate\\Database\\Migrations\\Migrator->{closure:Illuminate\\Database\\Migrations\\Migrator::runUp():253}()
#12 /Users/rahmattanri/Documents/Project Code/raporppsr-deploy/vendor/laravel/framework/src/Illuminate/Database/Migrations/Migrator.php(812): Illuminate\\Console\\View\\Components\\Task->render('2026_03_15_0000...', Object(Closure))
#13 /Users/rahmattanri/Documents/Project Code/raporppsr-deploy/vendor/laravel/framework/src/Illuminate/Database/Migrations/Migrator.php(253): Illuminate\\Database\\Migrations\\Migrator->write('Illuminate\\\\Cons...', '2026_03_15_0000...', Object(Closure))
#14 /Users/rahmattanri/Documents/Project Code/raporppsr-deploy/vendor/laravel/framework/src/Illuminate/Database/Migrations/Migrator.php(211): Illuminate\\Database\\Migrations\\Migrator->runUp('/Users/rahmatta...', 14, false)
#15 /Users/rahmattanri/Documents/Project Code/raporppsr-deploy/vendor/laravel/framework/src/Illuminate/Database/Migrations/Migrator.php(138): Illuminate\\Database\\Migrations\\Migrator->runPending(Array, Array)
#16 /Users/rahmattanri/Documents/Project Code/raporppsr-deploy/vendor/laravel/framework/src/Illuminate/Database/Console/Migrations/MigrateCommand.php(116): Illuminate\\Database\\Migrations\\Migrator->run(Array, Array)
#17 /Users/rahmattanri/Documents/Project Code/raporppsr-deploy/vendor/laravel/framework/src/Illuminate/Database/Migrations/Migrator.php(669): Illuminate\\Database\\Console\\Migrations\\MigrateCommand->{closure:Illuminate\\Database\\Console\\Migrations\\MigrateCommand::runMigrations():109}()
#18 /Users/rahmattanri/Documents/Project Code/raporppsr-deploy/vendor/laravel/framework/src/Illuminate/Database/Console/Migrations/MigrateCommand.php(109): Illuminate\\Database\\Migrations\\Migrator->usingConnection(NULL, Object(Closure))
#19 /Users/rahmattanri/Documents/Project Code/raporppsr-deploy/vendor/laravel/framework/src/Illuminate/Database/Console/Migrations/MigrateCommand.php(88): Illuminate\\Database\\Console\\Migrations\\MigrateCommand->runMigrations()
#20 /Users/rahmattanri/Documents/Project Code/raporppsr-deploy/vendor/laravel/framework/src/Illuminate/Container/BoundMethod.php(36): Illuminate\\Database\\Console\\Migrations\\MigrateCommand->handle()
#21 /Users/rahmattanri/Documents/Project Code/raporppsr-deploy/vendor/laravel/framework/src/Illuminate/Container/Util.php(43): Illuminate\\Container\\BoundMethod::{closure:Illuminate\\Container\\BoundMethod::call():35}()
#22 /Users/rahmattanri/Documents/Project Code/raporppsr-deploy/vendor/laravel/framework/src/Illuminate/Container/BoundMethod.php(96): Illuminate\\Container\\Util::unwrapIfClosure(Object(Closure))
#23 /Users/rahmattanri/Documents/Project Code/raporppsr-deploy/vendor/laravel/framework/src/Illuminate/Container/BoundMethod.php(35): Illuminate\\Container\\BoundMethod::callBoundMethod(Object(Illuminate\\Foundation\\Application), Array, Object(Closure))
#24 /Users/rahmattanri/Documents/Project Code/raporppsr-deploy/vendor/laravel/framework/src/Illuminate/Container/Container.php(799): Illuminate\\Container\\BoundMethod::call(Object(Illuminate\\Foundation\\Application), Array, Array, NULL)
#25 /Users/rahmattanri/Documents/Project Code/raporppsr-deploy/vendor/laravel/framework/src/Illuminate/Console/Command.php(211): Illuminate\\Container\\Container->call(Array)
#26 /Users/rahmattanri/Documents/Project Code/raporppsr-deploy/vendor/symfony/console/Command/Command.php(341): Illuminate\\Console\\Command->execute(Object(Symfony\\Component\\Console\\Input\\ArgvInput), Object(Illuminate\\Console\\OutputStyle))
#27 /Users/rahmattanri/Documents/Project Code/raporppsr-deploy/vendor/laravel/framework/src/Illuminate/Console/Command.php(180): Symfony\\Component\\Console\\Command\\Command->run(Object(Symfony\\Component\\Console\\Input\\ArgvInput), Object(Illuminate\\Console\\OutputStyle))
#28 /Users/rahmattanri/Documents/Project Code/raporppsr-deploy/vendor/symfony/console/Application.php(1102): Illuminate\\Console\\Command->run(Object(Symfony\\Component\\Console\\Input\\ArgvInput), Object(Symfony\\Component\\Console\\Output\\ConsoleOutput))
#29 /Users/rahmattanri/Documents/Project Code/raporppsr-deploy/vendor/symfony/console/Application.php(356): Symfony\\Component\\Console\\Application->doRunCommand(Object(Illuminate\\Database\\Console\\Migrations\\MigrateCommand), Object(Symfony\\Component\\Console\\Input\\ArgvInput), Object(Symfony\\Component\\Console\\Output\\ConsoleOutput))
#30 /Users/rahmattanri/Documents/Project Code/raporppsr-deploy/vendor/symfony/console/Application.php(195): Symfony\\Component\\Console\\Application->doRun(Object(Symfony\\Component\\Console\\Input\\ArgvInput), Object(Symfony\\Component\\Console\\Output\\ConsoleOutput))
#31 /Users/rahmattanri/Documents/Project Code/raporppsr-deploy/vendor/laravel/framework/src/Illuminate/Foundation/Console/Kernel.php(198): Symfony\\Component\\Console\\Application->run(Object(Symfony\\Component\\Console\\Input\\ArgvInput), Object(Symfony\\Component\\Console\\Output\\ConsoleOutput))
#32 /Users/rahmattanri/Documents/Project Code/raporppsr-deploy/vendor/laravel/framework/src/Illuminate/Foundation/Application.php(1235): Illuminate\\Foundation\\Console\\Kernel->handle(Object(Symfony\\Component\\Console\\Input\\ArgvInput), Object(Symfony\\Component\\Console\\Output\\ConsoleOutput))
#33 /Users/rahmattanri/Documents/Project Code/raporppsr-deploy/artisan(16): Illuminate\\Foundation\\Application->handleCommand(Object(Symfony\\Component\\Console\\Input\\ArgvInput))
#34 {main}

[previous exception] [object] (PDOException(code: HY000): SQLSTATE[HY000]: General error: 1553 Cannot drop index 'guru_mapel_kelas_unique': needed in a foreign key constraint at /Users/rahmattanri/Documents/Project Code/raporppsr-deploy/vendor/laravel/framework/src/Illuminate/Database/Connection.php:584)
[stacktrace]
#0 /Users/rahmattanri/Documents/Project Code/raporppsr-deploy/vendor/laravel/framework/src/Illuminate/Database/Connection.php(584): PDOStatement->execute()
#1 /Users/rahmattanri/Documents/Project Code/raporppsr-deploy/vendor/laravel/framework/src/Illuminate/Database/Connection.php(827): Illuminate\\Database\\Connection->{closure:Illuminate\\Database\\Connection::statement():573}('alter table `gu...', Array)
#2 /Users/rahmattanri/Documents/Project Code/raporppsr-deploy/vendor/laravel/framework/src/Illuminate/Database/Connection.php(794): Illuminate\\Database\\Connection->runQueryCallback('alter table `gu...', Array, Object(Closure))
#3 /Users/rahmattanri/Documents/Project Code/raporppsr-deploy/vendor/laravel/framework/src/Illuminate/Database/Connection.php(573): Illuminate\\Database\\Connection->run('alter table `gu...', Array, Object(Closure))
#4 /Users/rahmattanri/Documents/Project Code/raporppsr-deploy/vendor/laravel/framework/src/Illuminate/Database/Schema/Blueprint.php(121): Illuminate\\Database\\Connection->statement('alter table `gu...')
#5 /Users/rahmattanri/Documents/Project Code/raporppsr-deploy/vendor/laravel/framework/src/Illuminate/Database/Schema/Builder.php(684): Illuminate\\Database\\Schema\\Blueprint->build()
#6 /Users/rahmattanri/Documents/Project Code/raporppsr-deploy/vendor/laravel/framework/src/Illuminate/Database/Schema/Builder.php(494): Illuminate\\Database\\Schema\\Builder->build(Object(Illuminate\\Database\\Schema\\Blueprint))
#7 /Users/rahmattanri/Documents/Project Code/raporppsr-deploy/vendor/laravel/framework/src/Illuminate/Support/Facades/Facade.php(363): Illuminate\\Database\\Schema\\Builder->table('guru_mata_pelaj...', Object(Closure))
#8 /Users/rahmattanri/Documents/Project Code/raporppsr-deploy/database/migrations/2026_03_15_000001_change_kelas_id_to_tingkat_in_guru_mata_pelajaran_table.php(20): Illuminate\\Support\\Facades\\Facade::__callStatic('table', Array)
#9 /Users/rahmattanri/Documents/Project Code/raporppsr-deploy/vendor/laravel/framework/src/Illuminate/Database/Migrations/Migrator.php(517): Illuminate\\Database\\Migrations\\Migration@anonymous->up()
#10 /Users/rahmattanri/Documents/Project Code/raporppsr-deploy/vendor/laravel/framework/src/Illuminate/Database/Migrations/Migrator.php(442): Illuminate\\Database\\Migrations\\Migrator->runMethod(Object(Illuminate\\Database\\MySqlConnection), Object(Illuminate\\Database\\Migrations\\Migration@anonymous), 'up')
#11 /Users/rahmattanri/Documents/Project Code/raporppsr-deploy/vendor/laravel/framework/src/Illuminate/Database/Migrations/Migrator.php(451): Illuminate\\Database\\Migrations\\Migrator->{closure:Illuminate\\Database\\Migrations\\Migrator::runMigration():438}()
#12 /Users/rahmattanri/Documents/Project Code/raporppsr-deploy/vendor/laravel/framework/src/Illuminate/Database/Migrations/Migrator.php(253): Illuminate\\Database\\Migrations\\Migrator->runMigration(Object(Illuminate\\Database\\Migrations\\Migration@anonymous), 'up')
#13 /Users/rahmattanri/Documents/Project Code/raporppsr-deploy/vendor/laravel/framework/src/Illuminate/Console/View/Components/Task.php(41): Illuminate\\Database\\Migrations\\Migrator->{closure:Illuminate\\Database\\Migrations\\Migrator::runUp():253}()
#14 /Users/rahmattanri/Documents/Project Code/raporppsr-deploy/vendor/laravel/framework/src/Illuminate/Database/Migrations/Migrator.php(812): Illuminate\\Console\\View\\Components\\Task->render('2026_03_15_0000...', Object(Closure))
#15 /Users/rahmattanri/Documents/Project Code/raporppsr-deploy/vendor/laravel/framework/src/Illuminate/Database/Migrations/Migrator.php(253): Illuminate\\Database\\Migrations\\Migrator->write('Illuminate\\\\Cons...', '2026_03_15_0000...', Object(Closure))
#16 /Users/rahmattanri/Documents/Project Code/raporppsr-deploy/vendor/laravel/framework/src/Illuminate/Database/Migrations/Migrator.php(211): Illuminate\\Database\\Migrations\\Migrator->runUp('/Users/rahmatta...', 14, false)
#17 /Users/rahmattanri/Documents/Project Code/raporppsr-deploy/vendor/laravel/framework/src/Illuminate/Database/Migrations/Migrator.php(138): Illuminate\\Database\\Migrations\\Migrator->runPending(Array, Array)
#18 /Users/rahmattanri/Documents/Project Code/raporppsr-deploy/vendor/laravel/framework/src/Illuminate/Database/Console/Migrations/MigrateCommand.php(116): Illuminate\\Database\\Migrations\\Migrator->run(Array, Array)
#19 /Users/rahmattanri/Documents/Project Code/raporppsr-deploy/vendor/laravel/framework/src/Illuminate/Database/Migrations/Migrator.php(669): Illuminate\\Database\\Console\\Migrations\\MigrateCommand->{closure:Illuminate\\Database\\Console\\Migrations\\MigrateCommand::runMigrations():109}()
#20 /Users/rahmattanri/Documents/Project Code/raporppsr-deploy/vendor/laravel/framework/src/Illuminate/Database/Console/Migrations/MigrateCommand.php(109): Illuminate\\Database\\Migrations\\Migrator->usingConnection(NULL, Object(Closure))
#21 /Users/rahmattanri/Documents/Project Code/raporppsr-deploy/vendor/laravel/framework/src/Illuminate/Database/Console/Migrations/MigrateCommand.php(88): Illuminate\\Database\\Console\\Migrations\\MigrateCommand->runMigrations()
#22 /Users/rahmattanri/Documents/Project Code/raporppsr-deploy/vendor/laravel/framework/src/Illuminate/Container/BoundMethod.php(36): Illuminate\\Database\\Console\\Migrations\\MigrateCommand->handle()
#23 /Users/rahmattanri/Documents/Project Code/raporppsr-deploy/vendor/laravel/framework/src/Illuminate/Container/Util.php(43): Illuminate\\Container\\BoundMethod::{closure:Illuminate\\Container\\BoundMethod::call():35}()
#24 /Users/rahmattanri/Documents/Project Code/raporppsr-deploy/vendor/laravel/framework/src/Illuminate/Container/BoundMethod.php(96): Illuminate\\Container\\Util::unwrapIfClosure(Object(Closure))
#25 /Users/rahmattanri/Documents/Project Code/raporppsr-deploy/vendor/laravel/framework/src/Illuminate/Container/BoundMethod.php(35): Illuminate\\Container\\BoundMethod::callBoundMethod(Object(Illuminate\\Foundation\\Application), Array, Object(Closure))
#26 /Users/rahmattanri/Documents/Project Code/raporppsr-deploy/vendor/laravel/framework/src/Illuminate/Container/Container.php(799): Illuminate\\Container\\BoundMethod::call(Object(Illuminate\\Foundation\\Application), Array, Array, NULL)
#27 /Users/rahmattanri/Documents/Project Code/raporppsr-deploy/vendor/laravel/framework/src/Illuminate/Console/Command.php(211): Illuminate\\Container\\Container->call(Array)
#28 /Users/rahmattanri/Documents/Project Code/raporppsr-deploy/vendor/symfony/console/Command/Command.php(341): Illuminate\\Console\\Command->execute(Object(Symfony\\Component\\Console\\Input\\ArgvInput), Object(Illuminate\\Console\\OutputStyle))
#29 /Users/rahmattanri/Documents/Project Code/raporppsr-deploy/vendor/laravel/framework/src/Illuminate/Console/Command.php(180): Symfony\\Component\\Console\\Command\\Command->run(Object(Symfony\\Component\\Console\\Input\\ArgvInput), Object(Illuminate\\Console\\OutputStyle))
#30 /Users/rahmattanri/Documents/Project Code/raporppsr-deploy/vendor/symfony/console/Application.php(1102): Illuminate\\Console\\Command->run(Object(Symfony\\Component\\Console\\Input\\ArgvInput), Object(Symfony\\Component\\Console\\Output\\ConsoleOutput))
#31 /Users/rahmattanri/Documents/Project Code/raporppsr-deploy/vendor/symfony/console/Application.php(356): Symfony\\Component\\Console\\Application->doRunCommand(Object(Illuminate\\Database\\Console\\Migrations\\MigrateCommand), Object(Symfony\\Component\\Console\\Input\\ArgvInput), Object(Symfony\\Component\\Console\\Output\\ConsoleOutput))
#32 /Users/rahmattanri/Documents/Project Code/raporppsr-deploy/vendor/symfony/console/Application.php(195): Symfony\\Component\\Console\\Application->doRun(Object(Symfony\\Component\\Console\\Input\\ArgvInput), Object(Symfony\\Component\\Console\\Output\\ConsoleOutput))
#33 /Users/rahmattanri/Documents/Project Code/raporppsr-deploy/vendor/laravel/framework/src/Illuminate/Foundation/Console/Kernel.php(198): Symfony\\Component\\Console\\Application->run(Object(Symfony\\Component\\Console\\Input\\ArgvInput), Object(Symfony\\Component\\Console\\Output\\ConsoleOutput))
#34 /Users/rahmattanri/Documents/Project Code/raporppsr-deploy/vendor/laravel/framework/src/Illuminate/Foundation/Application.php(1235): Illuminate\\Foundation\\Console\\Kernel->handle(Object(Symfony\\Component\\Console\\Input\\ArgvInput), Object(Symfony\\Component\\Console\\Output\\ConsoleOutput))
#35 /Users/rahmattanri/Documents/Project Code/raporppsr-deploy/artisan(16): Illuminate\\Foundation\\Application->handleCommand(Object(Symfony\\Component\\Console\\Input\\ArgvInput))
#36 {main}
"} 
[2026-03-15 02:23:52] local.ERROR: SQLSTATE[42000]: Syntax error or access violation: 1091 Can't DROP 'guru_mata_pelajaran_kelas_id_foreign'; check that column/key exists (Connection: mysql, Host: 127.0.0.1, Port: 3306, Database: raporappdeploy, SQL: ALTER TABLE guru_mata_pelajaran DROP FOREIGN KEY guru_mata_pelajaran_kelas_id_foreign) {"exception":"[object] (Illuminate\\Database\\QueryException(code: 42000): SQLSTATE[42000]: Syntax error or access violation: 1091 Can't DROP 'guru_mata_pelajaran_kelas_id_foreign'; check that column/key exists (Connection: mysql, Host: 127.0.0.1, Port: 3306, Database: raporappdeploy, SQL: ALTER TABLE guru_mata_pelajaran DROP FOREIGN KEY guru_mata_pelajaran_kelas_id_foreign) at /Users/rahmattanri/Documents/Project Code/raporppsr-deploy/vendor/laravel/framework/src/Illuminate/Database/Connection.php:838)
[stacktrace]
#0 /Users/rahmattanri/Documents/Project Code/raporppsr-deploy/vendor/laravel/framework/src/Illuminate/Database/Connection.php(794): Illuminate\\Database\\Connection->runQueryCallback('ALTER TABLE gur...', Array, Object(Closure))
#1 /Users/rahmattanri/Documents/Project Code/raporppsr-deploy/vendor/laravel/framework/src/Illuminate/Database/Connection.php(573): Illuminate\\Database\\Connection->run('ALTER TABLE gur...', Array, Object(Closure))
#2 /Users/rahmattanri/Documents/Project Code/raporppsr-deploy/vendor/laravel/framework/src/Illuminate/Database/DatabaseManager.php(491): Illuminate\\Database\\Connection->statement('ALTER TABLE gur...')
#3 /Users/rahmattanri/Documents/Project Code/raporppsr-deploy/vendor/laravel/framework/src/Illuminate/Support/Facades/Facade.php(363): Illuminate\\Database\\DatabaseManager->__call('statement', Array)
#4 /Users/rahmattanri/Documents/Project Code/raporppsr-deploy/database/migrations/2026_03_15_000001_change_kelas_id_to_tingkat_in_guru_mata_pelajaran_table.php(16): Illuminate\\Support\\Facades\\Facade::__callStatic('statement', Array)
#5 /Users/rahmattanri/Documents/Project Code/raporppsr-deploy/vendor/laravel/framework/src/Illuminate/Database/Migrations/Migrator.php(517): Illuminate\\Database\\Migrations\\Migration@anonymous->up()
#6 /Users/rahmattanri/Documents/Project Code/raporppsr-deploy/vendor/laravel/framework/src/Illuminate/Database/Migrations/Migrator.php(442): Illuminate\\Database\\Migrations\\Migrator->runMethod(Object(Illuminate\\Database\\MySqlConnection), Object(Illuminate\\Database\\Migrations\\Migration@anonymous), 'up')
#7 /Users/rahmattanri/Documents/Project Code/raporppsr-deploy/vendor/laravel/framework/src/Illuminate/Database/Migrations/Migrator.php(451): Illuminate\\Database\\Migrations\\Migrator->{closure:Illuminate\\Database\\Migrations\\Migrator::runMigration():438}()
#8 /Users/rahmattanri/Documents/Project Code/raporppsr-deploy/vendor/laravel/framework/src/Illuminate/Database/Migrations/Migrator.php(253): Illuminate\\Database\\Migrations\\Migrator->runMigration(Object(Illuminate\\Database\\Migrations\\Migration@anonymous), 'up')
#9 /Users/rahmattanri/Documents/Project Code/raporppsr-deploy/vendor/laravel/framework/src/Illuminate/Console/View/Components/Task.php(41): Illuminate\\Database\\Migrations\\Migrator->{closure:Illuminate\\Database\\Migrations\\Migrator::runUp():253}()
#10 /Users/rahmattanri/Documents/Project Code/raporppsr-deploy/vendor/laravel/framework/src/Illuminate/Database/Migrations/Migrator.php(812): Illuminate\\Console\\View\\Components\\Task->render('2026_03_15_0000...', Object(Closure))
#11 /Users/rahmattanri/Documents/Project Code/raporppsr-deploy/vendor/laravel/framework/src/Illuminate/Database/Migrations/Migrator.php(253): Illuminate\\Database\\Migrations\\Migrator->write('Illuminate\\\\Cons...', '2026_03_15_0000...', Object(Closure))
#12 /Users/rahmattanri/Documents/Project Code/raporppsr-deploy/vendor/laravel/framework/src/Illuminate/Database/Migrations/Migrator.php(211): Illuminate\\Database\\Migrations\\Migrator->runUp('/Users/rahmatta...', 14, false)
#13 /Users/rahmattanri/Documents/Project Code/raporppsr-deploy/vendor/laravel/framework/src/Illuminate/Database/Migrations/Migrator.php(138): Illuminate\\Database\\Migrations\\Migrator->runPending(Array, Array)
#14 /Users/rahmattanri/Documents/Project Code/raporppsr-deploy/vendor/laravel/framework/src/Illuminate/Database/Console/Migrations/MigrateCommand.php(116): Illuminate\\Database\\Migrations\\Migrator->run(Array, Array)
#15 /Users/rahmattanri/Documents/Project Code/raporppsr-deploy/vendor/laravel/framework/src/Illuminate/Database/Migrations/Migrator.php(669): Illuminate\\Database\\Console\\Migrations\\MigrateCommand->{closure:Illuminate\\Database\\Console\\Migrations\\MigrateCommand::runMigrations():109}()
#16 /Users/rahmattanri/Documents/Project Code/raporppsr-deploy/vendor/laravel/framework/src/Illuminate/Database/Console/Migrations/MigrateCommand.php(109): Illuminate\\Database\\Migrations\\Migrator->usingConnection(NULL, Object(Closure))
#17 /Users/rahmattanri/Documents/Project Code/raporppsr-deploy/vendor/laravel/framework/src/Illuminate/Database/Console/Migrations/MigrateCommand.php(88): Illuminate\\Database\\Console\\Migrations\\MigrateCommand->runMigrations()
#18 /Users/rahmattanri/Documents/Project Code/raporppsr-deploy/vendor/laravel/framework/src/Illuminate/Container/BoundMethod.php(36): Illuminate\\Database\\Console\\Migrations\\MigrateCommand->handle()
#19 /Users/rahmattanri/Documents/Project Code/raporppsr-deploy/vendor/laravel/framework/src/Illuminate/Container/Util.php(43): Illuminate\\Container\\BoundMethod::{closure:Illuminate\\Container\\BoundMethod::call():35}()
#20 /Users/rahmattanri/Documents/Project Code/raporppsr-deploy/vendor/laravel/framework/src/Illuminate/Container/BoundMethod.php(96): Illuminate\\Container\\Util::unwrapIfClosure(Object(Closure))
#21 /Users/rahmattanri/Documents/Project Code/raporppsr-deploy/vendor/laravel/framework/src/Illuminate/Container/BoundMethod.php(35): Illuminate\\Container\\BoundMethod::callBoundMethod(Object(Illuminate\\Foundation\\Application), Array, Object(Closure))
#22 /Users/rahmattanri/Documents/Project Code/raporppsr-deploy/vendor/laravel/framework/src/Illuminate/Container/Container.php(799): Illuminate\\Container\\BoundMethod::call(Object(Illuminate\\Foundation\\Application), Array, Array, NULL)
#23 /Users/rahmattanri/Documents/Project Code/raporppsr-deploy/vendor/laravel/framework/src/Illuminate/Console/Command.php(211): Illuminate\\Container\\Container->call(Array)
#24 /Users/rahmattanri/Documents/Project Code/raporppsr-deploy/vendor/symfony/console/Command/Command.php(341): Illuminate\\Console\\Command->execute(Object(Symfony\\Component\\Console\\Input\\ArgvInput), Object(Illuminate\\Console\\OutputStyle))
#25 /Users/rahmattanri/Documents/Project Code/raporppsr-deploy/vendor/laravel/framework/src/Illuminate/Console/Command.php(180): Symfony\\Component\\Console\\Command\\Command->run(Object(Symfony\\Component\\Console\\Input\\ArgvInput), Object(Illuminate\\Console\\OutputStyle))
#26 /Users/rahmattanri/Documents/Project Code/raporppsr-deploy/vendor/symfony/console/Application.php(1102): Illuminate\\Console\\Command->run(Object(Symfony\\Component\\Console\\Input\\ArgvInput), Object(Symfony\\Component\\Console\\Output\\ConsoleOutput))
#27 /Users/rahmattanri/Documents/Project Code/raporppsr-deploy/vendor/symfony/console/Application.php(356): Symfony\\Component\\Console\\Application->doRunCommand(Object(Illuminate\\Database\\Console\\Migrations\\MigrateCommand), Object(Symfony\\Component\\Console\\Input\\ArgvInput), Object(Symfony\\Component\\Console\\Output\\ConsoleOutput))
#28 /Users/rahmattanri/Documents/Project Code/raporppsr-deploy/vendor/symfony/console/Application.php(195): Symfony\\Component\\Console\\Application->doRun(Object(Symfony\\Component\\Console\\Input\\ArgvInput), Object(Symfony\\Component\\Console\\Output\\ConsoleOutput))
#29 /Users/rahmattanri/Documents/Project Code/raporppsr-deploy/vendor/laravel/framework/src/Illuminate/Foundation/Console/Kernel.php(198): Symfony\\Component\\Console\\Application->run(Object(Symfony\\Component\\Console\\Input\\ArgvInput), Object(Symfony\\Component\\Console\\Output\\ConsoleOutput))
#30 /Users/rahmattanri/Documents/Project Code/raporppsr-deploy/vendor/laravel/framework/src/Illuminate/Foundation/Application.php(1235): Illuminate\\Foundation\\Console\\Kernel->handle(Object(Symfony\\Component\\Console\\Input\\ArgvInput), Object(Symfony\\Component\\Console\\Output\\ConsoleOutput))
#31 /Users/rahmattanri/Documents/Project Code/raporppsr-deploy/artisan(16): Illuminate\\Foundation\\Application->handleCommand(Object(Symfony\\Component\\Console\\Input\\ArgvInput))
#32 {main}

[previous exception] [object] (PDOException(code: 42000): SQLSTATE[42000]: Syntax error or access violation: 1091 Can't DROP 'guru_mata_pelajaran_kelas_id_foreign'; check that column/key exists at /Users/rahmattanri/Documents/Project Code/raporppsr-deploy/vendor/laravel/framework/src/Illuminate/Database/Connection.php:584)
[stacktrace]
#0 /Users/rahmattanri/Documents/Project Code/raporppsr-deploy/vendor/laravel/framework/src/Illuminate/Database/Connection.php(584): PDOStatement->execute()
#1 /Users/rahmattanri/Documents/Project Code/raporppsr-deploy/vendor/laravel/framework/src/Illuminate/Database/Connection.php(827): Illuminate\\Database\\Connection->{closure:Illuminate\\Database\\Connection::statement():573}('ALTER TABLE gur...', Array)
#2 /Users/rahmattanri/Documents/Project Code/raporppsr-deploy/vendor/laravel/framework/src/Illuminate/Database/Connection.php(794): Illuminate\\Database\\Connection->runQueryCallback('ALTER TABLE gur...', Array, Object(Closure))
#3 /Users/rahmattanri/Documents/Project Code/raporppsr-deploy/vendor/laravel/framework/src/Illuminate/Database/Connection.php(573): Illuminate\\Database\\Connection->run('ALTER TABLE gur...', Array, Object(Closure))
#4 /Users/rahmattanri/Documents/Project Code/raporppsr-deploy/vendor/laravel/framework/src/Illuminate/Database/DatabaseManager.php(491): Illuminate\\Database\\Connection->statement('ALTER TABLE gur...')
#5 /Users/rahmattanri/Documents/Project Code/raporppsr-deploy/vendor/laravel/framework/src/Illuminate/Support/Facades/Facade.php(363): Illuminate\\Database\\DatabaseManager->__call('statement', Array)
#6 /Users/rahmattanri/Documents/Project Code/raporppsr-deploy/database/migrations/2026_03_15_000001_change_kelas_id_to_tingkat_in_guru_mata_pelajaran_table.php(16): Illuminate\\Support\\Facades\\Facade::__callStatic('statement', Array)
#7 /Users/rahmattanri/Documents/Project Code/raporppsr-deploy/vendor/laravel/framework/src/Illuminate/Database/Migrations/Migrator.php(517): Illuminate\\Database\\Migrations\\Migration@anonymous->up()
#8 /Users/rahmattanri/Documents/Project Code/raporppsr-deploy/vendor/laravel/framework/src/Illuminate/Database/Migrations/Migrator.php(442): Illuminate\\Database\\Migrations\\Migrator->runMethod(Object(Illuminate\\Database\\MySqlConnection), Object(Illuminate\\Database\\Migrations\\Migration@anonymous), 'up')
#9 /Users/rahmattanri/Documents/Project Code/raporppsr-deploy/vendor/laravel/framework/src/Illuminate/Database/Migrations/Migrator.php(451): Illuminate\\Database\\Migrations\\Migrator->{closure:Illuminate\\Database\\Migrations\\Migrator::runMigration():438}()
#10 /Users/rahmattanri/Documents/Project Code/raporppsr-deploy/vendor/laravel/framework/src/Illuminate/Database/Migrations/Migrator.php(253): Illuminate\\Database\\Migrations\\Migrator->runMigration(Object(Illuminate\\Database\\Migrations\\Migration@anonymous), 'up')
#11 /Users/rahmattanri/Documents/Project Code/raporppsr-deploy/vendor/laravel/framework/src/Illuminate/Console/View/Components/Task.php(41): Illuminate\\Database\\Migrations\\Migrator->{closure:Illuminate\\Database\\Migrations\\Migrator::runUp():253}()
#12 /Users/rahmattanri/Documents/Project Code/raporppsr-deploy/vendor/laravel/framework/src/Illuminate/Database/Migrations/Migrator.php(812): Illuminate\\Console\\View\\Components\\Task->render('2026_03_15_0000...', Object(Closure))
#13 /Users/rahmattanri/Documents/Project Code/raporppsr-deploy/vendor/laravel/framework/src/Illuminate/Database/Migrations/Migrator.php(253): Illuminate\\Database\\Migrations\\Migrator->write('Illuminate\\\\Cons...', '2026_03_15_0000...', Object(Closure))
#14 /Users/rahmattanri/Documents/Project Code/raporppsr-deploy/vendor/laravel/framework/src/Illuminate/Database/Migrations/Migrator.php(211): Illuminate\\Database\\Migrations\\Migrator->runUp('/Users/rahmatta...', 14, false)
#15 /Users/rahmattanri/Documents/Project Code/raporppsr-deploy/vendor/laravel/framework/src/Illuminate/Database/Migrations/Migrator.php(138): Illuminate\\Database\\Migrations\\Migrator->runPending(Array, Array)
#16 /Users/rahmattanri/Documents/Project Code/raporppsr-deploy/vendor/laravel/framework/src/Illuminate/Database/Console/Migrations/MigrateCommand.php(116): Illuminate\\Database\\Migrations\\Migrator->run(Array, Array)
#17 /Users/rahmattanri/Documents/Project Code/raporppsr-deploy/vendor/laravel/framework/src/Illuminate/Database/Migrations/Migrator.php(669): Illuminate\\Database\\Console\\Migrations\\MigrateCommand->{closure:Illuminate\\Database\\Console\\Migrations\\MigrateCommand::runMigrations():109}()
#18 /Users/rahmattanri/Documents/Project Code/raporppsr-deploy/vendor/laravel/framework/src/Illuminate/Database/Console/Migrations/MigrateCommand.php(109): Illuminate\\Database\\Migrations\\Migrator->usingConnection(NULL, Object(Closure))
#19 /Users/rahmattanri/Documents/Project Code/raporppsr-deploy/vendor/laravel/framework/src/Illuminate/Database/Console/Migrations/MigrateCommand.php(88): Illuminate\\Database\\Console\\Migrations\\MigrateCommand->runMigrations()
#20 /Users/rahmattanri/Documents/Project Code/raporppsr-deploy/vendor/laravel/framework/src/Illuminate/Container/BoundMethod.php(36): Illuminate\\Database\\Console\\Migrations\\MigrateCommand->handle()
#21 /Users/rahmattanri/Documents/Project Code/raporppsr-deploy/vendor/laravel/framework/src/Illuminate/Container/Util.php(43): Illuminate\\Container\\BoundMethod::{closure:Illuminate\\Container\\BoundMethod::call():35}()
#22 /Users/rahmattanri/Documents/Project Code/raporppsr-deploy/vendor/laravel/framework/src/Illuminate/Container/BoundMethod.php(96): Illuminate\\Container\\Util::unwrapIfClosure(Object(Closure))
#23 /Users/rahmattanri/Documents/Project Code/raporppsr-deploy/vendor/laravel/framework/src/Illuminate/Container/BoundMethod.php(35): Illuminate\\Container\\BoundMethod::callBoundMethod(Object(Illuminate\\Foundation\\Application), Array, Object(Closure))
#24 /Users/rahmattanri/Documents/Project Code/raporppsr-deploy/vendor/laravel/framework/src/Illuminate/Container/Container.php(799): Illuminate\\Container\\BoundMethod::call(Object(Illuminate\\Foundation\\Application), Array, Array, NULL)
#25 /Users/rahmattanri/Documents/Project Code/raporppsr-deploy/vendor/laravel/framework/src/Illuminate/Console/Command.php(211): Illuminate\\Container\\Container->call(Array)
#26 /Users/rahmattanri/Documents/Project Code/raporppsr-deploy/vendor/symfony/console/Command/Command.php(341): Illuminate\\Console\\Command->execute(Object(Symfony\\Component\\Console\\Input\\ArgvInput), Object(Illuminate\\Console\\OutputStyle))
#27 /Users/rahmattanri/Documents/Project Code/raporppsr-deploy/vendor/laravel/framework/src/Illuminate/Console/Command.php(180): Symfony\\Component\\Console\\Command\\Command->run(Object(Symfony\\Component\\Console\\Input\\ArgvInput), Object(Illuminate\\Console\\OutputStyle))
#28 /Users/rahmattanri/Documents/Project Code/raporppsr-deploy/vendor/symfony/console/Application.php(1102): Illuminate\\Console\\Command->run(Object(Symfony\\Component\\Console\\Input\\ArgvInput), Object(Symfony\\Component\\Console\\Output\\ConsoleOutput))
#29 /Users/rahmattanri/Documents/Project Code/raporppsr-deploy/vendor/symfony/console/Application.php(356): Symfony\\Component\\Console\\Application->doRunCommand(Object(Illuminate\\Database\\Console\\Migrations\\MigrateCommand), Object(Symfony\\Component\\Console\\Input\\ArgvInput), Object(Symfony\\Component\\Console\\Output\\ConsoleOutput))
#30 /Users/rahmattanri/Documents/Project Code/raporppsr-deploy/vendor/symfony/console/Application.php(195): Symfony\\Component\\Console\\Application->doRun(Object(Symfony\\Component\\Console\\Input\\ArgvInput), Object(Symfony\\Component\\Console\\Output\\ConsoleOutput))
#31 /Users/rahmattanri/Documents/Project Code/raporppsr-deploy/vendor/laravel/framework/src/Illuminate/Foundation/Console/Kernel.php(198): Symfony\\Component\\Console\\Application->run(Object(Symfony\\Component\\Console\\Input\\ArgvInput), Object(Symfony\\Component\\Console\\Output\\ConsoleOutput))
#32 /Users/rahmattanri/Documents/Project Code/raporppsr-deploy/vendor/laravel/framework/src/Illuminate/Foundation/Application.php(1235): Illuminate\\Foundation\\Console\\Kernel->handle(Object(Symfony\\Component\\Console\\Input\\ArgvInput), Object(Symfony\\Component\\Console\\Output\\ConsoleOutput))
#33 /Users/rahmattanri/Documents/Project Code/raporppsr-deploy/artisan(16): Illuminate\\Foundation\\Application->handleCommand(Object(Symfony\\Component\\Console\\Input\\ArgvInput))
#34 {main}
"} 
[2026-03-15 02:24:14] local.ERROR: The "--table" option does not exist. {"exception":"[object] (Symfony\\Component\\Console\\Exception\\RuntimeException(code: 0): The \"--table\" option does not exist. at /Users/rahmattanri/Documents/Project Code/raporppsr-deploy/vendor/symfony/console/Input/ArgvInput.php:226)
[stacktrace]
#0 /Users/rahmattanri/Documents/Project Code/raporppsr-deploy/vendor/symfony/console/Input/ArgvInput.php(153): Symfony\\Component\\Console\\Input\\ArgvInput->addLongOption('table', 'guru_mata_pelaj...')
#1 /Users/rahmattanri/Documents/Project Code/raporppsr-deploy/vendor/symfony/console/Input/ArgvInput.php(88): Symfony\\Component\\Console\\Input\\ArgvInput->parseLongOption('--table=guru_ma...')
#2 /Users/rahmattanri/Documents/Project Code/raporppsr-deploy/vendor/symfony/console/Input/ArgvInput.php(77): Symfony\\Component\\Console\\Input\\ArgvInput->parseToken('--table=guru_ma...', true)
#3 /Users/rahmattanri/Documents/Project Code/raporppsr-deploy/vendor/symfony/console/Input/Input.php(53): Symfony\\Component\\Console\\Input\\ArgvInput->parse()
#4 /Users/rahmattanri/Documents/Project Code/raporppsr-deploy/vendor/symfony/console/Command/Command.php(295): Symfony\\Component\\Console\\Input\\Input->bind(Object(Symfony\\Component\\Console\\Input\\InputDefinition))
#5 /Users/rahmattanri/Documents/Project Code/raporppsr-deploy/vendor/laravel/framework/src/Illuminate/Console/Command.php(180): Symfony\\Component\\Console\\Command\\Command->run(Object(Symfony\\Component\\Console\\Input\\ArgvInput), Object(Illuminate\\Console\\OutputStyle))
#6 /Users/rahmattanri/Documents/Project Code/raporppsr-deploy/vendor/symfony/console/Application.php(1102): Illuminate\\Console\\Command->run(Object(Symfony\\Component\\Console\\Input\\ArgvInput), Object(Symfony\\Component\\Console\\Output\\ConsoleOutput))
#7 /Users/rahmattanri/Documents/Project Code/raporppsr-deploy/vendor/symfony/console/Application.php(356): Symfony\\Component\\Console\\Application->doRunCommand(Object(Illuminate\\Database\\Console\\ShowCommand), Object(Symfony\\Component\\Console\\Input\\ArgvInput), Object(Symfony\\Component\\Console\\Output\\ConsoleOutput))
#8 /Users/rahmattanri/Documents/Project Code/raporppsr-deploy/vendor/symfony/console/Application.php(195): Symfony\\Component\\Console\\Application->doRun(Object(Symfony\\Component\\Console\\Input\\ArgvInput), Object(Symfony\\Component\\Console\\Output\\ConsoleOutput))
#9 /Users/rahmattanri/Documents/Project Code/raporppsr-deploy/vendor/laravel/framework/src/Illuminate/Foundation/Console/Kernel.php(198): Symfony\\Component\\Console\\Application->run(Object(Symfony\\Component\\Console\\Input\\ArgvInput), Object(Symfony\\Component\\Console\\Output\\ConsoleOutput))
#10 /Users/rahmattanri/Documents/Project Code/raporppsr-deploy/vendor/laravel/framework/src/Illuminate/Foundation/Application.php(1235): Illuminate\\Foundation\\Console\\Kernel->handle(Object(Symfony\\Component\\Console\\Input\\ArgvInput), Object(Symfony\\Component\\Console\\Output\\ConsoleOutput))
#11 /Users/rahmattanri/Documents/Project Code/raporppsr-deploy/artisan(16): Illuminate\\Foundation\\Application->handleCommand(Object(Symfony\\Component\\Console\\Input\\ArgvInput))
#12 {main}
"} 
[2026-03-15 02:24:35] local.ERROR: SQLSTATE[42000]: Syntax error or access violation: 1091 Can't DROP 'kelas_id_foreign'; check that column/key exists (Connection: mysql, Host: 127.0.0.1, Port: 3306, Database: raporappdeploy, SQL: ALTER TABLE guru_mata_pelajaran DROP FOREIGN KEY kelas_id_foreign) {"exception":"[object] (Illuminate\\Database\\QueryException(code: 42000): SQLSTATE[42000]: Syntax error or access violation: 1091 Can't DROP 'kelas_id_foreign'; check that column/key exists (Connection: mysql, Host: 127.0.0.1, Port: 3306, Database: raporappdeploy, SQL: ALTER TABLE guru_mata_pelajaran DROP FOREIGN KEY kelas_id_foreign) at /Users/rahmattanri/Documents/Project Code/raporppsr-deploy/vendor/laravel/framework/src/Illuminate/Database/Connection.php:838)
[stacktrace]
#0 /Users/rahmattanri/Documents/Project Code/raporppsr-deploy/vendor/laravel/framework/src/Illuminate/Database/Connection.php(794): Illuminate\\Database\\Connection->runQueryCallback('ALTER TABLE gur...', Array, Object(Closure))
#1 /Users/rahmattanri/Documents/Project Code/raporppsr-deploy/vendor/laravel/framework/src/Illuminate/Database/Connection.php(573): Illuminate\\Database\\Connection->run('ALTER TABLE gur...', Array, Object(Closure))
#2 /Users/rahmattanri/Documents/Project Code/raporppsr-deploy/vendor/laravel/framework/src/Illuminate/Database/DatabaseManager.php(491): Illuminate\\Database\\Connection->statement('ALTER TABLE gur...')
#3 /Users/rahmattanri/Documents/Project Code/raporppsr-deploy/vendor/laravel/framework/src/Illuminate/Support/Facades/Facade.php(363): Illuminate\\Database\\DatabaseManager->__call('statement', Array)
#4 /Users/rahmattanri/Documents/Project Code/raporppsr-deploy/database/migrations/2026_03_15_000001_change_kelas_id_to_tingkat_in_guru_mata_pelajaran_table.php(23): Illuminate\\Support\\Facades\\Facade::__callStatic('statement', Array)
#5 /Users/rahmattanri/Documents/Project Code/raporppsr-deploy/vendor/laravel/framework/src/Illuminate/Database/Migrations/Migrator.php(517): Illuminate\\Database\\Migrations\\Migration@anonymous->up()
#6 /Users/rahmattanri/Documents/Project Code/raporppsr-deploy/vendor/laravel/framework/src/Illuminate/Database/Migrations/Migrator.php(442): Illuminate\\Database\\Migrations\\Migrator->runMethod(Object(Illuminate\\Database\\MySqlConnection), Object(Illuminate\\Database\\Migrations\\Migration@anonymous), 'up')
#7 /Users/rahmattanri/Documents/Project Code/raporppsr-deploy/vendor/laravel/framework/src/Illuminate/Database/Migrations/Migrator.php(451): Illuminate\\Database\\Migrations\\Migrator->{closure:Illuminate\\Database\\Migrations\\Migrator::runMigration():438}()
#8 /Users/rahmattanri/Documents/Project Code/raporppsr-deploy/vendor/laravel/framework/src/Illuminate/Database/Migrations/Migrator.php(253): Illuminate\\Database\\Migrations\\Migrator->runMigration(Object(Illuminate\\Database\\Migrations\\Migration@anonymous), 'up')
#9 /Users/rahmattanri/Documents/Project Code/raporppsr-deploy/vendor/laravel/framework/src/Illuminate/Console/View/Components/Task.php(41): Illuminate\\Database\\Migrations\\Migrator->{closure:Illuminate\\Database\\Migrations\\Migrator::runUp():253}()
#10 /Users/rahmattanri/Documents/Project Code/raporppsr-deploy/vendor/laravel/framework/src/Illuminate/Database/Migrations/Migrator.php(812): Illuminate\\Console\\View\\Components\\Task->render('2026_03_15_0000...', Object(Closure))
#11 /Users/rahmattanri/Documents/Project Code/raporppsr-deploy/vendor/laravel/framework/src/Illuminate/Database/Migrations/Migrator.php(253): Illuminate\\Database\\Migrations\\Migrator->write('Illuminate\\\\Cons...', '2026_03_15_0000...', Object(Closure))
#12 /Users/rahmattanri/Documents/Project Code/raporppsr-deploy/vendor/laravel/framework/src/Illuminate/Database/Migrations/Migrator.php(211): Illuminate\\Database\\Migrations\\Migrator->runUp('/Users/rahmatta...', 14, false)
#13 /Users/rahmattanri/Documents/Project Code/raporppsr-deploy/vendor/laravel/framework/src/Illuminate/Database/Migrations/Migrator.php(138): Illuminate\\Database\\Migrations\\Migrator->runPending(Array, Array)
#14 /Users/rahmattanri/Documents/Project Code/raporppsr-deploy/vendor/laravel/framework/src/Illuminate/Database/Console/Migrations/MigrateCommand.php(116): Illuminate\\Database\\Migrations\\Migrator->run(Array, Array)
#15 /Users/rahmattanri/Documents/Project Code/raporppsr-deploy/vendor/laravel/framework/src/Illuminate/Database/Migrations/Migrator.php(669): Illuminate\\Database\\Console\\Migrations\\MigrateCommand->{closure:Illuminate\\Database\\Console\\Migrations\\MigrateCommand::runMigrations():109}()
#16 /Users/rahmattanri/Documents/Project Code/raporppsr-deploy/vendor/laravel/framework/src/Illuminate/Database/Console/Migrations/MigrateCommand.php(109): Illuminate\\Database\\Migrations\\Migrator->usingConnection(NULL, Object(Closure))
#17 /Users/rahmattanri/Documents/Project Code/raporppsr-deploy/vendor/laravel/framework/src/Illuminate/Database/Console/Migrations/MigrateCommand.php(88): Illuminate\\Database\\Console\\Migrations\\MigrateCommand->runMigrations()
#18 /Users/rahmattanri/Documents/Project Code/raporppsr-deploy/vendor/laravel/framework/src/Illuminate/Container/BoundMethod.php(36): Illuminate\\Database\\Console\\Migrations\\MigrateCommand->handle()
#19 /Users/rahmattanri/Documents/Project Code/raporppsr-deploy/vendor/laravel/framework/src/Illuminate/Container/Util.php(43): Illuminate\\Container\\BoundMethod::{closure:Illuminate\\Container\\BoundMethod::call():35}()
#20 /Users/rahmattanri/Documents/Project Code/raporppsr-deploy/vendor/laravel/framework/src/Illuminate/Container/BoundMethod.php(96): Illuminate\\Container\\Util::unwrapIfClosure(Object(Closure))
#21 /Users/rahmattanri/Documents/Project Code/raporppsr-deploy/vendor/laravel/framework/src/Illuminate/Container/BoundMethod.php(35): Illuminate\\Container\\BoundMethod::callBoundMethod(Object(Illuminate\\Foundation\\Application), Array, Object(Closure))
#22 /Users/rahmattanri/Documents/Project Code/raporppsr-deploy/vendor/laravel/framework/src/Illuminate/Container/Container.php(799): Illuminate\\Container\\BoundMethod::call(Object(Illuminate\\Foundation\\Application), Array, Array, NULL)
#23 /Users/rahmattanri/Documents/Project Code/raporppsr-deploy/vendor/laravel/framework/src/Illuminate/Console/Command.php(211): Illuminate\\Container\\Container->call(Array)
#24 /Users/rahmattanri/Documents/Project Code/raporppsr-deploy/vendor/symfony/console/Command/Command.php(341): Illuminate\\Console\\Command->execute(Object(Symfony\\Component\\Console\\Input\\ArgvInput), Object(Illuminate\\Console\\OutputStyle))
#25 /Users/rahmattanri/Documents/Project Code/raporppsr-deploy/vendor/laravel/framework/src/Illuminate/Console/Command.php(180): Symfony\\Component\\Console\\Command\\Command->run(Object(Symfony\\Component\\Console\\Input\\ArgvInput), Object(Illuminate\\Console\\OutputStyle))
#26 /Users/rahmattanri/Documents/Project Code/raporppsr-deploy/vendor/symfony/console/Application.php(1102): Illuminate\\Console\\Command->run(Object(Symfony\\Component\\Console\\Input\\ArgvInput), Object(Symfony\\Component\\Console\\Output\\ConsoleOutput))
#27 /Users/rahmattanri/Documents/Project Code/raporppsr-deploy/vendor/symfony/console/Application.php(356): Symfony\\Component\\Console\\Application->doRunCommand(Object(Illuminate\\Database\\Console\\Migrations\\MigrateCommand), Object(Symfony\\Component\\Console\\Input\\ArgvInput), Object(Symfony\\Component\\Console\\Output\\ConsoleOutput))
#28 /Users/rahmattanri/Documents/Project Code/raporppsr-deploy/vendor/symfony/console/Application.php(195): Symfony\\Component\\Console\\Application->doRun(Object(Symfony\\Component\\Console\\Input\\ArgvInput), Object(Symfony\\Component\\Console\\Output\\ConsoleOutput))
#29 /Users/rahmattanri/Documents/Project Code/raporppsr-deploy/vendor/laravel/framework/src/Illuminate/Foundation/Console/Kernel.php(198): Symfony\\Component\\Console\\Application->run(Object(Symfony\\Component\\Console\\Input\\ArgvInput), Object(Symfony\\Component\\Console\\Output\\ConsoleOutput))
#30 /Users/rahmattanri/Documents/Project Code/raporppsr-deploy/vendor/laravel/framework/src/Illuminate/Foundation/Application.php(1235): Illuminate\\Foundation\\Console\\Kernel->handle(Object(Symfony\\Component\\Console\\Input\\ArgvInput), Object(Symfony\\Component\\Console\\Output\\ConsoleOutput))
#31 /Users/rahmattanri/Documents/Project Code/raporppsr-deploy/artisan(16): Illuminate\\Foundation\\Application->handleCommand(Object(Symfony\\Component\\Console\\Input\\ArgvInput))
#32 {main}

[previous exception] [object] (PDOException(code: 42000): SQLSTATE[42000]: Syntax error or access violation: 1091 Can't DROP 'kelas_id_foreign'; check that column/key exists at /Users/rahmattanri/Documents/Project Code/raporppsr-deploy/vendor/laravel/framework/src/Illuminate/Database/Connection.php:584)
[stacktrace]
#0 /Users/rahmattanri/Documents/Project Code/raporppsr-deploy/vendor/laravel/framework/src/Illuminate/Database/Connection.php(584): PDOStatement->execute()
#1 /Users/rahmattanri/Documents/Project Code/raporppsr-deploy/vendor/laravel/framework/src/Illuminate/Database/Connection.php(827): Illuminate\\Database\\Connection->{closure:Illuminate\\Database\\Connection::statement():573}('ALTER TABLE gur...', Array)
#2 /Users/rahmattanri/Documents/Project Code/raporppsr-deploy/vendor/laravel/framework/src/Illuminate/Database/Connection.php(794): Illuminate\\Database\\Connection->runQueryCallback('ALTER TABLE gur...', Array, Object(Closure))
#3 /Users/rahmattanri/Documents/Project Code/raporppsr-deploy/vendor/laravel/framework/src/Illuminate/Database/Connection.php(573): Illuminate\\Database\\Connection->run('ALTER TABLE gur...', Array, Object(Closure))
#4 /Users/rahmattanri/Documents/Project Code/raporppsr-deploy/vendor/laravel/framework/src/Illuminate/Database/DatabaseManager.php(491): Illuminate\\Database\\Connection->statement('ALTER TABLE gur...')
#5 /Users/rahmattanri/Documents/Project Code/raporppsr-deploy/vendor/laravel/framework/src/Illuminate/Support/Facades/Facade.php(363): Illuminate\\Database\\DatabaseManager->__call('statement', Array)
#6 /Users/rahmattanri/Documents/Project Code/raporppsr-deploy/database/migrations/2026_03_15_000001_change_kelas_id_to_tingkat_in_guru_mata_pelajaran_table.php(23): Illuminate\\Support\\Facades\\Facade::__callStatic('statement', Array)
#7 /Users/rahmattanri/Documents/Project Code/raporppsr-deploy/vendor/laravel/framework/src/Illuminate/Database/Migrations/Migrator.php(517): Illuminate\\Database\\Migrations\\Migration@anonymous->up()
#8 /Users/rahmattanri/Documents/Project Code/raporppsr-deploy/vendor/laravel/framework/src/Illuminate/Database/Migrations/Migrator.php(442): Illuminate\\Database\\Migrations\\Migrator->runMethod(Object(Illuminate\\Database\\MySqlConnection), Object(Illuminate\\Database\\Migrations\\Migration@anonymous), 'up')
#9 /Users/rahmattanri/Documents/Project Code/raporppsr-deploy/vendor/laravel/framework/src/Illuminate/Database/Migrations/Migrator.php(451): Illuminate\\Database\\Migrations\\Migrator->{closure:Illuminate\\Database\\Migrations\\Migrator::runMigration():438}()
#10 /Users/rahmattanri/Documents/Project Code/raporppsr-deploy/vendor/laravel/framework/src/Illuminate/Database/Migrations/Migrator.php(253): Illuminate\\Database\\Migrations\\Migrator->runMigration(Object(Illuminate\\Database\\Migrations\\Migration@anonymous), 'up')
#11 /Users/rahmattanri/Documents/Project Code/raporppsr-deploy/vendor/laravel/framework/src/Illuminate/Console/View/Components/Task.php(41): Illuminate\\Database\\Migrations\\Migrator->{closure:Illuminate\\Database\\Migrations\\Migrator::runUp():253}()
#12 /Users/rahmattanri/Documents/Project Code/raporppsr-deploy/vendor/laravel/framework/src/Illuminate/Database/Migrations/Migrator.php(812): Illuminate\\Console\\View\\Components\\Task->render('2026_03_15_0000...', Object(Closure))
#13 /Users/rahmattanri/Documents/Project Code/raporppsr-deploy/vendor/laravel/framework/src/Illuminate/Database/Migrations/Migrator.php(253): Illuminate\\Database\\Migrations\\Migrator->write('Illuminate\\\\Cons...', '2026_03_15_0000...', Object(Closure))
#14 /Users/rahmattanri/Documents/Project Code/raporppsr-deploy/vendor/laravel/framework/src/Illuminate/Database/Migrations/Migrator.php(211): Illuminate\\Database\\Migrations\\Migrator->runUp('/Users/rahmatta...', 14, false)
#15 /Users/rahmattanri/Documents/Project Code/raporppsr-deploy/vendor/laravel/framework/src/Illuminate/Database/Migrations/Migrator.php(138): Illuminate\\Database\\Migrations\\Migrator->runPending(Array, Array)
#16 /Users/rahmattanri/Documents/Project Code/raporppsr-deploy/vendor/laravel/framework/src/Illuminate/Database/Console/Migrations/MigrateCommand.php(116): Illuminate\\Database\\Migrations\\Migrator->run(Array, Array)
#17 /Users/rahmattanri/Documents/Project Code/raporppsr-deploy/vendor/laravel/framework/src/Illuminate/Database/Migrations/Migrator.php(669): Illuminate\\Database\\Console\\Migrations\\MigrateCommand->{closure:Illuminate\\Database\\Console\\Migrations\\MigrateCommand::runMigrations():109}()
#18 /Users/rahmattanri/Documents/Project Code/raporppsr-deploy/vendor/laravel/framework/src/Illuminate/Database/Console/Migrations/MigrateCommand.php(109): Illuminate\\Database\\Migrations\\Migrator->usingConnection(NULL, Object(Closure))
#19 /Users/rahmattanri/Documents/Project Code/raporppsr-deploy/vendor/laravel/framework/src/Illuminate/Database/Console/Migrations/MigrateCommand.php(88): Illuminate\\Database\\Console\\Migrations\\MigrateCommand->runMigrations()
#20 /Users/rahmattanri/Documents/Project Code/raporppsr-deploy/vendor/laravel/framework/src/Illuminate/Container/BoundMethod.php(36): Illuminate\\Database\\Console\\Migrations\\MigrateCommand->handle()
#21 /Users/rahmattanri/Documents/Project Code/raporppsr-deploy/vendor/laravel/framework/src/Illuminate/Container/Util.php(43): Illuminate\\Container\\BoundMethod::{closure:Illuminate\\Container\\BoundMethod::call():35}()
#22 /Users/rahmattanri/Documents/Project Code/raporppsr-deploy/vendor/laravel/framework/src/Illuminate/Container/BoundMethod.php(96): Illuminate\\Container\\Util::unwrapIfClosure(Object(Closure))
#23 /Users/rahmattanri/Documents/Project Code/raporppsr-deploy/vendor/laravel/framework/src/Illuminate/Container/BoundMethod.php(35): Illuminate\\Container\\BoundMethod::callBoundMethod(Object(Illuminate\\Foundation\\Application), Array, Object(Closure))
#24 /Users/rahmattanri/Documents/Project Code/raporppsr-deploy/vendor/laravel/framework/src/Illuminate/Container/Container.php(799): Illuminate\\Container\\BoundMethod::call(Object(Illuminate\\Foundation\\Application), Array, Array, NULL)
#25 /Users/rahmattanri/Documents/Project Code/raporppsr-deploy/vendor/laravel/framework/src/Illuminate/Console/Command.php(211): Illuminate\\Container\\Container->call(Array)
#26 /Users/rahmattanri/Documents/Project Code/raporppsr-deploy/vendor/symfony/console/Command/Command.php(341): Illuminate\\Console\\Command->execute(Object(Symfony\\Component\\Console\\Input\\ArgvInput), Object(Illuminate\\Console\\OutputStyle))
#27 /Users/rahmattanri/Documents/Project Code/raporppsr-deploy/vendor/laravel/framework/src/Illuminate/Console/Command.php(180): Symfony\\Component\\Console\\Command\\Command->run(Object(Symfony\\Component\\Console\\Input\\ArgvInput), Object(Illuminate\\Console\\OutputStyle))
#28 /Users/rahmattanri/Documents/Project Code/raporppsr-deploy/vendor/symfony/console/Application.php(1102): Illuminate\\Console\\Command->run(Object(Symfony\\Component\\Console\\Input\\ArgvInput), Object(Symfony\\Component\\Console\\Output\\ConsoleOutput))
#29 /Users/rahmattanri/Documents/Project Code/raporppsr-deploy/vendor/symfony/console/Application.php(356): Symfony\\Component\\Console\\Application->doRunCommand(Object(Illuminate\\Database\\Console\\Migrations\\MigrateCommand), Object(Symfony\\Component\\Console\\Input\\ArgvInput), Object(Symfony\\Component\\Console\\Output\\ConsoleOutput))
#30 /Users/rahmattanri/Documents/Project Code/raporppsr-deploy/vendor/symfony/console/Application.php(195): Symfony\\Component\\Console\\Application->doRun(Object(Symfony\\Component\\Console\\Input\\ArgvInput), Object(Symfony\\Component\\Console\\Output\\ConsoleOutput))
#31 /Users/rahmattanri/Documents/Project Code/raporppsr-deploy/vendor/laravel/framework/src/Illuminate/Foundation/Console/Kernel.php(198): Symfony\\Component\\Console\\Application->run(Object(Symfony\\Component\\Console\\Input\\ArgvInput), Object(Symfony\\Component\\Console\\Output\\ConsoleOutput))
#32 /Users/rahmattanri/Documents/Project Code/raporppsr-deploy/vendor/laravel/framework/src/Illuminate/Foundation/Application.php(1235): Illuminate\\Foundation\\Console\\Kernel->handle(Object(Symfony\\Component\\Console\\Input\\ArgvInput), Object(Symfony\\Component\\Console\\Output\\ConsoleOutput))
#33 /Users/rahmattanri/Documents/Project Code/raporppsr-deploy/artisan(16): Illuminate\\Foundation\\Application->handleCommand(Object(Symfony\\Component\\Console\\Input\\ArgvInput))
#34 {main}
"} 
[2026-03-15 02:25:00] local.ERROR: SQLSTATE[HY000]: General error: 1553 Cannot drop index 'guru_mapel_kelas_unique': needed in a foreign key constraint (Connection: mysql, Host: 127.0.0.1, Port: 3306, Database: raporappdeploy, SQL: alter table `guru_mata_pelajaran` drop index `guru_mapel_kelas_unique`) {"exception":"[object] (Illuminate\\Database\\QueryException(code: HY000): SQLSTATE[HY000]: General error: 1553 Cannot drop index 'guru_mapel_kelas_unique': needed in a foreign key constraint (Connection: mysql, Host: 127.0.0.1, Port: 3306, Database: raporappdeploy, SQL: alter table `guru_mata_pelajaran` drop index `guru_mapel_kelas_unique`) at /Users/rahmattanri/Documents/Project Code/raporppsr-deploy/vendor/laravel/framework/src/Illuminate/Database/Connection.php:838)
[stacktrace]
#0 /Users/rahmattanri/Documents/Project Code/raporppsr-deploy/vendor/laravel/framework/src/Illuminate/Database/Connection.php(794): Illuminate\\Database\\Connection->runQueryCallback('alter table `gu...', Array, Object(Closure))
#1 /Users/rahmattanri/Documents/Project Code/raporppsr-deploy/vendor/laravel/framework/src/Illuminate/Database/Connection.php(573): Illuminate\\Database\\Connection->run('alter table `gu...', Array, Object(Closure))
#2 /Users/rahmattanri/Documents/Project Code/raporppsr-deploy/vendor/laravel/framework/src/Illuminate/Database/Schema/Blueprint.php(121): Illuminate\\Database\\Connection->statement('alter table `gu...')
#3 /Users/rahmattanri/Documents/Project Code/raporppsr-deploy/vendor/laravel/framework/src/Illuminate/Database/Schema/Builder.php(684): Illuminate\\Database\\Schema\\Blueprint->build()
#4 /Users/rahmattanri/Documents/Project Code/raporppsr-deploy/vendor/laravel/framework/src/Illuminate/Database/Schema/Builder.php(494): Illuminate\\Database\\Schema\\Builder->build(Object(Illuminate\\Database\\Schema\\Blueprint))
#5 /Users/rahmattanri/Documents/Project Code/raporppsr-deploy/vendor/laravel/framework/src/Illuminate/Support/Facades/Facade.php(363): Illuminate\\Database\\Schema\\Builder->table('guru_mata_pelaj...', Object(Closure))
#6 /Users/rahmattanri/Documents/Project Code/raporppsr-deploy/database/migrations/2026_03_15_000001_change_kelas_id_to_tingkat_in_guru_mata_pelajaran_table.php(37): Illuminate\\Support\\Facades\\Facade::__callStatic('table', Array)
#7 /Users/rahmattanri/Documents/Project Code/raporppsr-deploy/vendor/laravel/framework/src/Illuminate/Database/Migrations/Migrator.php(517): Illuminate\\Database\\Migrations\\Migration@anonymous->up()
#8 /Users/rahmattanri/Documents/Project Code/raporppsr-deploy/vendor/laravel/framework/src/Illuminate/Database/Migrations/Migrator.php(442): Illuminate\\Database\\Migrations\\Migrator->runMethod(Object(Illuminate\\Database\\MySqlConnection), Object(Illuminate\\Database\\Migrations\\Migration@anonymous), 'up')
#9 /Users/rahmattanri/Documents/Project Code/raporppsr-deploy/vendor/laravel/framework/src/Illuminate/Database/Migrations/Migrator.php(451): Illuminate\\Database\\Migrations\\Migrator->{closure:Illuminate\\Database\\Migrations\\Migrator::runMigration():438}()
#10 /Users/rahmattanri/Documents/Project Code/raporppsr-deploy/vendor/laravel/framework/src/Illuminate/Database/Migrations/Migrator.php(253): Illuminate\\Database\\Migrations\\Migrator->runMigration(Object(Illuminate\\Database\\Migrations\\Migration@anonymous), 'up')
#11 /Users/rahmattanri/Documents/Project Code/raporppsr-deploy/vendor/laravel/framework/src/Illuminate/Console/View/Components/Task.php(41): Illuminate\\Database\\Migrations\\Migrator->{closure:Illuminate\\Database\\Migrations\\Migrator::runUp():253}()
#12 /Users/rahmattanri/Documents/Project Code/raporppsr-deploy/vendor/laravel/framework/src/Illuminate/Database/Migrations/Migrator.php(812): Illuminate\\Console\\View\\Components\\Task->render('2026_03_15_0000...', Object(Closure))
#13 /Users/rahmattanri/Documents/Project Code/raporppsr-deploy/vendor/laravel/framework/src/Illuminate/Database/Migrations/Migrator.php(253): Illuminate\\Database\\Migrations\\Migrator->write('Illuminate\\\\Cons...', '2026_03_15_0000...', Object(Closure))
#14 /Users/rahmattanri/Documents/Project Code/raporppsr-deploy/vendor/laravel/framework/src/Illuminate/Database/Migrations/Migrator.php(211): Illuminate\\Database\\Migrations\\Migrator->runUp('/Users/rahmatta...', 14, false)
#15 /Users/rahmattanri/Documents/Project Code/raporppsr-deploy/vendor/laravel/framework/src/Illuminate/Database/Migrations/Migrator.php(138): Illuminate\\Database\\Migrations\\Migrator->runPending(Array, Array)
#16 /Users/rahmattanri/Documents/Project Code/raporppsr-deploy/vendor/laravel/framework/src/Illuminate/Database/Console/Migrations/MigrateCommand.php(116): Illuminate\\Database\\Migrations\\Migrator->run(Array, Array)
#17 /Users/rahmattanri/Documents/Project Code/raporppsr-deploy/vendor/laravel/framework/src/Illuminate/Database/Migrations/Migrator.php(669): Illuminate\\Database\\Console\\Migrations\\MigrateCommand->{closure:Illuminate\\Database\\Console\\Migrations\\MigrateCommand::runMigrations():109}()
#18 /Users/rahmattanri/Documents/Project Code/raporppsr-deploy/vendor/laravel/framework/src/Illuminate/Database/Console/Migrations/MigrateCommand.php(109): Illuminate\\Database\\Migrations\\Migrator->usingConnection(NULL, Object(Closure))
#19 /Users/rahmattanri/Documents/Project Code/raporppsr-deploy/vendor/laravel/framework/src/Illuminate/Database/Console/Migrations/MigrateCommand.php(88): Illuminate\\Database\\Console\\Migrations\\MigrateCommand->runMigrations()
#20 /Users/rahmattanri/Documents/Project Code/raporppsr-deploy/vendor/laravel/framework/src/Illuminate/Container/BoundMethod.php(36): Illuminate\\Database\\Console\\Migrations\\MigrateCommand->handle()
#21 /Users/rahmattanri/Documents/Project Code/raporppsr-deploy/vendor/laravel/framework/src/Illuminate/Container/Util.php(43): Illuminate\\Container\\BoundMethod::{closure:Illuminate\\Container\\BoundMethod::call():35}()
#22 /Users/rahmattanri/Documents/Project Code/raporppsr-deploy/vendor/laravel/framework/src/Illuminate/Container/BoundMethod.php(96): Illuminate\\Container\\Util::unwrapIfClosure(Object(Closure))
#23 /Users/rahmattanri/Documents/Project Code/raporppsr-deploy/vendor/laravel/framework/src/Illuminate/Container/BoundMethod.php(35): Illuminate\\Container\\BoundMethod::callBoundMethod(Object(Illuminate\\Foundation\\Application), Array, Object(Closure))
#24 /Users/rahmattanri/Documents/Project Code/raporppsr-deploy/vendor/laravel/framework/src/Illuminate/Container/Container.php(799): Illuminate\\Container\\BoundMethod::call(Object(Illuminate\\Foundation\\Application), Array, Array, NULL)
#25 /Users/rahmattanri/Documents/Project Code/raporppsr-deploy/vendor/laravel/framework/src/Illuminate/Console/Command.php(211): Illuminate\\Container\\Container->call(Array)
#26 /Users/rahmattanri/Documents/Project Code/raporppsr-deploy/vendor/symfony/console/Command/Command.php(341): Illuminate\\Console\\Command->execute(Object(Symfony\\Component\\Console\\Input\\ArgvInput), Object(Illuminate\\Console\\OutputStyle))
#27 /Users/rahmattanri/Documents/Project Code/raporppsr-deploy/vendor/laravel/framework/src/Illuminate/Console/Command.php(180): Symfony\\Component\\Console\\Command\\Command->run(Object(Symfony\\Component\\Console\\Input\\ArgvInput), Object(Illuminate\\Console\\OutputStyle))
#28 /Users/rahmattanri/Documents/Project Code/raporppsr-deploy/vendor/symfony/console/Application.php(1102): Illuminate\\Console\\Command->run(Object(Symfony\\Component\\Console\\Input\\ArgvInput), Object(Symfony\\Component\\Console\\Output\\ConsoleOutput))
#29 /Users/rahmattanri/Documents/Project Code/raporppsr-deploy/vendor/symfony/console/Application.php(356): Symfony\\Component\\Console\\Application->doRunCommand(Object(Illuminate\\Database\\Console\\Migrations\\MigrateCommand), Object(Symfony\\Component\\Console\\Input\\ArgvInput), Object(Symfony\\Component\\Console\\Output\\ConsoleOutput))
#30 /Users/rahmattanri/Documents/Project Code/raporppsr-deploy/vendor/symfony/console/Application.php(195): Symfony\\Component\\Console\\Application->doRun(Object(Symfony\\Component\\Console\\Input\\ArgvInput), Object(Symfony\\Component\\Console\\Output\\ConsoleOutput))
#31 /Users/rahmattanri/Documents/Project Code/raporppsr-deploy/vendor/laravel/framework/src/Illuminate/Foundation/Console/Kernel.php(198): Symfony\\Component\\Console\\Application->run(Object(Symfony\\Component\\Console\\Input\\ArgvInput), Object(Symfony\\Component\\Console\\Output\\ConsoleOutput))
#32 /Users/rahmattanri/Documents/Project Code/raporppsr-deploy/vendor/laravel/framework/src/Illuminate/Foundation/Application.php(1235): Illuminate\\Foundation\\Console\\Kernel->handle(Object(Symfony\\Component\\Console\\Input\\ArgvInput), Object(Symfony\\Component\\Console\\Output\\ConsoleOutput))
#33 /Users/rahmattanri/Documents/Project Code/raporppsr-deploy/artisan(16): Illuminate\\Foundation\\Application->handleCommand(Object(Symfony\\Component\\Console\\Input\\ArgvInput))
#34 {main}

[previous exception] [object] (PDOException(code: HY000): SQLSTATE[HY000]: General error: 1553 Cannot drop index 'guru_mapel_kelas_unique': needed in a foreign key constraint at /Users/rahmattanri/Documents/Project Code/raporppsr-deploy/vendor/laravel/framework/src/Illuminate/Database/Connection.php:584)
[stacktrace]
#0 /Users/rahmattanri/Documents/Project Code/raporppsr-deploy/vendor/laravel/framework/src/Illuminate/Database/Connection.php(584): PDOStatement->execute()
#1 /Users/rahmattanri/Documents/Project Code/raporppsr-deploy/vendor/laravel/framework/src/Illuminate/Database/Connection.php(827): Illuminate\\Database\\Connection->{closure:Illuminate\\Database\\Connection::statement():573}('alter table `gu...', Array)
#2 /Users/rahmattanri/Documents/Project Code/raporppsr-deploy/vendor/laravel/framework/src/Illuminate/Database/Connection.php(794): Illuminate\\Database\\Connection->runQueryCallback('alter table `gu...', Array, Object(Closure))
#3 /Users/rahmattanri/Documents/Project Code/raporppsr-deploy/vendor/laravel/framework/src/Illuminate/Database/Connection.php(573): Illuminate\\Database\\Connection->run('alter table `gu...', Array, Object(Closure))
#4 /Users/rahmattanri/Documents/Project Code/raporppsr-deploy/vendor/laravel/framework/src/Illuminate/Database/Schema/Blueprint.php(121): Illuminate\\Database\\Connection->statement('alter table `gu...')
#5 /Users/rahmattanri/Documents/Project Code/raporppsr-deploy/vendor/laravel/framework/src/Illuminate/Database/Schema/Builder.php(684): Illuminate\\Database\\Schema\\Blueprint->build()
#6 /Users/rahmattanri/Documents/Project Code/raporppsr-deploy/vendor/laravel/framework/src/Illuminate/Database/Schema/Builder.php(494): Illuminate\\Database\\Schema\\Builder->build(Object(Illuminate\\Database\\Schema\\Blueprint))
#7 /Users/rahmattanri/Documents/Project Code/raporppsr-deploy/vendor/laravel/framework/src/Illuminate/Support/Facades/Facade.php(363): Illuminate\\Database\\Schema\\Builder->table('guru_mata_pelaj...', Object(Closure))
#8 /Users/rahmattanri/Documents/Project Code/raporppsr-deploy/database/migrations/2026_03_15_000001_change_kelas_id_to_tingkat_in_guru_mata_pelajaran_table.php(37): Illuminate\\Support\\Facades\\Facade::__callStatic('table', Array)
#9 /Users/rahmattanri/Documents/Project Code/raporppsr-deploy/vendor/laravel/framework/src/Illuminate/Database/Migrations/Migrator.php(517): Illuminate\\Database\\Migrations\\Migration@anonymous->up()
#10 /Users/rahmattanri/Documents/Project Code/raporppsr-deploy/vendor/laravel/framework/src/Illuminate/Database/Migrations/Migrator.php(442): Illuminate\\Database\\Migrations\\Migrator->runMethod(Object(Illuminate\\Database\\MySqlConnection), Object(Illuminate\\Database\\Migrations\\Migration@anonymous), 'up')
#11 /Users/rahmattanri/Documents/Project Code/raporppsr-deploy/vendor/laravel/framework/src/Illuminate/Database/Migrations/Migrator.php(451): Illuminate\\Database\\Migrations\\Migrator->{closure:Illuminate\\Database\\Migrations\\Migrator::runMigration():438}()
#12 /Users/rahmattanri/Documents/Project Code/raporppsr-deploy/vendor/laravel/framework/src/Illuminate/Database/Migrations/Migrator.php(253): Illuminate\\Database\\Migrations\\Migrator->runMigration(Object(Illuminate\\Database\\Migrations\\Migration@anonymous), 'up')
#13 /Users/rahmattanri/Documents/Project Code/raporppsr-deploy/vendor/laravel/framework/src/Illuminate/Console/View/Components/Task.php(41): Illuminate\\Database\\Migrations\\Migrator->{closure:Illuminate\\Database\\Migrations\\Migrator::runUp():253}()
#14 /Users/rahmattanri/Documents/Project Code/raporppsr-deploy/vendor/laravel/framework/src/Illuminate/Database/Migrations/Migrator.php(812): Illuminate\\Console\\View\\Components\\Task->render('2026_03_15_0000...', Object(Closure))
#15 /Users/rahmattanri/Documents/Project Code/raporppsr-deploy/vendor/laravel/framework/src/Illuminate/Database/Migrations/Migrator.php(253): Illuminate\\Database\\Migrations\\Migrator->write('Illuminate\\\\Cons...', '2026_03_15_0000...', Object(Closure))
#16 /Users/rahmattanri/Documents/Project Code/raporppsr-deploy/vendor/laravel/framework/src/Illuminate/Database/Migrations/Migrator.php(211): Illuminate\\Database\\Migrations\\Migrator->runUp('/Users/rahmatta...', 14, false)
#17 /Users/rahmattanri/Documents/Project Code/raporppsr-deploy/vendor/laravel/framework/src/Illuminate/Database/Migrations/Migrator.php(138): Illuminate\\Database\\Migrations\\Migrator->runPending(Array, Array)
#18 /Users/rahmattanri/Documents/Project Code/raporppsr-deploy/vendor/laravel/framework/src/Illuminate/Database/Console/Migrations/MigrateCommand.php(116): Illuminate\\Database\\Migrations\\Migrator->run(Array, Array)
#19 /Users/rahmattanri/Documents/Project Code/raporppsr-deploy/vendor/laravel/framework/src/Illuminate/Database/Migrations/Migrator.php(669): Illuminate\\Database\\Console\\Migrations\\MigrateCommand->{closure:Illuminate\\Database\\Console\\Migrations\\MigrateCommand::runMigrations():109}()
#20 /Users/rahmattanri/Documents/Project Code/raporppsr-deploy/vendor/laravel/framework/src/Illuminate/Database/Console/Migrations/MigrateCommand.php(109): Illuminate\\Database\\Migrations\\Migrator->usingConnection(NULL, Object(Closure))
#21 /Users/rahmattanri/Documents/Project Code/raporppsr-deploy/vendor/laravel/framework/src/Illuminate/Database/Console/Migrations/MigrateCommand.php(88): Illuminate\\Database\\Console\\Migrations\\MigrateCommand->runMigrations()
#22 /Users/rahmattanri/Documents/Project Code/raporppsr-deploy/vendor/laravel/framework/src/Illuminate/Container/BoundMethod.php(36): Illuminate\\Database\\Console\\Migrations\\MigrateCommand->handle()
#23 /Users/rahmattanri/Documents/Project Code/raporppsr-deploy/vendor/laravel/framework/src/Illuminate/Container/Util.php(43): Illuminate\\Container\\BoundMethod::{closure:Illuminate\\Container\\BoundMethod::call():35}()
#24 /Users/rahmattanri/Documents/Project Code/raporppsr-deploy/vendor/laravel/framework/src/Illuminate/Container/BoundMethod.php(96): Illuminate\\Container\\Util::unwrapIfClosure(Object(Closure))
#25 /Users/rahmattanri/Documents/Project Code/raporppsr-deploy/vendor/laravel/framework/src/Illuminate/Container/BoundMethod.php(35): Illuminate\\Container\\BoundMethod::callBoundMethod(Object(Illuminate\\Foundation\\Application), Array, Object(Closure))
#26 /Users/rahmattanri/Documents/Project Code/raporppsr-deploy/vendor/laravel/framework/src/Illuminate/Container/Container.php(799): Illuminate\\Container\\BoundMethod::call(Object(Illuminate\\Foundation\\Application), Array, Array, NULL)
#27 /Users/rahmattanri/Documents/Project Code/raporppsr-deploy/vendor/laravel/framework/src/Illuminate/Console/Command.php(211): Illuminate\\Container\\Container->call(Array)
#28 /Users/rahmattanri/Documents/Project Code/raporppsr-deploy/vendor/symfony/console/Command/Command.php(341): Illuminate\\Console\\Command->execute(Object(Symfony\\Component\\Console\\Input\\ArgvInput), Object(Illuminate\\Console\\OutputStyle))
#29 /Users/rahmattanri/Documents/Project Code/raporppsr-deploy/vendor/laravel/framework/src/Illuminate/Console/Command.php(180): Symfony\\Component\\Console\\Command\\Command->run(Object(Symfony\\Component\\Console\\Input\\ArgvInput), Object(Illuminate\\Console\\OutputStyle))
#30 /Users/rahmattanri/Documents/Project Code/raporppsr-deploy/vendor/symfony/console/Application.php(1102): Illuminate\\Console\\Command->run(Object(Symfony\\Component\\Console\\Input\\ArgvInput), Object(Symfony\\Component\\Console\\Output\\ConsoleOutput))
#31 /Users/rahmattanri/Documents/Project Code/raporppsr-deploy/vendor/symfony/console/Application.php(356): Symfony\\Component\\Console\\Application->doRunCommand(Object(Illuminate\\Database\\Console\\Migrations\\MigrateCommand), Object(Symfony\\Component\\Console\\Input\\ArgvInput), Object(Symfony\\Component\\Console\\Output\\ConsoleOutput))
#32 /Users/rahmattanri/Documents/Project Code/raporppsr-deploy/vendor/symfony/console/Application.php(195): Symfony\\Component\\Console\\Application->doRun(Object(Symfony\\Component\\Console\\Input\\ArgvInput), Object(Symfony\\Component\\Console\\Output\\ConsoleOutput))
#33 /Users/rahmattanri/Documents/Project Code/raporppsr-deploy/vendor/laravel/framework/src/Illuminate/Foundation/Console/Kernel.php(198): Symfony\\Component\\Console\\Application->run(Object(Symfony\\Component\\Console\\Input\\ArgvInput), Object(Symfony\\Component\\Console\\Output\\ConsoleOutput))
#34 /Users/rahmattanri/Documents/Project Code/raporppsr-deploy/vendor/laravel/framework/src/Illuminate/Foundation/Application.php(1235): Illuminate\\Foundation\\Console\\Kernel->handle(Object(Symfony\\Component\\Console\\Input\\ArgvInput), Object(Symfony\\Component\\Console\\Output\\ConsoleOutput))
#35 /Users/rahmattanri/Documents/Project Code/raporppsr-deploy/artisan(16): Illuminate\\Foundation\\Application->handleCommand(Object(Symfony\\Component\\Console\\Input\\ArgvInput))
#36 {main}
"} 
[2026-03-15 02:33:04] local.ERROR: SQLSTATE[23000]: Integrity constraint violation: 1052 Column 'tingkat' in field list is ambiguous (Connection: mysql, Host: 127.0.0.1, Port: 3306, Database: raporappdeploy, SQL: select count(distinct `tingkat`) as aggregate from `mata_pelajarans` inner join `guru_mata_pelajaran` on `mata_pelajarans`.`id` = `guru_mata_pelajaran`.`mata_pelajaran_id` where `guru_mata_pelajaran`.`guru_id` = 13) {"userId":30,"exception":"[object] (Illuminate\\Database\\QueryException(code: 23000): SQLSTATE[23000]: Integrity constraint violation: 1052 Column 'tingkat' in field list is ambiguous (Connection: mysql, Host: 127.0.0.1, Port: 3306, Database: raporappdeploy, SQL: select count(distinct `tingkat`) as aggregate from `mata_pelajarans` inner join `guru_mata_pelajaran` on `mata_pelajarans`.`id` = `guru_mata_pelajaran`.`mata_pelajaran_id` where `guru_mata_pelajaran`.`guru_id` = 13) at /Users/rahmattanri/Documents/Project Code/raporppsr-deploy/vendor/laravel/framework/src/Illuminate/Database/Connection.php:838)
[stacktrace]
#0 /Users/rahmattanri/Documents/Project Code/raporppsr-deploy/vendor/laravel/framework/src/Illuminate/Database/Connection.php(794): Illuminate\\Database\\Connection->runQueryCallback('select count(di...', Array, Object(Closure))
#1 /Users/rahmattanri/Documents/Project Code/raporppsr-deploy/vendor/laravel/framework/src/Illuminate/Database/Connection.php(411): Illuminate\\Database\\Connection->run('select count(di...', Array, Object(Closure))
#2 /Users/rahmattanri/Documents/Project Code/raporppsr-deploy/vendor/laravel/framework/src/Illuminate/Database/Query/Builder.php(3389): Illuminate\\Database\\Connection->select('select count(di...', Array, true)
#3 /Users/rahmattanri/Documents/Project Code/raporppsr-deploy/vendor/laravel/framework/src/Illuminate/Database/Query/Builder.php(3374): Illuminate\\Database\\Query\\Builder->runSelect()
#4 /Users/rahmattanri/Documents/Project Code/raporppsr-deploy/vendor/laravel/framework/src/Illuminate/Database/Query/Builder.php(3964): Illuminate\\Database\\Query\\Builder->{closure:Illuminate\\Database\\Query\\Builder::get():3373}()
#5 /Users/rahmattanri/Documents/Project Code/raporppsr-deploy/vendor/laravel/framework/src/Illuminate/Database/Query/Builder.php(3373): Illuminate\\Database\\Query\\Builder->onceWithColumns(Array, Object(Closure))
#6 /Users/rahmattanri/Documents/Project Code/raporppsr-deploy/vendor/laravel/framework/src/Illuminate/Database/Query/Builder.php(3888): Illuminate\\Database\\Query\\Builder->get(Array)
#7 /Users/rahmattanri/Documents/Project Code/raporppsr-deploy/vendor/laravel/framework/src/Illuminate/Database/Query/Builder.php(3816): Illuminate\\Database\\Query\\Builder->aggregate('count', Array)
#8 /Users/rahmattanri/Documents/Project Code/raporppsr-deploy/vendor/laravel/framework/src/Illuminate/Database/Eloquent/Builder.php(2235): Illuminate\\Database\\Query\\Builder->count()
#9 /Users/rahmattanri/Documents/Project Code/raporppsr-deploy/vendor/laravel/framework/src/Illuminate/Support/Traits/ForwardsCalls.php(23): Illuminate\\Database\\Eloquent\\Builder->__call('count', Array)
#10 /Users/rahmattanri/Documents/Project Code/raporppsr-deploy/vendor/laravel/framework/src/Illuminate/Support/Traits/ForwardsCalls.php(52): Illuminate\\Database\\Eloquent\\Relations\\Relation->forwardCallTo(Object(Illuminate\\Database\\Eloquent\\Builder), 'count', Array)
#11 /Users/rahmattanri/Documents/Project Code/raporppsr-deploy/vendor/laravel/framework/src/Illuminate/Database/Eloquent/Relations/Relation.php(538): Illuminate\\Database\\Eloquent\\Relations\\Relation->forwardDecoratedCallTo(Object(Illuminate\\Database\\Eloquent\\Builder), 'count', Array)
#12 /Users/rahmattanri/Documents/Project Code/raporppsr-deploy/app/Livewire/Dashboard.php(35): Illuminate\\Database\\Eloquent\\Relations\\Relation->__call('count', Array)
#13 /Users/rahmattanri/Documents/Project Code/raporppsr-deploy/vendor/laravel/framework/src/Illuminate/Container/BoundMethod.php(36): App\\Livewire\\Dashboard->render()
#14 /Users/rahmattanri/Documents/Project Code/raporppsr-deploy/vendor/laravel/framework/src/Illuminate/Container/Util.php(43): Illuminate\\Container\\BoundMethod::{closure:Illuminate\\Container\\BoundMethod::call():35}()
#15 /Users/rahmattanri/Documents/Project Code/raporppsr-deploy/vendor/laravel/framework/src/Illuminate/Container/BoundMethod.php(96): Illuminate\\Container\\Util::unwrapIfClosure(Object(Closure))
#16 /Users/rahmattanri/Documents/Project Code/raporppsr-deploy/vendor/laravel/framework/src/Illuminate/Container/BoundMethod.php(35): Illuminate\\Container\\BoundMethod::callBoundMethod(Object(Illuminate\\Foundation\\Application), Array, Object(Closure))
#17 /Users/rahmattanri/Documents/Project Code/raporppsr-deploy/vendor/livewire/livewire/src/Wrapped.php(23): Illuminate\\Container\\BoundMethod::call(Object(Illuminate\\Foundation\\Application), Array, Array)
#18 /Users/rahmattanri/Documents/Project Code/raporppsr-deploy/vendor/livewire/livewire/src/Mechanisms/HandleComponents/HandleComponents.php(410): Livewire\\Wrapped->__call('render', Array)
#19 /Users/rahmattanri/Documents/Project Code/raporppsr-deploy/vendor/livewire/livewire/src/Mechanisms/HandleComponents/HandleComponents.php(367): Livewire\\Mechanisms\\HandleComponents\\HandleComponents->getView(Object(App\\Livewire\\Dashboard))
#20 /Users/rahmattanri/Documents/Project Code/raporppsr-deploy/vendor/livewire/livewire/src/Mechanisms/HandleComponents/HandleComponents.php(70): Livewire\\Mechanisms\\HandleComponents\\HandleComponents->render(Object(App\\Livewire\\Dashboard), '<div></div>')
#21 /Users/rahmattanri/Documents/Project Code/raporppsr-deploy/vendor/livewire/livewire/src/LivewireManager.php(102): Livewire\\Mechanisms\\HandleComponents\\HandleComponents->mount('App\\\\Livewire\\\\Da...', Array, NULL, Array)
#22 /Users/rahmattanri/Documents/Project Code/raporppsr-deploy/vendor/livewire/livewire/src/Features/SupportPageComponents/HandlesPageComponents.php(19): Livewire\\LivewireManager->mount('App\\\\Livewire\\\\Da...', Array)
#23 /Users/rahmattanri/Documents/Project Code/raporppsr-deploy/vendor/livewire/livewire/src/Features/SupportPageComponents/SupportPageComponents.php(118): Livewire\\Component->{closure:Livewire\\Features\\SupportPageComponents\\HandlesPageComponents::__invoke():14}()
#24 /Users/rahmattanri/Documents/Project Code/raporppsr-deploy/vendor/livewire/livewire/src/Features/SupportPageComponents/HandlesPageComponents.php(14): Livewire\\Features\\SupportPageComponents\\SupportPageComponents::interceptTheRenderOfTheComponentAndRetreiveTheLayoutConfiguration(Object(Closure))
#25 /Users/rahmattanri/Documents/Project Code/raporppsr-deploy/vendor/laravel/framework/src/Illuminate/Routing/ControllerDispatcher.php(46): Livewire\\Component->__invoke()
#26 /Users/rahmattanri/Documents/Project Code/raporppsr-deploy/vendor/laravel/framework/src/Illuminate/Routing/Route.php(265): Illuminate\\Routing\\ControllerDispatcher->dispatch(Object(Illuminate\\Routing\\Route), Object(App\\Livewire\\Dashboard), '__invoke')
#27 /Users/rahmattanri/Documents/Project Code/raporppsr-deploy/vendor/laravel/framework/src/Illuminate/Routing/Route.php(211): Illuminate\\Routing\\Route->runController()
#28 /Users/rahmattanri/Documents/Project Code/raporppsr-deploy/vendor/laravel/framework/src/Illuminate/Routing/Router.php(822): Illuminate\\Routing\\Route->run()
#29 /Users/rahmattanri/Documents/Project Code/raporppsr-deploy/vendor/laravel/framework/src/Illuminate/Pipeline/Pipeline.php(180): Illuminate\\Routing\\Router->{closure:Illuminate\\Routing\\Router::runRouteWithinStack():821}(Object(Illuminate\\Http\\Request))
#30 /Users/rahmattanri/Documents/Project Code/raporppsr-deploy/vendor/laravel/framework/src/Illuminate/Routing/Middleware/SubstituteBindings.php(50): Illuminate\\Pipeline\\Pipeline->{closure:Illuminate\\Pipeline\\Pipeline::prepareDestination():178}(Object(Illuminate\\Http\\Request))
#31 /Users/rahmattanri/Documents/Project Code/raporppsr-deploy/vendor/laravel/framework/src/Illuminate/Pipeline/Pipeline.php(219): Illuminate\\Routing\\Middleware\\SubstituteBindings->handle(Object(Illuminate\\Http\\Request), Object(Closure))
#32 /Users/rahmattanri/Documents/Project Code/raporppsr-deploy/vendor/laravel/framework/src/Illuminate/Auth/Middleware/Authenticate.php(63): Illuminate\\Pipeline\\Pipeline->{closure:{closure:Illuminate\\Pipeline\\Pipeline::carry():194}:195}(Object(Illuminate\\Http\\Request))
#33 /Users/rahmattanri/Documents/Project Code/raporppsr-deploy/vendor/laravel/framework/src/Illuminate/Pipeline/Pipeline.php(219): Illuminate\\Auth\\Middleware\\Authenticate->handle(Object(Illuminate\\Http\\Request), Object(Closure))
#34 /Users/rahmattanri/Documents/Project Code/raporppsr-deploy/vendor/laravel/framework/src/Illuminate/Foundation/Http/Middleware/VerifyCsrfToken.php(87): Illuminate\\Pipeline\\Pipeline->{closure:{closure:Illuminate\\Pipeline\\Pipeline::carry():194}:195}(Object(Illuminate\\Http\\Request))
#35 /Users/rahmattanri/Documents/Project Code/raporppsr-deploy/vendor/laravel/framework/src/Illuminate/Pipeline/Pipeline.php(219): Illuminate\\Foundation\\Http\\Middleware\\VerifyCsrfToken->handle(Object(Illuminate\\Http\\Request), Object(Closure))
#36 /Users/rahmattanri/Documents/Project Code/raporppsr-deploy/vendor/laravel/framework/src/Illuminate/View/Middleware/ShareErrorsFromSession.php(48): Illuminate\\Pipeline\\Pipeline->{closure:{closure:Illuminate\\Pipeline\\Pipeline::carry():194}:195}(Object(Illuminate\\Http\\Request))
#37 /Users/rahmattanri/Documents/Project Code/raporppsr-deploy/vendor/laravel/framework/src/Illuminate/Pipeline/Pipeline.php(219): Illuminate\\View\\Middleware\\ShareErrorsFromSession->handle(Object(Illuminate\\Http\\Request), Object(Closure))
#38 /Users/rahmattanri/Documents/Project Code/raporppsr-deploy/vendor/laravel/framework/src/Illuminate/Session/Middleware/StartSession.php(120): Illuminate\\Pipeline\\Pipeline->{closure:{closure:Illuminate\\Pipeline\\Pipeline::carry():194}:195}(Object(Illuminate\\Http\\Request))
#39 /Users/rahmattanri/Documents/Project Code/raporppsr-deploy/vendor/laravel/framework/src/Illuminate/Session/Middleware/StartSession.php(63): Illuminate\\Session\\Middleware\\StartSession->handleStatefulRequest(Object(Illuminate\\Http\\Request), Object(Illuminate\\Session\\Store), Object(Closure))
#40 /Users/rahmattanri/Documents/Project Code/raporppsr-deploy/vendor/laravel/framework/src/Illuminate/Pipeline/Pipeline.php(219): Illuminate\\Session\\Middleware\\StartSession->handle(Object(Illuminate\\Http\\Request), Object(Closure))
#41 /Users/rahmattanri/Documents/Project Code/raporppsr-deploy/vendor/laravel/framework/src/Illuminate/Cookie/Middleware/AddQueuedCookiesToResponse.php(36): Illuminate\\Pipeline\\Pipeline->{closure:{closure:Illuminate\\Pipeline\\Pipeline::carry():194}:195}(Object(Illuminate\\Http\\Request))
#42 /Users/rahmattanri/Documents/Project Code/raporppsr-deploy/vendor/laravel/framework/src/Illuminate/Pipeline/Pipeline.php(219): Illuminate\\Cookie\\Middleware\\AddQueuedCookiesToResponse->handle(Object(Illuminate\\Http\\Request), Object(Closure))
#43 /Users/rahmattanri/Documents/Project Code/raporppsr-deploy/vendor/laravel/framework/src/Illuminate/Cookie/Middleware/EncryptCookies.php(74): Illuminate\\Pipeline\\Pipeline->{closure:{closure:Illuminate\\Pipeline\\Pipeline::carry():194}:195}(Object(Illuminate\\Http\\Request))
#44 /Users/rahmattanri/Documents/Project Code/raporppsr-deploy/vendor/laravel/framework/src/Illuminate/Pipeline/Pipeline.php(219): Illuminate\\Cookie\\Middleware\\EncryptCookies->handle(Object(Illuminate\\Http\\Request), Object(Closure))
#45 /Users/rahmattanri/Documents/Project Code/raporppsr-deploy/vendor/laravel/framework/src/Illuminate/Pipeline/Pipeline.php(137): Illuminate\\Pipeline\\Pipeline->{closure:{closure:Illuminate\\Pipeline\\Pipeline::carry():194}:195}(Object(Illuminate\\Http\\Request))
#46 /Users/rahmattanri/Documents/Project Code/raporppsr-deploy/vendor/laravel/framework/src/Illuminate/Routing/Router.php(821): Illuminate\\Pipeline\\Pipeline->then(Object(Closure))
#47 /Users/rahmattanri/Documents/Project Code/raporppsr-deploy/vendor/laravel/framework/src/Illuminate/Routing/Router.php(800): Illuminate\\Routing\\Router->runRouteWithinStack(Object(Illuminate\\Routing\\Route), Object(Illuminate\\Http\\Request))
#48 /Users/rahmattanri/Documents/Project Code/raporppsr-deploy/vendor/laravel/framework/src/Illuminate/Routing/Router.php(764): Illuminate\\Routing\\Router->runRoute(Object(Illuminate\\Http\\Request), Object(Illuminate\\Routing\\Route))
#49 /Users/rahmattanri/Documents/Project Code/raporppsr-deploy/vendor/laravel/framework/src/Illuminate/Routing/Router.php(753): Illuminate\\Routing\\Router->dispatchToRoute(Object(Illuminate\\Http\\Request))
#50 /Users/rahmattanri/Documents/Project Code/raporppsr-deploy/vendor/laravel/framework/src/Illuminate/Foundation/Http/Kernel.php(200): Illuminate\\Routing\\Router->dispatch(Object(Illuminate\\Http\\Request))
#51 /Users/rahmattanri/Documents/Project Code/raporppsr-deploy/vendor/laravel/framework/src/Illuminate/Pipeline/Pipeline.php(180): Illuminate\\Foundation\\Http\\Kernel->{closure:Illuminate\\Foundation\\Http\\Kernel::dispatchToRouter():197}(Object(Illuminate\\Http\\Request))
#52 /Users/rahmattanri/Documents/Project Code/raporppsr-deploy/vendor/livewire/livewire/src/Features/SupportDisablingBackButtonCache/DisableBackButtonCacheMiddleware.php(19): Illuminate\\Pipeline\\Pipeline->{closure:Illuminate\\Pipeline\\Pipeline::prepareDestination():178}(Object(Illuminate\\Http\\Request))
#53 /Users/rahmattanri/Documents/Project Code/raporppsr-deploy/vendor/laravel/framework/src/Illuminate/Pipeline/Pipeline.php(219): Livewire\\Features\\SupportDisablingBackButtonCache\\DisableBackButtonCacheMiddleware->handle(Object(Illuminate\\Http\\Request), Object(Closure))
#54 /Users/rahmattanri/Documents/Project Code/raporppsr-deploy/vendor/laravel/framework/src/Illuminate/Foundation/Http/Middleware/TransformsRequest.php(21): Illuminate\\Pipeline\\Pipeline->{closure:{closure:Illuminate\\Pipeline\\Pipeline::carry():194}:195}(Object(Illuminate\\Http\\Request))
#55 /Users/rahmattanri/Documents/Project Code/raporppsr-deploy/vendor/laravel/framework/src/Illuminate/Foundation/Http/Middleware/ConvertEmptyStringsToNull.php(31): Illuminate\\Foundation\\Http\\Middleware\\TransformsRequest->handle(Object(Illuminate\\Http\\Request), Object(Closure))
#56 /Users/rahmattanri/Documents/Project Code/raporppsr-deploy/vendor/laravel/framework/src/Illuminate/Pipeline/Pipeline.php(219): Illuminate\\Foundation\\Http\\Middleware\\ConvertEmptyStringsToNull->handle(Object(Illuminate\\Http\\Request), Object(Closure))
#57 /Users/rahmattanri/Documents/Project Code/raporppsr-deploy/vendor/laravel/framework/src/Illuminate/Foundation/Http/Middleware/TransformsRequest.php(21): Illuminate\\Pipeline\\Pipeline->{closure:{closure:Illuminate\\Pipeline\\Pipeline::carry():194}:195}(Object(Illuminate\\Http\\Request))
#58 /Users/rahmattanri/Documents/Project Code/raporppsr-deploy/vendor/laravel/framework/src/Illuminate/Foundation/Http/Middleware/TrimStrings.php(51): Illuminate\\Foundation\\Http\\Middleware\\TransformsRequest->handle(Object(Illuminate\\Http\\Request), Object(Closure))
#59 /Users/rahmattanri/Documents/Project Code/raporppsr-deploy/vendor/laravel/framework/src/Illuminate/Pipeline/Pipeline.php(219): Illuminate\\Foundation\\Http\\Middleware\\TrimStrings->handle(Object(Illuminate\\Http\\Request), Object(Closure))
#60 /Users/rahmattanri/Documents/Project Code/raporppsr-deploy/vendor/laravel/framework/src/Illuminate/Http/Middleware/ValidatePostSize.php(27): Illuminate\\Pipeline\\Pipeline->{closure:{closure:Illuminate\\Pipeline\\Pipeline::carry():194}:195}(Object(Illuminate\\Http\\Request))
#61 /Users/rahmattanri/Documents/Project Code/raporppsr-deploy/vendor/laravel/framework/src/Illuminate/Pipeline/Pipeline.php(219): Illuminate\\Http\\Middleware\\ValidatePostSize->handle(Object(Illuminate\\Http\\Request), Object(Closure))
#62 /Users/rahmattanri/Documents/Project Code/raporppsr-deploy/vendor/laravel/framework/src/Illuminate/Foundation/Http/Middleware/PreventRequestsDuringMaintenance.php(109): Illuminate\\Pipeline\\Pipeline->{closure:{closure:Illuminate\\Pipeline\\Pipeline::carry():194}:195}(Object(Illuminate\\Http\\Request))
#63 /Users/rahmattanri/Documents/Project Code/raporppsr-deploy/vendor/laravel/framework/src/Illuminate/Pipeline/Pipeline.php(219): Illuminate\\Foundation\\Http\\Middleware\\PreventRequestsDuringMaintenance->handle(Object(Illuminate\\Http\\Request), Object(Closure))
#64 /Users/rahmattanri/Documents/Project Code/raporppsr-deploy/vendor/laravel/framework/src/Illuminate/Http/Middleware/HandleCors.php(61): Illuminate\\Pipeline\\Pipeline->{closure:{closure:Illuminate\\Pipeline\\Pipeline::carry():194}:195}(Object(Illuminate\\Http\\Request))
#65 /Users/rahmattanri/Documents/Project Code/raporppsr-deploy/vendor/laravel/framework/src/Illuminate/Pipeline/Pipeline.php(219): Illuminate\\Http\\Middleware\\HandleCors->handle(Object(Illuminate\\Http\\Request), Object(Closure))
#66 /Users/rahmattanri/Documents/Project Code/raporppsr-deploy/vendor/laravel/framework/src/Illuminate/Http/Middleware/TrustProxies.php(58): Illuminate\\Pipeline\\Pipeline->{closure:{closure:Illuminate\\Pipeline\\Pipeline::carry():194}:195}(Object(Illuminate\\Http\\Request))
#67 /Users/rahmattanri/Documents/Project Code/raporppsr-deploy/vendor/laravel/framework/src/Illuminate/Pipeline/Pipeline.php(219): Illuminate\\Http\\Middleware\\TrustProxies->handle(Object(Illuminate\\Http\\Request), Object(Closure))
#68 /Users/rahmattanri/Documents/Project Code/raporppsr-deploy/vendor/laravel/framework/src/Illuminate/Foundation/Http/Middleware/InvokeDeferredCallbacks.php(22): Illuminate\\Pipeline\\Pipeline->{closure:{closure:Illuminate\\Pipeline\\Pipeline::carry():194}:195}(Object(Illuminate\\Http\\Request))
#69 /Users/rahmattanri/Documents/Project Code/raporppsr-deploy/vendor/laravel/framework/src/Illuminate/Pipeline/Pipeline.php(219): Illuminate\\Foundation\\Http\\Middleware\\InvokeDeferredCallbacks->handle(Object(Illuminate\\Http\\Request), Object(Closure))
#70 /Users/rahmattanri/Documents/Project Code/raporppsr-deploy/vendor/laravel/framework/src/Illuminate/Http/Middleware/ValidatePathEncoding.php(26): Illuminate\\Pipeline\\Pipeline->{closure:{closure:Illuminate\\Pipeline\\Pipeline::carry():194}:195}(Object(Illuminate\\Http\\Request))
#71 /Users/rahmattanri/Documents/Project Code/raporppsr-deploy/vendor/laravel/framework/src/Illuminate/Pipeline/Pipeline.php(219): Illuminate\\Http\\Middleware\\ValidatePathEncoding->handle(Object(Illuminate\\Http\\Request), Object(Closure))
#72 /Users/rahmattanri/Documents/Project Code/raporppsr-deploy/vendor/laravel/framework/src/Illuminate/Pipeline/Pipeline.php(137): Illuminate\\Pipeline\\Pipeline->{closure:{closure:Illuminate\\Pipeline\\Pipeline::carry():194}:195}(Object(Illuminate\\Http\\Request))
#73 /Users/rahmattanri/Documents/Project Code/raporppsr-deploy/vendor/laravel/framework/src/Illuminate/Foundation/Http/Kernel.php(175): Illuminate\\Pipeline\\Pipeline->then(Object(Closure))
#74 /Users/rahmattanri/Documents/Project Code/raporppsr-deploy/vendor/laravel/framework/src/Illuminate/Foundation/Http/Kernel.php(144): Illuminate\\Foundation\\Http\\Kernel->sendRequestThroughRouter(Object(Illuminate\\Http\\Request))
#75 /Users/rahmattanri/Documents/Project Code/raporppsr-deploy/vendor/laravel/framework/src/Illuminate/Foundation/Application.php(1220): Illuminate\\Foundation\\Http\\Kernel->handle(Object(Illuminate\\Http\\Request))
#76 /Users/rahmattanri/Documents/Project Code/raporppsr-deploy/public/index.php(20): Illuminate\\Foundation\\Application->handleRequest(Object(Illuminate\\Http\\Request))
#77 /Users/rahmattanri/Documents/Project Code/raporppsr-deploy/vendor/laravel/framework/src/Illuminate/Foundation/resources/server.php(23): require_once('/Users/rahmatta...')
#78 {main}

[previous exception] [object] (PDOException(code: 23000): SQLSTATE[23000]: Integrity constraint violation: 1052 Column 'tingkat' in field list is ambiguous at /Users/rahmattanri/Documents/Project Code/raporppsr-deploy/vendor/laravel/framework/src/Illuminate/Database/Connection.php:420)
[stacktrace]
#0 /Users/rahmattanri/Documents/Project Code/raporppsr-deploy/vendor/laravel/framework/src/Illuminate/Database/Connection.php(420): PDO->prepare('select count(di...')
#1 /Users/rahmattanri/Documents/Project Code/raporppsr-deploy/vendor/laravel/framework/src/Illuminate/Database/Connection.php(827): Illuminate\\Database\\Connection->{closure:Illuminate\\Database\\Connection::select():411}('select count(di...', Array)
#2 /Users/rahmattanri/Documents/Project Code/raporppsr-deploy/vendor/laravel/framework/src/Illuminate/Database/Connection.php(794): Illuminate\\Database\\Connection->runQueryCallback('select count(di...', Array, Object(Closure))
#3 /Users/rahmattanri/Documents/Project Code/raporppsr-deploy/vendor/laravel/framework/src/Illuminate/Database/Connection.php(411): Illuminate\\Database\\Connection->run('select count(di...', Array, Object(Closure))
#4 /Users/rahmattanri/Documents/Project Code/raporppsr-deploy/vendor/laravel/framework/src/Illuminate/Database/Query/Builder.php(3389): Illuminate\\Database\\Connection->select('select count(di...', Array, true)
#5 /Users/rahmattanri/Documents/Project Code/raporppsr-deploy/vendor/laravel/framework/src/Illuminate/Database/Query/Builder.php(3374): Illuminate\\Database\\Query\\Builder->runSelect()
#6 /Users/rahmattanri/Documents/Project Code/raporppsr-deploy/vendor/laravel/framework/src/Illuminate/Database/Query/Builder.php(3964): Illuminate\\Database\\Query\\Builder->{closure:Illuminate\\Database\\Query\\Builder::get():3373}()
#7 /Users/rahmattanri/Documents/Project Code/raporppsr-deploy/vendor/laravel/framework/src/Illuminate/Database/Query/Builder.php(3373): Illuminate\\Database\\Query\\Builder->onceWithColumns(Array, Object(Closure))
#8 /Users/rahmattanri/Documents/Project Code/raporppsr-deploy/vendor/laravel/framework/src/Illuminate/Database/Query/Builder.php(3888): Illuminate\\Database\\Query\\Builder->get(Array)
#9 /Users/rahmattanri/Documents/Project Code/raporppsr-deploy/vendor/laravel/framework/src/Illuminate/Database/Query/Builder.php(3816): Illuminate\\Database\\Query\\Builder->aggregate('count', Array)
#10 /Users/rahmattanri/Documents/Project Code/raporppsr-deploy/vendor/laravel/framework/src/Illuminate/Database/Eloquent/Builder.php(2235): Illuminate\\Database\\Query\\Builder->count()
#11 /Users/rahmattanri/Documents/Project Code/raporppsr-deploy/vendor/laravel/framework/src/Illuminate/Support/Traits/ForwardsCalls.php(23): Illuminate\\Database\\Eloquent\\Builder->__call('count', Array)
#12 /Users/rahmattanri/Documents/Project Code/raporppsr-deploy/vendor/laravel/framework/src/Illuminate/Support/Traits/ForwardsCalls.php(52): Illuminate\\Database\\Eloquent\\Relations\\Relation->forwardCallTo(Object(Illuminate\\Database\\Eloquent\\Builder), 'count', Array)
#13 /Users/rahmattanri/Documents/Project Code/raporppsr-deploy/vendor/laravel/framework/src/Illuminate/Database/Eloquent/Relations/Relation.php(538): Illuminate\\Database\\Eloquent\\Relations\\Relation->forwardDecoratedCallTo(Object(Illuminate\\Database\\Eloquent\\Builder), 'count', Array)
#14 /Users/rahmattanri/Documents/Project Code/raporppsr-deploy/app/Livewire/Dashboard.php(35): Illuminate\\Database\\Eloquent\\Relations\\Relation->__call('count', Array)
#15 /Users/rahmattanri/Documents/Project Code/raporppsr-deploy/vendor/laravel/framework/src/Illuminate/Container/BoundMethod.php(36): App\\Livewire\\Dashboard->render()
#16 /Users/rahmattanri/Documents/Project Code/raporppsr-deploy/vendor/laravel/framework/src/Illuminate/Container/Util.php(43): Illuminate\\Container\\BoundMethod::{closure:Illuminate\\Container\\BoundMethod::call():35}()
#17 /Users/rahmattanri/Documents/Project Code/raporppsr-deploy/vendor/laravel/framework/src/Illuminate/Container/BoundMethod.php(96): Illuminate\\Container\\Util::unwrapIfClosure(Object(Closure))
#18 /Users/rahmattanri/Documents/Project Code/raporppsr-deploy/vendor/laravel/framework/src/Illuminate/Container/BoundMethod.php(35): Illuminate\\Container\\BoundMethod::callBoundMethod(Object(Illuminate\\Foundation\\Application), Array, Object(Closure))
#19 /Users/rahmattanri/Documents/Project Code/raporppsr-deploy/vendor/livewire/livewire/src/Wrapped.php(23): Illuminate\\Container\\BoundMethod::call(Object(Illuminate\\Foundation\\Application), Array, Array)
#20 /Users/rahmattanri/Documents/Project Code/raporppsr-deploy/vendor/livewire/livewire/src/Mechanisms/HandleComponents/HandleComponents.php(410): Livewire\\Wrapped->__call('render', Array)
#21 /Users/rahmattanri/Documents/Project Code/raporppsr-deploy/vendor/livewire/livewire/src/Mechanisms/HandleComponents/HandleComponents.php(367): Livewire\\Mechanisms\\HandleComponents\\HandleComponents->getView(Object(App\\Livewire\\Dashboard))
#22 /Users/rahmattanri/Documents/Project Code/raporppsr-deploy/vendor/livewire/livewire/src/Mechanisms/HandleComponents/HandleComponents.php(70): Livewire\\Mechanisms\\HandleComponents\\HandleComponents->render(Object(App\\Livewire\\Dashboard), '<div></div>')
#23 /Users/rahmattanri/Documents/Project Code/raporppsr-deploy/vendor/livewire/livewire/src/LivewireManager.php(102): Livewire\\Mechanisms\\HandleComponents\\HandleComponents->mount('App\\\\Livewire\\\\Da...', Array, NULL, Array)
#24 /Users/rahmattanri/Documents/Project Code/raporppsr-deploy/vendor/livewire/livewire/src/Features/SupportPageComponents/HandlesPageComponents.php(19): Livewire\\LivewireManager->mount('App\\\\Livewire\\\\Da...', Array)
#25 /Users/rahmattanri/Documents/Project Code/raporppsr-deploy/vendor/livewire/livewire/src/Features/SupportPageComponents/SupportPageComponents.php(118): Livewire\\Component->{closure:Livewire\\Features\\SupportPageComponents\\HandlesPageComponents::__invoke():14}()
#26 /Users/rahmattanri/Documents/Project Code/raporppsr-deploy/vendor/livewire/livewire/src/Features/SupportPageComponents/HandlesPageComponents.php(14): Livewire\\Features\\SupportPageComponents\\SupportPageComponents::interceptTheRenderOfTheComponentAndRetreiveTheLayoutConfiguration(Object(Closure))
#27 /Users/rahmattanri/Documents/Project Code/raporppsr-deploy/vendor/laravel/framework/src/Illuminate/Routing/ControllerDispatcher.php(46): Livewire\\Component->__invoke()
#28 /Users/rahmattanri/Documents/Project Code/raporppsr-deploy/vendor/laravel/framework/src/Illuminate/Routing/Route.php(265): Illuminate\\Routing\\ControllerDispatcher->dispatch(Object(Illuminate\\Routing\\Route), Object(App\\Livewire\\Dashboard), '__invoke')
#29 /Users/rahmattanri/Documents/Project Code/raporppsr-deploy/vendor/laravel/framework/src/Illuminate/Routing/Route.php(211): Illuminate\\Routing\\Route->runController()
#30 /Users/rahmattanri/Documents/Project Code/raporppsr-deploy/vendor/laravel/framework/src/Illuminate/Routing/Router.php(822): Illuminate\\Routing\\Route->run()
#31 /Users/rahmattanri/Documents/Project Code/raporppsr-deploy/vendor/laravel/framework/src/Illuminate/Pipeline/Pipeline.php(180): Illuminate\\Routing\\Router->{closure:Illuminate\\Routing\\Router::runRouteWithinStack():821}(Object(Illuminate\\Http\\Request))
#32 /Users/rahmattanri/Documents/Project Code/raporppsr-deploy/vendor/laravel/framework/src/Illuminate/Routing/Middleware/SubstituteBindings.php(50): Illuminate\\Pipeline\\Pipeline->{closure:Illuminate\\Pipeline\\Pipeline::prepareDestination():178}(Object(Illuminate\\Http\\Request))
#33 /Users/rahmattanri/Documents/Project Code/raporppsr-deploy/vendor/laravel/framework/src/Illuminate/Pipeline/Pipeline.php(219): Illuminate\\Routing\\Middleware\\SubstituteBindings->handle(Object(Illuminate\\Http\\Request), Object(Closure))
#34 /Users/rahmattanri/Documents/Project Code/raporppsr-deploy/vendor/laravel/framework/src/Illuminate/Auth/Middleware/Authenticate.php(63): Illuminate\\Pipeline\\Pipeline->{closure:{closure:Illuminate\\Pipeline\\Pipeline::carry():194}:195}(Object(Illuminate\\Http\\Request))
#35 /Users/rahmattanri/Documents/Project Code/raporppsr-deploy/vendor/laravel/framework/src/Illuminate/Pipeline/Pipeline.php(219): Illuminate\\Auth\\Middleware\\Authenticate->handle(Object(Illuminate\\Http\\Request), Object(Closure))
#36 /Users/rahmattanri/Documents/Project Code/raporppsr-deploy/vendor/laravel/framework/src/Illuminate/Foundation/Http/Middleware/VerifyCsrfToken.php(87): Illuminate\\Pipeline\\Pipeline->{closure:{closure:Illuminate\\Pipeline\\Pipeline::carry():194}:195}(Object(Illuminate\\Http\\Request))
#37 /Users/rahmattanri/Documents/Project Code/raporppsr-deploy/vendor/laravel/framework/src/Illuminate/Pipeline/Pipeline.php(219): Illuminate\\Foundation\\Http\\Middleware\\VerifyCsrfToken->handle(Object(Illuminate\\Http\\Request), Object(Closure))
#38 /Users/rahmattanri/Documents/Project Code/raporppsr-deploy/vendor/laravel/framework/src/Illuminate/View/Middleware/ShareErrorsFromSession.php(48): Illuminate\\Pipeline\\Pipeline->{closure:{closure:Illuminate\\Pipeline\\Pipeline::carry():194}:195}(Object(Illuminate\\Http\\Request))
#39 /Users/rahmattanri/Documents/Project Code/raporppsr-deploy/vendor/laravel/framework/src/Illuminate/Pipeline/Pipeline.php(219): Illuminate\\View\\Middleware\\ShareErrorsFromSession->handle(Object(Illuminate\\Http\\Request), Object(Closure))
#40 /Users/rahmattanri/Documents/Project Code/raporppsr-deploy/vendor/laravel/framework/src/Illuminate/Session/Middleware/StartSession.php(120): Illuminate\\Pipeline\\Pipeline->{closure:{closure:Illuminate\\Pipeline\\Pipeline::carry():194}:195}(Object(Illuminate\\Http\\Request))
#41 /Users/rahmattanri/Documents/Project Code/raporppsr-deploy/vendor/laravel/framework/src/Illuminate/Session/Middleware/StartSession.php(63): Illuminate\\Session\\Middleware\\StartSession->handleStatefulRequest(Object(Illuminate\\Http\\Request), Object(Illuminate\\Session\\Store), Object(Closure))
#42 /Users/rahmattanri/Documents/Project Code/raporppsr-deploy/vendor/laravel/framework/src/Illuminate/Pipeline/Pipeline.php(219): Illuminate\\Session\\Middleware\\StartSession->handle(Object(Illuminate\\Http\\Request), Object(Closure))
#43 /Users/rahmattanri/Documents/Project Code/raporppsr-deploy/vendor/laravel/framework/src/Illuminate/Cookie/Middleware/AddQueuedCookiesToResponse.php(36): Illuminate\\Pipeline\\Pipeline->{closure:{closure:Illuminate\\Pipeline\\Pipeline::carry():194}:195}(Object(Illuminate\\Http\\Request))
#44 /Users/rahmattanri/Documents/Project Code/raporppsr-deploy/vendor/laravel/framework/src/Illuminate/Pipeline/Pipeline.php(219): Illuminate\\Cookie\\Middleware\\AddQueuedCookiesToResponse->handle(Object(Illuminate\\Http\\Request), Object(Closure))
#45 /Users/rahmattanri/Documents/Project Code/raporppsr-deploy/vendor/laravel/framework/src/Illuminate/Cookie/Middleware/EncryptCookies.php(74): Illuminate\\Pipeline\\Pipeline->{closure:{closure:Illuminate\\Pipeline\\Pipeline::carry():194}:195}(Object(Illuminate\\Http\\Request))
#46 /Users/rahmattanri/Documents/Project Code/raporppsr-deploy/vendor/laravel/framework/src/Illuminate/Pipeline/Pipeline.php(219): Illuminate\\Cookie\\Middleware\\EncryptCookies->handle(Object(Illuminate\\Http\\Request), Object(Closure))
#47 /Users/rahmattanri/Documents/Project Code/raporppsr-deploy/vendor/laravel/framework/src/Illuminate/Pipeline/Pipeline.php(137): Illuminate\\Pipeline\\Pipeline->{closure:{closure:Illuminate\\Pipeline\\Pipeline::carry():194}:195}(Object(Illuminate\\Http\\Request))
#48 /Users/rahmattanri/Documents/Project Code/raporppsr-deploy/vendor/laravel/framework/src/Illuminate/Routing/Router.php(821): Illuminate\\Pipeline\\Pipeline->then(Object(Closure))
#49 /Users/rahmattanri/Documents/Project Code/raporppsr-deploy/vendor/laravel/framework/src/Illuminate/Routing/Router.php(800): Illuminate\\Routing\\Router->runRouteWithinStack(Object(Illuminate\\Routing\\Route), Object(Illuminate\\Http\\Request))
#50 /Users/rahmattanri/Documents/Project Code/raporppsr-deploy/vendor/laravel/framework/src/Illuminate/Routing/Router.php(764): Illuminate\\Routing\\Router->runRoute(Object(Illuminate\\Http\\Request), Object(Illuminate\\Routing\\Route))
#51 /Users/rahmattanri/Documents/Project Code/raporppsr-deploy/vendor/laravel/framework/src/Illuminate/Routing/Router.php(753): Illuminate\\Routing\\Router->dispatchToRoute(Object(Illuminate\\Http\\Request))
#52 /Users/rahmattanri/Documents/Project Code/raporppsr-deploy/vendor/laravel/framework/src/Illuminate/Foundation/Http/Kernel.php(200): Illuminate\\Routing\\Router->dispatch(Object(Illuminate\\Http\\Request))
#53 /Users/rahmattanri/Documents/Project Code/raporppsr-deploy/vendor/laravel/framework/src/Illuminate/Pipeline/Pipeline.php(180): Illuminate\\Foundation\\Http\\Kernel->{closure:Illuminate\\Foundation\\Http\\Kernel::dispatchToRouter():197}(Object(Illuminate\\Http\\Request))
#54 /Users/rahmattanri/Documents/Project Code/raporppsr-deploy/vendor/livewire/livewire/src/Features/SupportDisablingBackButtonCache/DisableBackButtonCacheMiddleware.php(19): Illuminate\\Pipeline\\Pipeline->{closure:Illuminate\\Pipeline\\Pipeline::prepareDestination():178}(Object(Illuminate\\Http\\Request))
#55 /Users/rahmattanri/Documents/Project Code/raporppsr-deploy/vendor/laravel/framework/src/Illuminate/Pipeline/Pipeline.php(219): Livewire\\Features\\SupportDisablingBackButtonCache\\DisableBackButtonCacheMiddleware->handle(Object(Illuminate\\Http\\Request), Object(Closure))
#56 /Users/rahmattanri/Documents/Project Code/raporppsr-deploy/vendor/laravel/framework/src/Illuminate/Foundation/Http/Middleware/TransformsRequest.php(21): Illuminate\\Pipeline\\Pipeline->{closure:{closure:Illuminate\\Pipeline\\Pipeline::carry():194}:195}(Object(Illuminate\\Http\\Request))
#57 /Users/rahmattanri/Documents/Project Code/raporppsr-deploy/vendor/laravel/framework/src/Illuminate/Foundation/Http/Middleware/ConvertEmptyStringsToNull.php(31): Illuminate\\Foundation\\Http\\Middleware\\TransformsRequest->handle(Object(Illuminate\\Http\\Request), Object(Closure))
#58 /Users/rahmattanri/Documents/Project Code/raporppsr-deploy/vendor/laravel/framework/src/Illuminate/Pipeline/Pipeline.php(219): Illuminate\\Foundation\\Http\\Middleware\\ConvertEmptyStringsToNull->handle(Object(Illuminate\\Http\\Request), Object(Closure))
#59 /Users/rahmattanri/Documents/Project Code/raporppsr-deploy/vendor/laravel/framework/src/Illuminate/Foundation/Http/Middleware/TransformsRequest.php(21): Illuminate\\Pipeline\\Pipeline->{closure:{closure:Illuminate\\Pipeline\\Pipeline::carry():194}:195}(Object(Illuminate\\Http\\Request))
#60 /Users/rahmattanri/Documents/Project Code/raporppsr-deploy/vendor/laravel/framework/src/Illuminate/Foundation/Http/Middleware/TrimStrings.php(51): Illuminate\\Foundation\\Http\\Middleware\\TransformsRequest->handle(Object(Illuminate\\Http\\Request), Object(Closure))
#61 /Users/rahmattanri/Documents/Project Code/raporppsr-deploy/vendor/laravel/framework/src/Illuminate/Pipeline/Pipeline.php(219): Illuminate\\Foundation\\Http\\Middleware\\TrimStrings->handle(Object(Illuminate\\Http\\Request), Object(Closure))
#62 /Users/rahmattanri/Documents/Project Code/raporppsr-deploy/vendor/laravel/framework/src/Illuminate/Http/Middleware/ValidatePostSize.php(27): Illuminate\\Pipeline\\Pipeline->{closure:{closure:Illuminate\\Pipeline\\Pipeline::carry():194}:195}(Object(Illuminate\\Http\\Request))
#63 /Users/rahmattanri/Documents/Project Code/raporppsr-deploy/vendor/laravel/framework/src/Illuminate/Pipeline/Pipeline.php(219): Illuminate\\Http\\Middleware\\ValidatePostSize->handle(Object(Illuminate\\Http\\Request), Object(Closure))
#64 /Users/rahmattanri/Documents/Project Code/raporppsr-deploy/vendor/laravel/framework/src/Illuminate/Foundation/Http/Middleware/PreventRequestsDuringMaintenance.php(109): Illuminate\\Pipeline\\Pipeline->{closure:{closure:Illuminate\\Pipeline\\Pipeline::carry():194}:195}(Object(Illuminate\\Http\\Request))
#65 /Users/rahmattanri/Documents/Project Code/raporppsr-deploy/vendor/laravel/framework/src/Illuminate/Pipeline/Pipeline.php(219): Illuminate\\Foundation\\Http\\Middleware\\PreventRequestsDuringMaintenance->handle(Object(Illuminate\\Http\\Request), Object(Closure))
#66 /Users/rahmattanri/Documents/Project Code/raporppsr-deploy/vendor/laravel/framework/src/Illuminate/Http/Middleware/HandleCors.php(61): Illuminate\\Pipeline\\Pipeline->{closure:{closure:Illuminate\\Pipeline\\Pipeline::carry():194}:195}(Object(Illuminate\\Http\\Request))
#67 /Users/rahmattanri/Documents/Project Code/raporppsr-deploy/vendor/laravel/framework/src/Illuminate/Pipeline/Pipeline.php(219): Illuminate\\Http\\Middleware\\HandleCors->handle(Object(Illuminate\\Http\\Request), Object(Closure))
#68 /Users/rahmattanri/Documents/Project Code/raporppsr-deploy/vendor/laravel/framework/src/Illuminate/Http/Middleware/TrustProxies.php(58): Illuminate\\Pipeline\\Pipeline->{closure:{closure:Illuminate\\Pipeline\\Pipeline::carry():194}:195}(Object(Illuminate\\Http\\Request))
#69 /Users/rahmattanri/Documents/Project Code/raporppsr-deploy/vendor/laravel/framework/src/Illuminate/Pipeline/Pipeline.php(219): Illuminate\\Http\\Middleware\\TrustProxies->handle(Object(Illuminate\\Http\\Request), Object(Closure))
#70 /Users/rahmattanri/Documents/Project Code/raporppsr-deploy/vendor/laravel/framework/src/Illuminate/Foundation/Http/Middleware/InvokeDeferredCallbacks.php(22): Illuminate\\Pipeline\\Pipeline->{closure:{closure:Illuminate\\Pipeline\\Pipeline::carry():194}:195}(Object(Illuminate\\Http\\Request))
#71 /Users/rahmattanri/Documents/Project Code/raporppsr-deploy/vendor/laravel/framework/src/Illuminate/Pipeline/Pipeline.php(219): Illuminate\\Foundation\\Http\\Middleware\\InvokeDeferredCallbacks->handle(Object(Illuminate\\Http\\Request), Object(Closure))
#72 /Users/rahmattanri/Documents/Project Code/raporppsr-deploy/vendor/laravel/framework/src/Illuminate/Http/Middleware/ValidatePathEncoding.php(26): Illuminate\\Pipeline\\Pipeline->{closure:{closure:Illuminate\\Pipeline\\Pipeline::carry():194}:195}(Object(Illuminate\\Http\\Request))
#73 /Users/rahmattanri/Documents/Project Code/raporppsr-deploy/vendor/laravel/framework/src/Illuminate/Pipeline/Pipeline.php(219): Illuminate\\Http\\Middleware\\ValidatePathEncoding->handle(Object(Illuminate\\Http\\Request), Object(Closure))
#74 /Users/rahmattanri/Documents/Project Code/raporppsr-deploy/vendor/laravel/framework/src/Illuminate/Pipeline/Pipeline.php(137): Illuminate\\Pipeline\\Pipeline->{closure:{closure:Illuminate\\Pipeline\\Pipeline::carry():194}:195}(Object(Illuminate\\Http\\Request))
#75 /Users/rahmattanri/Documents/Project Code/raporppsr-deploy/vendor/laravel/framework/src/Illuminate/Foundation/Http/Kernel.php(175): Illuminate\\Pipeline\\Pipeline->then(Object(Closure))
#76 /Users/rahmattanri/Documents/Project Code/raporppsr-deploy/vendor/laravel/framework/src/Illuminate/Foundation/Http/Kernel.php(144): Illuminate\\Foundation\\Http\\Kernel->sendRequestThroughRouter(Object(Illuminate\\Http\\Request))
#77 /Users/rahmattanri/Documents/Project Code/raporppsr-deploy/vendor/laravel/framework/src/Illuminate/Foundation/Application.php(1220): Illuminate\\Foundation\\Http\\Kernel->handle(Object(Illuminate\\Http\\Request))
#78 /Users/rahmattanri/Documents/Project Code/raporppsr-deploy/public/index.php(20): Illuminate\\Foundation\\Application->handleRequest(Object(Illuminate\\Http\\Request))
#79 /Users/rahmattanri/Documents/Project Code/raporppsr-deploy/vendor/laravel/framework/src/Illuminate/Foundation/resources/server.php(23): require_once('/Users/rahmatta...')
#80 {main}
"} 
[2026-03-15 02:33:48] local.ERROR: Class "App\Livewire\DB" not found {"userId":30,"exception":"[object] (Error(code: 0): Class \"App\\Livewire\\DB\" not found at /Users/rahmattanri/Documents/Project Code/raporppsr-deploy/app/Livewire/Dashboard.php:35)
[stacktrace]
#0 /Users/rahmattanri/Documents/Project Code/raporppsr-deploy/vendor/laravel/framework/src/Illuminate/Container/BoundMethod.php(36): App\\Livewire\\Dashboard->render()
#1 /Users/rahmattanri/Documents/Project Code/raporppsr-deploy/vendor/laravel/framework/src/Illuminate/Container/Util.php(43): Illuminate\\Container\\BoundMethod::{closure:Illuminate\\Container\\BoundMethod::call():35}()
#2 /Users/rahmattanri/Documents/Project Code/raporppsr-deploy/vendor/laravel/framework/src/Illuminate/Container/BoundMethod.php(96): Illuminate\\Container\\Util::unwrapIfClosure(Object(Closure))
#3 /Users/rahmattanri/Documents/Project Code/raporppsr-deploy/vendor/laravel/framework/src/Illuminate/Container/BoundMethod.php(35): Illuminate\\Container\\BoundMethod::callBoundMethod(Object(Illuminate\\Foundation\\Application), Array, Object(Closure))
#4 /Users/rahmattanri/Documents/Project Code/raporppsr-deploy/vendor/livewire/livewire/src/Wrapped.php(23): Illuminate\\Container\\BoundMethod::call(Object(Illuminate\\Foundation\\Application), Array, Array)
#5 /Users/rahmattanri/Documents/Project Code/raporppsr-deploy/vendor/livewire/livewire/src/Mechanisms/HandleComponents/HandleComponents.php(410): Livewire\\Wrapped->__call('render', Array)
#6 /Users/rahmattanri/Documents/Project Code/raporppsr-deploy/vendor/livewire/livewire/src/Mechanisms/HandleComponents/HandleComponents.php(367): Livewire\\Mechanisms\\HandleComponents\\HandleComponents->getView(Object(App\\Livewire\\Dashboard))
#7 /Users/rahmattanri/Documents/Project Code/raporppsr-deploy/vendor/livewire/livewire/src/Mechanisms/HandleComponents/HandleComponents.php(70): Livewire\\Mechanisms\\HandleComponents\\HandleComponents->render(Object(App\\Livewire\\Dashboard), '<div></div>')
#8 /Users/rahmattanri/Documents/Project Code/raporppsr-deploy/vendor/livewire/livewire/src/LivewireManager.php(102): Livewire\\Mechanisms\\HandleComponents\\HandleComponents->mount('App\\\\Livewire\\\\Da...', Array, NULL, Array)
#9 /Users/rahmattanri/Documents/Project Code/raporppsr-deploy/vendor/livewire/livewire/src/Features/SupportPageComponents/HandlesPageComponents.php(19): Livewire\\LivewireManager->mount('App\\\\Livewire\\\\Da...', Array)
#10 /Users/rahmattanri/Documents/Project Code/raporppsr-deploy/vendor/livewire/livewire/src/Features/SupportPageComponents/SupportPageComponents.php(118): Livewire\\Component->{closure:Livewire\\Features\\SupportPageComponents\\HandlesPageComponents::__invoke():14}()
#11 /Users/rahmattanri/Documents/Project Code/raporppsr-deploy/vendor/livewire/livewire/src/Features/SupportPageComponents/HandlesPageComponents.php(14): Livewire\\Features\\SupportPageComponents\\SupportPageComponents::interceptTheRenderOfTheComponentAndRetreiveTheLayoutConfiguration(Object(Closure))
#12 /Users/rahmattanri/Documents/Project Code/raporppsr-deploy/vendor/laravel/framework/src/Illuminate/Routing/ControllerDispatcher.php(46): Livewire\\Component->__invoke()
#13 /Users/rahmattanri/Documents/Project Code/raporppsr-deploy/vendor/laravel/framework/src/Illuminate/Routing/Route.php(265): Illuminate\\Routing\\ControllerDispatcher->dispatch(Object(Illuminate\\Routing\\Route), Object(App\\Livewire\\Dashboard), '__invoke')
#14 /Users/rahmattanri/Documents/Project Code/raporppsr-deploy/vendor/laravel/framework/src/Illuminate/Routing/Route.php(211): Illuminate\\Routing\\Route->runController()
#15 /Users/rahmattanri/Documents/Project Code/raporppsr-deploy/vendor/laravel/framework/src/Illuminate/Routing/Router.php(822): Illuminate\\Routing\\Route->run()
#16 /Users/rahmattanri/Documents/Project Code/raporppsr-deploy/vendor/laravel/framework/src/Illuminate/Pipeline/Pipeline.php(180): Illuminate\\Routing\\Router->{closure:Illuminate\\Routing\\Router::runRouteWithinStack():821}(Object(Illuminate\\Http\\Request))
#17 /Users/rahmattanri/Documents/Project Code/raporppsr-deploy/vendor/laravel/framework/src/Illuminate/Routing/Middleware/SubstituteBindings.php(50): Illuminate\\Pipeline\\Pipeline->{closure:Illuminate\\Pipeline\\Pipeline::prepareDestination():178}(Object(Illuminate\\Http\\Request))
#18 /Users/rahmattanri/Documents/Project Code/raporppsr-deploy/vendor/laravel/framework/src/Illuminate/Pipeline/Pipeline.php(219): Illuminate\\Routing\\Middleware\\SubstituteBindings->handle(Object(Illuminate\\Http\\Request), Object(Closure))
#19 /Users/rahmattanri/Documents/Project Code/raporppsr-deploy/vendor/laravel/framework/src/Illuminate/Auth/Middleware/Authenticate.php(63): Illuminate\\Pipeline\\Pipeline->{closure:{closure:Illuminate\\Pipeline\\Pipeline::carry():194}:195}(Object(Illuminate\\Http\\Request))
#20 /Users/rahmattanri/Documents/Project Code/raporppsr-deploy/vendor/laravel/framework/src/Illuminate/Pipeline/Pipeline.php(219): Illuminate\\Auth\\Middleware\\Authenticate->handle(Object(Illuminate\\Http\\Request), Object(Closure))
#21 /Users/rahmattanri/Documents/Project Code/raporppsr-deploy/vendor/laravel/framework/src/Illuminate/Foundation/Http/Middleware/VerifyCsrfToken.php(87): Illuminate\\Pipeline\\Pipeline->{closure:{closure:Illuminate\\Pipeline\\Pipeline::carry():194}:195}(Object(Illuminate\\Http\\Request))
#22 /Users/rahmattanri/Documents/Project Code/raporppsr-deploy/vendor/laravel/framework/src/Illuminate/Pipeline/Pipeline.php(219): Illuminate\\Foundation\\Http\\Middleware\\VerifyCsrfToken->handle(Object(Illuminate\\Http\\Request), Object(Closure))
#23 /Users/rahmattanri/Documents/Project Code/raporppsr-deploy/vendor/laravel/framework/src/Illuminate/View/Middleware/ShareErrorsFromSession.php(48): Illuminate\\Pipeline\\Pipeline->{closure:{closure:Illuminate\\Pipeline\\Pipeline::carry():194}:195}(Object(Illuminate\\Http\\Request))
#24 /Users/rahmattanri/Documents/Project Code/raporppsr-deploy/vendor/laravel/framework/src/Illuminate/Pipeline/Pipeline.php(219): Illuminate\\View\\Middleware\\ShareErrorsFromSession->handle(Object(Illuminate\\Http\\Request), Object(Closure))
#25 /Users/rahmattanri/Documents/Project Code/raporppsr-deploy/vendor/laravel/framework/src/Illuminate/Session/Middleware/StartSession.php(120): Illuminate\\Pipeline\\Pipeline->{closure:{closure:Illuminate\\Pipeline\\Pipeline::carry():194}:195}(Object(Illuminate\\Http\\Request))
#26 /Users/rahmattanri/Documents/Project Code/raporppsr-deploy/vendor/laravel/framework/src/Illuminate/Session/Middleware/StartSession.php(63): Illuminate\\Session\\Middleware\\StartSession->handleStatefulRequest(Object(Illuminate\\Http\\Request), Object(Illuminate\\Session\\Store), Object(Closure))
#27 /Users/rahmattanri/Documents/Project Code/raporppsr-deploy/vendor/laravel/framework/src/Illuminate/Pipeline/Pipeline.php(219): Illuminate\\Session\\Middleware\\StartSession->handle(Object(Illuminate\\Http\\Request), Object(Closure))
#28 /Users/rahmattanri/Documents/Project Code/raporppsr-deploy/vendor/laravel/framework/src/Illuminate/Cookie/Middleware/AddQueuedCookiesToResponse.php(36): Illuminate\\Pipeline\\Pipeline->{closure:{closure:Illuminate\\Pipeline\\Pipeline::carry():194}:195}(Object(Illuminate\\Http\\Request))
#29 /Users/rahmattanri/Documents/Project Code/raporppsr-deploy/vendor/laravel/framework/src/Illuminate/Pipeline/Pipeline.php(219): Illuminate\\Cookie\\Middleware\\AddQueuedCookiesToResponse->handle(Object(Illuminate\\Http\\Request), Object(Closure))
#30 /Users/rahmattanri/Documents/Project Code/raporppsr-deploy/vendor/laravel/framework/src/Illuminate/Cookie/Middleware/EncryptCookies.php(74): Illuminate\\Pipeline\\Pipeline->{closure:{closure:Illuminate\\Pipeline\\Pipeline::carry():194}:195}(Object(Illuminate\\Http\\Request))
#31 /Users/rahmattanri/Documents/Project Code/raporppsr-deploy/vendor/laravel/framework/src/Illuminate/Pipeline/Pipeline.php(219): Illuminate\\Cookie\\Middleware\\EncryptCookies->handle(Object(Illuminate\\Http\\Request), Object(Closure))
#32 /Users/rahmattanri/Documents/Project Code/raporppsr-deploy/vendor/laravel/framework/src/Illuminate/Pipeline/Pipeline.php(137): Illuminate\\Pipeline\\Pipeline->{closure:{closure:Illuminate\\Pipeline\\Pipeline::carry():194}:195}(Object(Illuminate\\Http\\Request))
#33 /Users/rahmattanri/Documents/Project Code/raporppsr-deploy/vendor/laravel/framework/src/Illuminate/Routing/Router.php(821): Illuminate\\Pipeline\\Pipeline->then(Object(Closure))
#34 /Users/rahmattanri/Documents/Project Code/raporppsr-deploy/vendor/laravel/framework/src/Illuminate/Routing/Router.php(800): Illuminate\\Routing\\Router->runRouteWithinStack(Object(Illuminate\\Routing\\Route), Object(Illuminate\\Http\\Request))
#35 /Users/rahmattanri/Documents/Project Code/raporppsr-deploy/vendor/laravel/framework/src/Illuminate/Routing/Router.php(764): Illuminate\\Routing\\Router->runRoute(Object(Illuminate\\Http\\Request), Object(Illuminate\\Routing\\Route))
#36 /Users/rahmattanri/Documents/Project Code/raporppsr-deploy/vendor/laravel/framework/src/Illuminate/Routing/Router.php(753): Illuminate\\Routing\\Router->dispatchToRoute(Object(Illuminate\\Http\\Request))
#37 /Users/rahmattanri/Documents/Project Code/raporppsr-deploy/vendor/laravel/framework/src/Illuminate/Foundation/Http/Kernel.php(200): Illuminate\\Routing\\Router->dispatch(Object(Illuminate\\Http\\Request))
#38 /Users/rahmattanri/Documents/Project Code/raporppsr-deploy/vendor/laravel/framework/src/Illuminate/Pipeline/Pipeline.php(180): Illuminate\\Foundation\\Http\\Kernel->{closure:Illuminate\\Foundation\\Http\\Kernel::dispatchToRouter():197}(Object(Illuminate\\Http\\Request))
#39 /Users/rahmattanri/Documents/Project Code/raporppsr-deploy/vendor/livewire/livewire/src/Features/SupportDisablingBackButtonCache/DisableBackButtonCacheMiddleware.php(19): Illuminate\\Pipeline\\Pipeline->{closure:Illuminate\\Pipeline\\Pipeline::prepareDestination():178}(Object(Illuminate\\Http\\Request))
#40 /Users/rahmattanri/Documents/Project Code/raporppsr-deploy/vendor/laravel/framework/src/Illuminate/Pipeline/Pipeline.php(219): Livewire\\Features\\SupportDisablingBackButtonCache\\DisableBackButtonCacheMiddleware->handle(Object(Illuminate\\Http\\Request), Object(Closure))
#41 /Users/rahmattanri/Documents/Project Code/raporppsr-deploy/vendor/laravel/framework/src/Illuminate/Foundation/Http/Middleware/TransformsRequest.php(21): Illuminate\\Pipeline\\Pipeline->{closure:{closure:Illuminate\\Pipeline\\Pipeline::carry():194}:195}(Object(Illuminate\\Http\\Request))
#42 /Users/rahmattanri/Documents/Project Code/raporppsr-deploy/vendor/laravel/framework/src/Illuminate/Foundation/Http/Middleware/ConvertEmptyStringsToNull.php(31): Illuminate\\Foundation\\Http\\Middleware\\TransformsRequest->handle(Object(Illuminate\\Http\\Request), Object(Closure))
#43 /Users/rahmattanri/Documents/Project Code/raporppsr-deploy/vendor/laravel/framework/src/Illuminate/Pipeline/Pipeline.php(219): Illuminate\\Foundation\\Http\\Middleware\\ConvertEmptyStringsToNull->handle(Object(Illuminate\\Http\\Request), Object(Closure))
#44 /Users/rahmattanri/Documents/Project Code/raporppsr-deploy/vendor/laravel/framework/src/Illuminate/Foundation/Http/Middleware/TransformsRequest.php(21): Illuminate\\Pipeline\\Pipeline->{closure:{closure:Illuminate\\Pipeline\\Pipeline::carry():194}:195}(Object(Illuminate\\Http\\Request))
#45 /Users/rahmattanri/Documents/Project Code/raporppsr-deploy/vendor/laravel/framework/src/Illuminate/Foundation/Http/Middleware/TrimStrings.php(51): Illuminate\\Foundation\\Http\\Middleware\\TransformsRequest->handle(Object(Illuminate\\Http\\Request), Object(Closure))
#46 /Users/rahmattanri/Documents/Project Code/raporppsr-deploy/vendor/laravel/framework/src/Illuminate/Pipeline/Pipeline.php(219): Illuminate\\Foundation\\Http\\Middleware\\TrimStrings->handle(Object(Illuminate\\Http\\Request), Object(Closure))
#47 /Users/rahmattanri/Documents/Project Code/raporppsr-deploy/vendor/laravel/framework/src/Illuminate/Http/Middleware/ValidatePostSize.php(27): Illuminate\\Pipeline\\Pipeline->{closure:{closure:Illuminate\\Pipeline\\Pipeline::carry():194}:195}(Object(Illuminate\\Http\\Request))
#48 /Users/rahmattanri/Documents/Project Code/raporppsr-deploy/vendor/laravel/framework/src/Illuminate/Pipeline/Pipeline.php(219): Illuminate\\Http\\Middleware\\ValidatePostSize->handle(Object(Illuminate\\Http\\Request), Object(Closure))
#49 /Users/rahmattanri/Documents/Project Code/raporppsr-deploy/vendor/laravel/framework/src/Illuminate/Foundation/Http/Middleware/PreventRequestsDuringMaintenance.php(109): Illuminate\\Pipeline\\Pipeline->{closure:{closure:Illuminate\\Pipeline\\Pipeline::carry():194}:195}(Object(Illuminate\\Http\\Request))
#50 /Users/rahmattanri/Documents/Project Code/raporppsr-deploy/vendor/laravel/framework/src/Illuminate/Pipeline/Pipeline.php(219): Illuminate\\Foundation\\Http\\Middleware\\PreventRequestsDuringMaintenance->handle(Object(Illuminate\\Http\\Request), Object(Closure))
#51 /Users/rahmattanri/Documents/Project Code/raporppsr-deploy/vendor/laravel/framework/src/Illuminate/Http/Middleware/HandleCors.php(61): Illuminate\\Pipeline\\Pipeline->{closure:{closure:Illuminate\\Pipeline\\Pipeline::carry():194}:195}(Object(Illuminate\\Http\\Request))
#52 /Users/rahmattanri/Documents/Project Code/raporppsr-deploy/vendor/laravel/framework/src/Illuminate/Pipeline/Pipeline.php(219): Illuminate\\Http\\Middleware\\HandleCors->handle(Object(Illuminate\\Http\\Request), Object(Closure))
#53 /Users/rahmattanri/Documents/Project Code/raporppsr-deploy/vendor/laravel/framework/src/Illuminate/Http/Middleware/TrustProxies.php(58): Illuminate\\Pipeline\\Pipeline->{closure:{closure:Illuminate\\Pipeline\\Pipeline::carry():194}:195}(Object(Illuminate\\Http\\Request))
#54 /Users/rahmattanri/Documents/Project Code/raporppsr-deploy/vendor/laravel/framework/src/Illuminate/Pipeline/Pipeline.php(219): Illuminate\\Http\\Middleware\\TrustProxies->handle(Object(Illuminate\\Http\\Request), Object(Closure))
#55 /Users/rahmattanri/Documents/Project Code/raporppsr-deploy/vendor/laravel/framework/src/Illuminate/Foundation/Http/Middleware/InvokeDeferredCallbacks.php(22): Illuminate\\Pipeline\\Pipeline->{closure:{closure:Illuminate\\Pipeline\\Pipeline::carry():194}:195}(Object(Illuminate\\Http\\Request))
#56 /Users/rahmattanri/Documents/Project Code/raporppsr-deploy/vendor/laravel/framework/src/Illuminate/Pipeline/Pipeline.php(219): Illuminate\\Foundation\\Http\\Middleware\\InvokeDeferredCallbacks->handle(Object(Illuminate\\Http\\Request), Object(Closure))
#57 /Users/rahmattanri/Documents/Project Code/raporppsr-deploy/vendor/laravel/framework/src/Illuminate/Http/Middleware/ValidatePathEncoding.php(26): Illuminate\\Pipeline\\Pipeline->{closure:{closure:Illuminate\\Pipeline\\Pipeline::carry():194}:195}(Object(Illuminate\\Http\\Request))
#58 /Users/rahmattanri/Documents/Project Code/raporppsr-deploy/vendor/laravel/framework/src/Illuminate/Pipeline/Pipeline.php(219): Illuminate\\Http\\Middleware\\ValidatePathEncoding->handle(Object(Illuminate\\Http\\Request), Object(Closure))
#59 /Users/rahmattanri/Documents/Project Code/raporppsr-deploy/vendor/laravel/framework/src/Illuminate/Pipeline/Pipeline.php(137): Illuminate\\Pipeline\\Pipeline->{closure:{closure:Illuminate\\Pipeline\\Pipeline::carry():194}:195}(Object(Illuminate\\Http\\Request))
#60 /Users/rahmattanri/Documents/Project Code/raporppsr-deploy/vendor/laravel/framework/src/Illuminate/Foundation/Http/Kernel.php(175): Illuminate\\Pipeline\\Pipeline->then(Object(Closure))
#61 /Users/rahmattanri/Documents/Project Code/raporppsr-deploy/vendor/laravel/framework/src/Illuminate/Foundation/Http/Kernel.php(144): Illuminate\\Foundation\\Http\\Kernel->sendRequestThroughRouter(Object(Illuminate\\Http\\Request))
#62 /Users/rahmattanri/Documents/Project Code/raporppsr-deploy/vendor/laravel/framework/src/Illuminate/Foundation/Application.php(1220): Illuminate\\Foundation\\Http\\Kernel->handle(Object(Illuminate\\Http\\Request))
#63 /Users/rahmattanri/Documents/Project Code/raporppsr-deploy/public/index.php(20): Illuminate\\Foundation\\Application->handleRequest(Object(Illuminate\\Http\\Request))
#64 /Users/rahmattanri/Documents/Project Code/raporppsr-deploy/vendor/laravel/framework/src/Illuminate/Foundation/resources/server.php(23): require_once('/Users/rahmatta...')
#65 {main}
"} 
[2026-03-15 03:00:14] local.ERROR: Undefined variable $availableSiswas (View: /Users/rahmattanri/Documents/Project Code/raporppsr-deploy/resources/views/livewire/admin/kelas/manage-siswa.blade.php) {"userId":1,"exception":"[object] (Illuminate\\View\\ViewException(code: 0): Undefined variable $availableSiswas (View: /Users/rahmattanri/Documents/Project Code/raporppsr-deploy/resources/views/livewire/admin/kelas/manage-siswa.blade.php) at /Users/rahmattanri/Documents/Project Code/raporppsr-deploy/public/storage/framework/views/752082915f736025504260505f4f7898.php:51)
[stacktrace]
#0 /Users/rahmattanri/Documents/Project Code/raporppsr-deploy/vendor/livewire/livewire/src/Mechanisms/ExtendBlade/ExtendedCompilerEngine.php(58): Illuminate\\View\\Engines\\CompilerEngine->handleViewException(Object(ErrorException), 1)
#1 /Users/rahmattanri/Documents/Project Code/raporppsr-deploy/vendor/livewire/livewire/src/Mechanisms/ExtendBlade/ExtendedCompilerEngine.php(40): Livewire\\Mechanisms\\ExtendBlade\\ExtendedCompilerEngine->handleViewException(Object(ErrorException), 1)
#2 /Users/rahmattanri/Documents/Project Code/raporppsr-deploy/vendor/laravel/framework/src/Illuminate/View/Engines/CompilerEngine.php(76): Livewire\\Mechanisms\\ExtendBlade\\ExtendedCompilerEngine->evaluatePath('storage/framewo...', Array)
#3 /Users/rahmattanri/Documents/Project Code/raporppsr-deploy/vendor/livewire/livewire/src/Mechanisms/ExtendBlade/ExtendedCompilerEngine.php(16): Illuminate\\View\\Engines\\CompilerEngine->get('/Users/rahmatta...', Array)
#4 /Users/rahmattanri/Documents/Project Code/raporppsr-deploy/vendor/laravel/framework/src/Illuminate/View/View.php(208): Livewire\\Mechanisms\\ExtendBlade\\ExtendedCompilerEngine->get('/Users/rahmatta...', Array)
#5 /Users/rahmattanri/Documents/Project Code/raporppsr-deploy/vendor/laravel/framework/src/Illuminate/View/View.php(191): Illuminate\\View\\View->getContents()
#6 /Users/rahmattanri/Documents/Project Code/raporppsr-deploy/vendor/laravel/framework/src/Illuminate/View/View.php(160): Illuminate\\View\\View->renderContents()
#7 /Users/rahmattanri/Documents/Project Code/raporppsr-deploy/vendor/livewire/livewire/src/Mechanisms/HandleComponents/HandleComponents.php(377): Illuminate\\View\\View->render(Object(Closure))
#8 /Users/rahmattanri/Documents/Project Code/raporppsr-deploy/vendor/livewire/livewire/src/Mechanisms/HandleComponents/HandleComponents.php(428): Livewire\\Mechanisms\\HandleComponents\\HandleComponents->{closure:Livewire\\Mechanisms\\HandleComponents\\HandleComponents::render():369}()
#9 /Users/rahmattanri/Documents/Project Code/raporppsr-deploy/vendor/livewire/livewire/src/Mechanisms/HandleComponents/HandleComponents.php(369): Livewire\\Mechanisms\\HandleComponents\\HandleComponents->trackInRenderStack(Object(App\\Livewire\\Admin\\Kelas\\ManageSiswa), Object(Closure))
#10 /Users/rahmattanri/Documents/Project Code/raporppsr-deploy/vendor/livewire/livewire/src/Mechanisms/HandleComponents/HandleComponents.php(70): Livewire\\Mechanisms\\HandleComponents\\HandleComponents->render(Object(App\\Livewire\\Admin\\Kelas\\ManageSiswa), '<div></div>')
#11 /Users/rahmattanri/Documents/Project Code/raporppsr-deploy/vendor/livewire/livewire/src/LivewireManager.php(102): Livewire\\Mechanisms\\HandleComponents\\HandleComponents->mount('App\\\\Livewire\\\\Ad...', Array, NULL, Array)
#12 /Users/rahmattanri/Documents/Project Code/raporppsr-deploy/vendor/livewire/livewire/src/Features/SupportPageComponents/HandlesPageComponents.php(19): Livewire\\LivewireManager->mount('App\\\\Livewire\\\\Ad...', Array)
#13 /Users/rahmattanri/Documents/Project Code/raporppsr-deploy/vendor/livewire/livewire/src/Features/SupportPageComponents/SupportPageComponents.php(118): Livewire\\Component->{closure:Livewire\\Features\\SupportPageComponents\\HandlesPageComponents::__invoke():14}()
#14 /Users/rahmattanri/Documents/Project Code/raporppsr-deploy/vendor/livewire/livewire/src/Features/SupportPageComponents/HandlesPageComponents.php(14): Livewire\\Features\\SupportPageComponents\\SupportPageComponents::interceptTheRenderOfTheComponentAndRetreiveTheLayoutConfiguration(Object(Closure))
#15 /Users/rahmattanri/Documents/Project Code/raporppsr-deploy/vendor/laravel/framework/src/Illuminate/Routing/ControllerDispatcher.php(46): Livewire\\Component->__invoke('2')
#16 /Users/rahmattanri/Documents/Project Code/raporppsr-deploy/vendor/laravel/framework/src/Illuminate/Routing/Route.php(265): Illuminate\\Routing\\ControllerDispatcher->dispatch(Object(Illuminate\\Routing\\Route), Object(App\\Livewire\\Admin\\Kelas\\ManageSiswa), '__invoke')
#17 /Users/rahmattanri/Documents/Project Code/raporppsr-deploy/vendor/laravel/framework/src/Illuminate/Routing/Route.php(211): Illuminate\\Routing\\Route->runController()
#18 /Users/rahmattanri/Documents/Project Code/raporppsr-deploy/vendor/laravel/framework/src/Illuminate/Routing/Router.php(822): Illuminate\\Routing\\Route->run()
#19 /Users/rahmattanri/Documents/Project Code/raporppsr-deploy/vendor/laravel/framework/src/Illuminate/Pipeline/Pipeline.php(180): Illuminate\\Routing\\Router->{closure:Illuminate\\Routing\\Router::runRouteWithinStack():821}(Object(Illuminate\\Http\\Request))
#20 /Users/rahmattanri/Documents/Project Code/raporppsr-deploy/app/Http/Middleware/RoleMiddleware.php(28): Illuminate\\Pipeline\\Pipeline->{closure:Illuminate\\Pipeline\\Pipeline::prepareDestination():178}(Object(Illuminate\\Http\\Request))
#21 /Users/rahmattanri/Documents/Project Code/raporppsr-deploy/vendor/laravel/framework/src/Illuminate/Pipeline/Pipeline.php(219): App\\Http\\Middleware\\RoleMiddleware->handle(Object(Illuminate\\Http\\Request), Object(Closure), 'admin')
#22 /Users/rahmattanri/Documents/Project Code/raporppsr-deploy/vendor/laravel/framework/src/Illuminate/Routing/Middleware/SubstituteBindings.php(50): Illuminate\\Pipeline\\Pipeline->{closure:{closure:Illuminate\\Pipeline\\Pipeline::carry():194}:195}(Object(Illuminate\\Http\\Request))
#23 /Users/rahmattanri/Documents/Project Code/raporppsr-deploy/vendor/laravel/framework/src/Illuminate/Pipeline/Pipeline.php(219): Illuminate\\Routing\\Middleware\\SubstituteBindings->handle(Object(Illuminate\\Http\\Request), Object(Closure))
#24 /Users/rahmattanri/Documents/Project Code/raporppsr-deploy/vendor/laravel/framework/src/Illuminate/Auth/Middleware/Authenticate.php(63): Illuminate\\Pipeline\\Pipeline->{closure:{closure:Illuminate\\Pipeline\\Pipeline::carry():194}:195}(Object(Illuminate\\Http\\Request))
#25 /Users/rahmattanri/Documents/Project Code/raporppsr-deploy/vendor/laravel/framework/src/Illuminate/Pipeline/Pipeline.php(219): Illuminate\\Auth\\Middleware\\Authenticate->handle(Object(Illuminate\\Http\\Request), Object(Closure))
#26 /Users/rahmattanri/Documents/Project Code/raporppsr-deploy/vendor/laravel/framework/src/Illuminate/Foundation/Http/Middleware/VerifyCsrfToken.php(87): Illuminate\\Pipeline\\Pipeline->{closure:{closure:Illuminate\\Pipeline\\Pipeline::carry():194}:195}(Object(Illuminate\\Http\\Request))
#27 /Users/rahmattanri/Documents/Project Code/raporppsr-deploy/vendor/laravel/framework/src/Illuminate/Pipeline/Pipeline.php(219): Illuminate\\Foundation\\Http\\Middleware\\VerifyCsrfToken->handle(Object(Illuminate\\Http\\Request), Object(Closure))
#28 /Users/rahmattanri/Documents/Project Code/raporppsr-deploy/vendor/laravel/framework/src/Illuminate/View/Middleware/ShareErrorsFromSession.php(48): Illuminate\\Pipeline\\Pipeline->{closure:{closure:Illuminate\\Pipeline\\Pipeline::carry():194}:195}(Object(Illuminate\\Http\\Request))
#29 /Users/rahmattanri/Documents/Project Code/raporppsr-deploy/vendor/laravel/framework/src/Illuminate/Pipeline/Pipeline.php(219): Illuminate\\View\\Middleware\\ShareErrorsFromSession->handle(Object(Illuminate\\Http\\Request), Object(Closure))
#30 /Users/rahmattanri/Documents/Project Code/raporppsr-deploy/vendor/laravel/framework/src/Illuminate/Session/Middleware/StartSession.php(120): Illuminate\\Pipeline\\Pipeline->{closure:{closure:Illuminate\\Pipeline\\Pipeline::carry():194}:195}(Object(Illuminate\\Http\\Request))
#31 /Users/rahmattanri/Documents/Project Code/raporppsr-deploy/vendor/laravel/framework/src/Illuminate/Session/Middleware/StartSession.php(63): Illuminate\\Session\\Middleware\\StartSession->handleStatefulRequest(Object(Illuminate\\Http\\Request), Object(Illuminate\\Session\\Store), Object(Closure))
#32 /Users/rahmattanri/Documents/Project Code/raporppsr-deploy/vendor/laravel/framework/src/Illuminate/Pipeline/Pipeline.php(219): Illuminate\\Session\\Middleware\\StartSession->handle(Object(Illuminate\\Http\\Request), Object(Closure))
#33 /Users/rahmattanri/Documents/Project Code/raporppsr-deploy/vendor/laravel/framework/src/Illuminate/Cookie/Middleware/AddQueuedCookiesToResponse.php(36): Illuminate\\Pipeline\\Pipeline->{closure:{closure:Illuminate\\Pipeline\\Pipeline::carry():194}:195}(Object(Illuminate\\Http\\Request))
#34 /Users/rahmattanri/Documents/Project Code/raporppsr-deploy/vendor/laravel/framework/src/Illuminate/Pipeline/Pipeline.php(219): Illuminate\\Cookie\\Middleware\\AddQueuedCookiesToResponse->handle(Object(Illuminate\\Http\\Request), Object(Closure))
#35 /Users/rahmattanri/Documents/Project Code/raporppsr-deploy/vendor/laravel/framework/src/Illuminate/Cookie/Middleware/EncryptCookies.php(74): Illuminate\\Pipeline\\Pipeline->{closure:{closure:Illuminate\\Pipeline\\Pipeline::carry():194}:195}(Object(Illuminate\\Http\\Request))
#36 /Users/rahmattanri/Documents/Project Code/raporppsr-deploy/vendor/laravel/framework/src/Illuminate/Pipeline/Pipeline.php(219): Illuminate\\Cookie\\Middleware\\EncryptCookies->handle(Object(Illuminate\\Http\\Request), Object(Closure))
#37 /Users/rahmattanri/Documents/Project Code/raporppsr-deploy/vendor/laravel/framework/src/Illuminate/Pipeline/Pipeline.php(137): Illuminate\\Pipeline\\Pipeline->{closure:{closure:Illuminate\\Pipeline\\Pipeline::carry():194}:195}(Object(Illuminate\\Http\\Request))
#38 /Users/rahmattanri/Documents/Project Code/raporppsr-deploy/vendor/laravel/framework/src/Illuminate/Routing/Router.php(821): Illuminate\\Pipeline\\Pipeline->then(Object(Closure))
#39 /Users/rahmattanri/Documents/Project Code/raporppsr-deploy/vendor/laravel/framework/src/Illuminate/Routing/Router.php(800): Illuminate\\Routing\\Router->runRouteWithinStack(Object(Illuminate\\Routing\\Route), Object(Illuminate\\Http\\Request))
#40 /Users/rahmattanri/Documents/Project Code/raporppsr-deploy/vendor/laravel/framework/src/Illuminate/Routing/Router.php(764): Illuminate\\Routing\\Router->runRoute(Object(Illuminate\\Http\\Request), Object(Illuminate\\Routing\\Route))
#41 /Users/rahmattanri/Documents/Project Code/raporppsr-deploy/vendor/laravel/framework/src/Illuminate/Routing/Router.php(753): Illuminate\\Routing\\Router->dispatchToRoute(Object(Illuminate\\Http\\Request))
#42 /Users/rahmattanri/Documents/Project Code/raporppsr-deploy/vendor/laravel/framework/src/Illuminate/Foundation/Http/Kernel.php(200): Illuminate\\Routing\\Router->dispatch(Object(Illuminate\\Http\\Request))
#43 /Users/rahmattanri/Documents/Project Code/raporppsr-deploy/vendor/laravel/framework/src/Illuminate/Pipeline/Pipeline.php(180): Illuminate\\Foundation\\Http\\Kernel->{closure:Illuminate\\Foundation\\Http\\Kernel::dispatchToRouter():197}(Object(Illuminate\\Http\\Request))
#44 /Users/rahmattanri/Documents/Project Code/raporppsr-deploy/vendor/livewire/livewire/src/Features/SupportDisablingBackButtonCache/DisableBackButtonCacheMiddleware.php(19): Illuminate\\Pipeline\\Pipeline->{closure:Illuminate\\Pipeline\\Pipeline::prepareDestination():178}(Object(Illuminate\\Http\\Request))
#45 /Users/rahmattanri/Documents/Project Code/raporppsr-deploy/vendor/laravel/framework/src/Illuminate/Pipeline/Pipeline.php(219): Livewire\\Features\\SupportDisablingBackButtonCache\\DisableBackButtonCacheMiddleware->handle(Object(Illuminate\\Http\\Request), Object(Closure))
#46 /Users/rahmattanri/Documents/Project Code/raporppsr-deploy/vendor/laravel/framework/src/Illuminate/Foundation/Http/Middleware/TransformsRequest.php(21): Illuminate\\Pipeline\\Pipeline->{closure:{closure:Illuminate\\Pipeline\\Pipeline::carry():194}:195}(Object(Illuminate\\Http\\Request))
#47 /Users/rahmattanri/Documents/Project Code/raporppsr-deploy/vendor/laravel/framework/src/Illuminate/Foundation/Http/Middleware/ConvertEmptyStringsToNull.php(31): Illuminate\\Foundation\\Http\\Middleware\\TransformsRequest->handle(Object(Illuminate\\Http\\Request), Object(Closure))
#48 /Users/rahmattanri/Documents/Project Code/raporppsr-deploy/vendor/laravel/framework/src/Illuminate/Pipeline/Pipeline.php(219): Illuminate\\Foundation\\Http\\Middleware\\ConvertEmptyStringsToNull->handle(Object(Illuminate\\Http\\Request), Object(Closure))
#49 /Users/rahmattanri/Documents/Project Code/raporppsr-deploy/vendor/laravel/framework/src/Illuminate/Foundation/Http/Middleware/TransformsRequest.php(21): Illuminate\\Pipeline\\Pipeline->{closure:{closure:Illuminate\\Pipeline\\Pipeline::carry():194}:195}(Object(Illuminate\\Http\\Request))
#50 /Users/rahmattanri/Documents/Project Code/raporppsr-deploy/vendor/laravel/framework/src/Illuminate/Foundation/Http/Middleware/TrimStrings.php(51): Illuminate\\Foundation\\Http\\Middleware\\TransformsRequest->handle(Object(Illuminate\\Http\\Request), Object(Closure))
#51 /Users/rahmattanri/Documents/Project Code/raporppsr-deploy/vendor/laravel/framework/src/Illuminate/Pipeline/Pipeline.php(219): Illuminate\\Foundation\\Http\\Middleware\\TrimStrings->handle(Object(Illuminate\\Http\\Request), Object(Closure))
#52 /Users/rahmattanri/Documents/Project Code/raporppsr-deploy/vendor/laravel/framework/src/Illuminate/Http/Middleware/ValidatePostSize.php(27): Illuminate\\Pipeline\\Pipeline->{closure:{closure:Illuminate\\Pipeline\\Pipeline::carry():194}:195}(Object(Illuminate\\Http\\Request))
#53 /Users/rahmattanri/Documents/Project Code/raporppsr-deploy/vendor/laravel/framework/src/Illuminate/Pipeline/Pipeline.php(219): Illuminate\\Http\\Middleware\\ValidatePostSize->handle(Object(Illuminate\\Http\\Request), Object(Closure))
#54 /Users/rahmattanri/Documents/Project Code/raporppsr-deploy/vendor/laravel/framework/src/Illuminate/Foundation/Http/Middleware/PreventRequestsDuringMaintenance.php(109): Illuminate\\Pipeline\\Pipeline->{closure:{closure:Illuminate\\Pipeline\\Pipeline::carry():194}:195}(Object(Illuminate\\Http\\Request))
#55 /Users/rahmattanri/Documents/Project Code/raporppsr-deploy/vendor/laravel/framework/src/Illuminate/Pipeline/Pipeline.php(219): Illuminate\\Foundation\\Http\\Middleware\\PreventRequestsDuringMaintenance->handle(Object(Illuminate\\Http\\Request), Object(Closure))
#56 /Users/rahmattanri/Documents/Project Code/raporppsr-deploy/vendor/laravel/framework/src/Illuminate/Http/Middleware/HandleCors.php(61): Illuminate\\Pipeline\\Pipeline->{closure:{closure:Illuminate\\Pipeline\\Pipeline::carry():194}:195}(Object(Illuminate\\Http\\Request))
#57 /Users/rahmattanri/Documents/Project Code/raporppsr-deploy/vendor/laravel/framework/src/Illuminate/Pipeline/Pipeline.php(219): Illuminate\\Http\\Middleware\\HandleCors->handle(Object(Illuminate\\Http\\Request), Object(Closure))
#58 /Users/rahmattanri/Documents/Project Code/raporppsr-deploy/vendor/laravel/framework/src/Illuminate/Http/Middleware/TrustProxies.php(58): Illuminate\\Pipeline\\Pipeline->{closure:{closure:Illuminate\\Pipeline\\Pipeline::carry():194}:195}(Object(Illuminate\\Http\\Request))
#59 /Users/rahmattanri/Documents/Project Code/raporppsr-deploy/vendor/laravel/framework/src/Illuminate/Pipeline/Pipeline.php(219): Illuminate\\Http\\Middleware\\TrustProxies->handle(Object(Illuminate\\Http\\Request), Object(Closure))
#60 /Users/rahmattanri/Documents/Project Code/raporppsr-deploy/vendor/laravel/framework/src/Illuminate/Foundation/Http/Middleware/InvokeDeferredCallbacks.php(22): Illuminate\\Pipeline\\Pipeline->{closure:{closure:Illuminate\\Pipeline\\Pipeline::carry():194}:195}(Object(Illuminate\\Http\\Request))
#61 /Users/rahmattanri/Documents/Project Code/raporppsr-deploy/vendor/laravel/framework/src/Illuminate/Pipeline/Pipeline.php(219): Illuminate\\Foundation\\Http\\Middleware\\InvokeDeferredCallbacks->handle(Object(Illuminate\\Http\\Request), Object(Closure))
#62 /Users/rahmattanri/Documents/Project Code/raporppsr-deploy/vendor/laravel/framework/src/Illuminate/Http/Middleware/ValidatePathEncoding.php(26): Illuminate\\Pipeline\\Pipeline->{closure:{closure:Illuminate\\Pipeline\\Pipeline::carry():194}:195}(Object(Illuminate\\Http\\Request))
#63 /Users/rahmattanri/Documents/Project Code/raporppsr-deploy/vendor/laravel/framework/src/Illuminate/Pipeline/Pipeline.php(219): Illuminate\\Http\\Middleware\\ValidatePathEncoding->handle(Object(Illuminate\\Http\\Request), Object(Closure))
#64 /Users/rahmattanri/Documents/Project Code/raporppsr-deploy/vendor/laravel/framework/src/Illuminate/Pipeline/Pipeline.php(137): Illuminate\\Pipeline\\Pipeline->{closure:{closure:Illuminate\\Pipeline\\Pipeline::carry():194}:195}(Object(Illuminate\\Http\\Request))
#65 /Users/rahmattanri/Documents/Project Code/raporppsr-deploy/vendor/laravel/framework/src/Illuminate/Foundation/Http/Kernel.php(175): Illuminate\\Pipeline\\Pipeline->then(Object(Closure))
#66 /Users/rahmattanri/Documents/Project Code/raporppsr-deploy/vendor/laravel/framework/src/Illuminate/Foundation/Http/Kernel.php(144): Illuminate\\Foundation\\Http\\Kernel->sendRequestThroughRouter(Object(Illuminate\\Http\\Request))
#67 /Users/rahmattanri/Documents/Project Code/raporppsr-deploy/vendor/laravel/framework/src/Illuminate/Foundation/Application.php(1220): Illuminate\\Foundation\\Http\\Kernel->handle(Object(Illuminate\\Http\\Request))
#68 /Users/rahmattanri/Documents/Project Code/raporppsr-deploy/public/index.php(20): Illuminate\\Foundation\\Application->handleRequest(Object(Illuminate\\Http\\Request))
#69 /Users/rahmattanri/Documents/Project Code/raporppsr-deploy/vendor/laravel/framework/src/Illuminate/Foundation/resources/server.php(23): require_once('/Users/rahmatta...')
#70 {main}

[previous exception] [object] (ErrorException(code: 0): Undefined variable $availableSiswas at /Users/rahmattanri/Documents/Project Code/raporppsr-deploy/public/storage/framework/views/752082915f736025504260505f4f7898.php:51)
[stacktrace]
#0 /Users/rahmattanri/Documents/Project Code/raporppsr-deploy/vendor/laravel/framework/src/Illuminate/Foundation/Bootstrap/HandleExceptions.php(258): Illuminate\\Foundation\\Bootstrap\\HandleExceptions->handleError(2, 'Undefined varia...', '/Users/rahmatta...', 51)
#1 /Users/rahmattanri/Documents/Project Code/raporppsr-deploy/public/storage/framework/views/752082915f736025504260505f4f7898.php(51): Illuminate\\Foundation\\Bootstrap\\HandleExceptions->{closure:Illuminate\\Foundation\\Bootstrap\\HandleExceptions::forwardsTo():257}(2, 'Undefined varia...', '/Users/rahmatta...', 51)
#2 /Users/rahmattanri/Documents/Project Code/raporppsr-deploy/vendor/livewire/livewire/src/Mechanisms/ExtendBlade/ExtendedCompilerEngine.php(37): include('/Users/rahmatta...')
#3 /Users/rahmattanri/Documents/Project Code/raporppsr-deploy/vendor/livewire/livewire/src/Mechanisms/ExtendBlade/ExtendedCompilerEngine.php(38): App\\Livewire\\Admin\\Kelas\\ManageSiswa->{closure:Livewire\\Mechanisms\\ExtendBlade\\ExtendedCompilerEngine::evaluatePath():35}()
#4 /Users/rahmattanri/Documents/Project Code/raporppsr-deploy/vendor/laravel/framework/src/Illuminate/View/Engines/CompilerEngine.php(76): Livewire\\Mechanisms\\ExtendBlade\\ExtendedCompilerEngine->evaluatePath('storage/framewo...', Array)
#5 /Users/rahmattanri/Documents/Project Code/raporppsr-deploy/vendor/livewire/livewire/src/Mechanisms/ExtendBlade/ExtendedCompilerEngine.php(16): Illuminate\\View\\Engines\\CompilerEngine->get('/Users/rahmatta...', Array)
#6 /Users/rahmattanri/Documents/Project Code/raporppsr-deploy/vendor/laravel/framework/src/Illuminate/View/View.php(208): Livewire\\Mechanisms\\ExtendBlade\\ExtendedCompilerEngine->get('/Users/rahmatta...', Array)
#7 /Users/rahmattanri/Documents/Project Code/raporppsr-deploy/vendor/laravel/framework/src/Illuminate/View/View.php(191): Illuminate\\View\\View->getContents()
#8 /Users/rahmattanri/Documents/Project Code/raporppsr-deploy/vendor/laravel/framework/src/Illuminate/View/View.php(160): Illuminate\\View\\View->renderContents()
#9 /Users/rahmattanri/Documents/Project Code/raporppsr-deploy/vendor/livewire/livewire/src/Mechanisms/HandleComponents/HandleComponents.php(377): Illuminate\\View\\View->render(Object(Closure))
#10 /Users/rahmattanri/Documents/Project Code/raporppsr-deploy/vendor/livewire/livewire/src/Mechanisms/HandleComponents/HandleComponents.php(428): Livewire\\Mechanisms\\HandleComponents\\HandleComponents->{closure:Livewire\\Mechanisms\\HandleComponents\\HandleComponents::render():369}()
#11 /Users/rahmattanri/Documents/Project Code/raporppsr-deploy/vendor/livewire/livewire/src/Mechanisms/HandleComponents/HandleComponents.php(369): Livewire\\Mechanisms\\HandleComponents\\HandleComponents->trackInRenderStack(Object(App\\Livewire\\Admin\\Kelas\\ManageSiswa), Object(Closure))
#12 /Users/rahmattanri/Documents/Project Code/raporppsr-deploy/vendor/livewire/livewire/src/Mechanisms/HandleComponents/HandleComponents.php(70): Livewire\\Mechanisms\\HandleComponents\\HandleComponents->render(Object(App\\Livewire\\Admin\\Kelas\\ManageSiswa), '<div></div>')
#13 /Users/rahmattanri/Documents/Project Code/raporppsr-deploy/vendor/livewire/livewire/src/LivewireManager.php(102): Livewire\\Mechanisms\\HandleComponents\\HandleComponents->mount('App\\\\Livewire\\\\Ad...', Array, NULL, Array)
#14 /Users/rahmattanri/Documents/Project Code/raporppsr-deploy/vendor/livewire/livewire/src/Features/SupportPageComponents/HandlesPageComponents.php(19): Livewire\\LivewireManager->mount('App\\\\Livewire\\\\Ad...', Array)
#15 /Users/rahmattanri/Documents/Project Code/raporppsr-deploy/vendor/livewire/livewire/src/Features/SupportPageComponents/SupportPageComponents.php(118): Livewire\\Component->{closure:Livewire\\Features\\SupportPageComponents\\HandlesPageComponents::__invoke():14}()
#16 /Users/rahmattanri/Documents/Project Code/raporppsr-deploy/vendor/livewire/livewire/src/Features/SupportPageComponents/HandlesPageComponents.php(14): Livewire\\Features\\SupportPageComponents\\SupportPageComponents::interceptTheRenderOfTheComponentAndRetreiveTheLayoutConfiguration(Object(Closure))
#17 /Users/rahmattanri/Documents/Project Code/raporppsr-deploy/vendor/laravel/framework/src/Illuminate/Routing/ControllerDispatcher.php(46): Livewire\\Component->__invoke('2')
#18 /Users/rahmattanri/Documents/Project Code/raporppsr-deploy/vendor/laravel/framework/src/Illuminate/Routing/Route.php(265): Illuminate\\Routing\\ControllerDispatcher->dispatch(Object(Illuminate\\Routing\\Route), Object(App\\Livewire\\Admin\\Kelas\\ManageSiswa), '__invoke')
#19 /Users/rahmattanri/Documents/Project Code/raporppsr-deploy/vendor/laravel/framework/src/Illuminate/Routing/Route.php(211): Illuminate\\Routing\\Route->runController()
#20 /Users/rahmattanri/Documents/Project Code/raporppsr-deploy/vendor/laravel/framework/src/Illuminate/Routing/Router.php(822): Illuminate\\Routing\\Route->run()
#21 /Users/rahmattanri/Documents/Project Code/raporppsr-deploy/vendor/laravel/framework/src/Illuminate/Pipeline/Pipeline.php(180): Illuminate\\Routing\\Router->{closure:Illuminate\\Routing\\Router::runRouteWithinStack():821}(Object(Illuminate\\Http\\Request))
#22 /Users/rahmattanri/Documents/Project Code/raporppsr-deploy/app/Http/Middleware/RoleMiddleware.php(28): Illuminate\\Pipeline\\Pipeline->{closure:Illuminate\\Pipeline\\Pipeline::prepareDestination():178}(Object(Illuminate\\Http\\Request))
#23 /Users/rahmattanri/Documents/Project Code/raporppsr-deploy/vendor/laravel/framework/src/Illuminate/Pipeline/Pipeline.php(219): App\\Http\\Middleware\\RoleMiddleware->handle(Object(Illuminate\\Http\\Request), Object(Closure), 'admin')
#24 /Users/rahmattanri/Documents/Project Code/raporppsr-deploy/vendor/laravel/framework/src/Illuminate/Routing/Middleware/SubstituteBindings.php(50): Illuminate\\Pipeline\\Pipeline->{closure:{closure:Illuminate\\Pipeline\\Pipeline::carry():194}:195}(Object(Illuminate\\Http\\Request))
#25 /Users/rahmattanri/Documents/Project Code/raporppsr-deploy/vendor/laravel/framework/src/Illuminate/Pipeline/Pipeline.php(219): Illuminate\\Routing\\Middleware\\SubstituteBindings->handle(Object(Illuminate\\Http\\Request), Object(Closure))
#26 /Users/rahmattanri/Documents/Project Code/raporppsr-deploy/vendor/laravel/framework/src/Illuminate/Auth/Middleware/Authenticate.php(63): Illuminate\\Pipeline\\Pipeline->{closure:{closure:Illuminate\\Pipeline\\Pipeline::carry():194}:195}(Object(Illuminate\\Http\\Request))
#27 /Users/rahmattanri/Documents/Project Code/raporppsr-deploy/vendor/laravel/framework/src/Illuminate/Pipeline/Pipeline.php(219): Illuminate\\Auth\\Middleware\\Authenticate->handle(Object(Illuminate\\Http\\Request), Object(Closure))
#28 /Users/rahmattanri/Documents/Project Code/raporppsr-deploy/vendor/laravel/framework/src/Illuminate/Foundation/Http/Middleware/VerifyCsrfToken.php(87): Illuminate\\Pipeline\\Pipeline->{closure:{closure:Illuminate\\Pipeline\\Pipeline::carry():194}:195}(Object(Illuminate\\Http\\Request))
#29 /Users/rahmattanri/Documents/Project Code/raporppsr-deploy/vendor/laravel/framework/src/Illuminate/Pipeline/Pipeline.php(219): Illuminate\\Foundation\\Http\\Middleware\\VerifyCsrfToken->handle(Object(Illuminate\\Http\\Request), Object(Closure))
#30 /Users/rahmattanri/Documents/Project Code/raporppsr-deploy/vendor/laravel/framework/src/Illuminate/View/Middleware/ShareErrorsFromSession.php(48): Illuminate\\Pipeline\\Pipeline->{closure:{closure:Illuminate\\Pipeline\\Pipeline::carry():194}:195}(Object(Illuminate\\Http\\Request))
#31 /Users/rahmattanri/Documents/Project Code/raporppsr-deploy/vendor/laravel/framework/src/Illuminate/Pipeline/Pipeline.php(219): Illuminate\\View\\Middleware\\ShareErrorsFromSession->handle(Object(Illuminate\\Http\\Request), Object(Closure))
#32 /Users/rahmattanri/Documents/Project Code/raporppsr-deploy/vendor/laravel/framework/src/Illuminate/Session/Middleware/StartSession.php(120): Illuminate\\Pipeline\\Pipeline->{closure:{closure:Illuminate\\Pipeline\\Pipeline::carry():194}:195}(Object(Illuminate\\Http\\Request))
#33 /Users/rahmattanri/Documents/Project Code/raporppsr-deploy/vendor/laravel/framework/src/Illuminate/Session/Middleware/StartSession.php(63): Illuminate\\Session\\Middleware\\StartSession->handleStatefulRequest(Object(Illuminate\\Http\\Request), Object(Illuminate\\Session\\Store), Object(Closure))
#34 /Users/rahmattanri/Documents/Project Code/raporppsr-deploy/vendor/laravel/framework/src/Illuminate/Pipeline/Pipeline.php(219): Illuminate\\Session\\Middleware\\StartSession->handle(Object(Illuminate\\Http\\Request), Object(Closure))
#35 /Users/rahmattanri/Documents/Project Code/raporppsr-deploy/vendor/laravel/framework/src/Illuminate/Cookie/Middleware/AddQueuedCookiesToResponse.php(36): Illuminate\\Pipeline\\Pipeline->{closure:{closure:Illuminate\\Pipeline\\Pipeline::carry():194}:195}(Object(Illuminate\\Http\\Request))
#36 /Users/rahmattanri/Documents/Project Code/raporppsr-deploy/vendor/laravel/framework/src/Illuminate/Pipeline/Pipeline.php(219): Illuminate\\Cookie\\Middleware\\AddQueuedCookiesToResponse->handle(Object(Illuminate\\Http\\Request), Object(Closure))
#37 /Users/rahmattanri/Documents/Project Code/raporppsr-deploy/vendor/laravel/framework/src/Illuminate/Cookie/Middleware/EncryptCookies.php(74): Illuminate\\Pipeline\\Pipeline->{closure:{closure:Illuminate\\Pipeline\\Pipeline::carry():194}:195}(Object(Illuminate\\Http\\Request))
#38 /Users/rahmattanri/Documents/Project Code/raporppsr-deploy/vendor/laravel/framework/src/Illuminate/Pipeline/Pipeline.php(219): Illuminate\\Cookie\\Middleware\\EncryptCookies->handle(Object(Illuminate\\Http\\Request), Object(Closure))
#39 /Users/rahmattanri/Documents/Project Code/raporppsr-deploy/vendor/laravel/framework/src/Illuminate/Pipeline/Pipeline.php(137): Illuminate\\Pipeline\\Pipeline->{closure:{closure:Illuminate\\Pipeline\\Pipeline::carry():194}:195}(Object(Illuminate\\Http\\Request))
#40 /Users/rahmattanri/Documents/Project Code/raporppsr-deploy/vendor/laravel/framework/src/Illuminate/Routing/Router.php(821): Illuminate\\Pipeline\\Pipeline->then(Object(Closure))
#41 /Users/rahmattanri/Documents/Project Code/raporppsr-deploy/vendor/laravel/framework/src/Illuminate/Routing/Router.php(800): Illuminate\\Routing\\Router->runRouteWithinStack(Object(Illuminate\\Routing\\Route), Object(Illuminate\\Http\\Request))
#42 /Users/rahmattanri/Documents/Project Code/raporppsr-deploy/vendor/laravel/framework/src/Illuminate/Routing/Router.php(764): Illuminate\\Routing\\Router->runRoute(Object(Illuminate\\Http\\Request), Object(Illuminate\\Routing\\Route))
#43 /Users/rahmattanri/Documents/Project Code/raporppsr-deploy/vendor/laravel/framework/src/Illuminate/Routing/Router.php(753): Illuminate\\Routing\\Router->dispatchToRoute(Object(Illuminate\\Http\\Request))
#44 /Users/rahmattanri/Documents/Project Code/raporppsr-deploy/vendor/laravel/framework/src/Illuminate/Foundation/Http/Kernel.php(200): Illuminate\\Routing\\Router->dispatch(Object(Illuminate\\Http\\Request))
#45 /Users/rahmattanri/Documents/Project Code/raporppsr-deploy/vendor/laravel/framework/src/Illuminate/Pipeline/Pipeline.php(180): Illuminate\\Foundation\\Http\\Kernel->{closure:Illuminate\\Foundation\\Http\\Kernel::dispatchToRouter():197}(Object(Illuminate\\Http\\Request))
#46 /Users/rahmattanri/Documents/Project Code/raporppsr-deploy/vendor/livewire/livewire/src/Features/SupportDisablingBackButtonCache/DisableBackButtonCacheMiddleware.php(19): Illuminate\\Pipeline\\Pipeline->{closure:Illuminate\\Pipeline\\Pipeline::prepareDestination():178}(Object(Illuminate\\Http\\Request))
#47 /Users/rahmattanri/Documents/Project Code/raporppsr-deploy/vendor/laravel/framework/src/Illuminate/Pipeline/Pipeline.php(219): Livewire\\Features\\SupportDisablingBackButtonCache\\DisableBackButtonCacheMiddleware->handle(Object(Illuminate\\Http\\Request), Object(Closure))
#48 /Users/rahmattanri/Documents/Project Code/raporppsr-deploy/vendor/laravel/framework/src/Illuminate/Foundation/Http/Middleware/TransformsRequest.php(21): Illuminate\\Pipeline\\Pipeline->{closure:{closure:Illuminate\\Pipeline\\Pipeline::carry():194}:195}(Object(Illuminate\\Http\\Request))
#49 /Users/rahmattanri/Documents/Project Code/raporppsr-deploy/vendor/laravel/framework/src/Illuminate/Foundation/Http/Middleware/ConvertEmptyStringsToNull.php(31): Illuminate\\Foundation\\Http\\Middleware\\TransformsRequest->handle(Object(Illuminate\\Http\\Request), Object(Closure))
#50 /Users/rahmattanri/Documents/Project Code/raporppsr-deploy/vendor/laravel/framework/src/Illuminate/Pipeline/Pipeline.php(219): Illuminate\\Foundation\\Http\\Middleware\\ConvertEmptyStringsToNull->handle(Object(Illuminate\\Http\\Request), Object(Closure))
#51 /Users/rahmattanri/Documents/Project Code/raporppsr-deploy/vendor/laravel/framework/src/Illuminate/Foundation/Http/Middleware/TransformsRequest.php(21): Illuminate\\Pipeline\\Pipeline->{closure:{closure:Illuminate\\Pipeline\\Pipeline::carry():194}:195}(Object(Illuminate\\Http\\Request))
#52 /Users/rahmattanri/Documents/Project Code/raporppsr-deploy/vendor/laravel/framework/src/Illuminate/Foundation/Http/Middleware/TrimStrings.php(51): Illuminate\\Foundation\\Http\\Middleware\\TransformsRequest->handle(Object(Illuminate\\Http\\Request), Object(Closure))
#53 /Users/rahmattanri/Documents/Project Code/raporppsr-deploy/vendor/laravel/framework/src/Illuminate/Pipeline/Pipeline.php(219): Illuminate\\Foundation\\Http\\Middleware\\TrimStrings->handle(Object(Illuminate\\Http\\Request), Object(Closure))
#54 /Users/rahmattanri/Documents/Project Code/raporppsr-deploy/vendor/laravel/framework/src/Illuminate/Http/Middleware/ValidatePostSize.php(27): Illuminate\\Pipeline\\Pipeline->{closure:{closure:Illuminate\\Pipeline\\Pipeline::carry():194}:195}(Object(Illuminate\\Http\\Request))
#55 /Users/rahmattanri/Documents/Project Code/raporppsr-deploy/vendor/laravel/framework/src/Illuminate/Pipeline/Pipeline.php(219): Illuminate\\Http\\Middleware\\ValidatePostSize->handle(Object(Illuminate\\Http\\Request), Object(Closure))
#56 /Users/rahmattanri/Documents/Project Code/raporppsr-deploy/vendor/laravel/framework/src/Illuminate/Foundation/Http/Middleware/PreventRequestsDuringMaintenance.php(109): Illuminate\\Pipeline\\Pipeline->{closure:{closure:Illuminate\\Pipeline\\Pipeline::carry():194}:195}(Object(Illuminate\\Http\\Request))
#57 /Users/rahmattanri/Documents/Project Code/raporppsr-deploy/vendor/laravel/framework/src/Illuminate/Pipeline/Pipeline.php(219): Illuminate\\Foundation\\Http\\Middleware\\PreventRequestsDuringMaintenance->handle(Object(Illuminate\\Http\\Request), Object(Closure))
#58 /Users/rahmattanri/Documents/Project Code/raporppsr-deploy/vendor/laravel/framework/src/Illuminate/Http/Middleware/HandleCors.php(61): Illuminate\\Pipeline\\Pipeline->{closure:{closure:Illuminate\\Pipeline\\Pipeline::carry():194}:195}(Object(Illuminate\\Http\\Request))
#59 /Users/rahmattanri/Documents/Project Code/raporppsr-deploy/vendor/laravel/framework/src/Illuminate/Pipeline/Pipeline.php(219): Illuminate\\Http\\Middleware\\HandleCors->handle(Object(Illuminate\\Http\\Request), Object(Closure))
#60 /Users/rahmattanri/Documents/Project Code/raporppsr-deploy/vendor/laravel/framework/src/Illuminate/Http/Middleware/TrustProxies.php(58): Illuminate\\Pipeline\\Pipeline->{closure:{closure:Illuminate\\Pipeline\\Pipeline::carry():194}:195}(Object(Illuminate\\Http\\Request))
#61 /Users/rahmattanri/Documents/Project Code/raporppsr-deploy/vendor/laravel/framework/src/Illuminate/Pipeline/Pipeline.php(219): Illuminate\\Http\\Middleware\\TrustProxies->handle(Object(Illuminate\\Http\\Request), Object(Closure))
#62 /Users/rahmattanri/Documents/Project Code/raporppsr-deploy/vendor/laravel/framework/src/Illuminate/Foundation/Http/Middleware/InvokeDeferredCallbacks.php(22): Illuminate\\Pipeline\\Pipeline->{closure:{closure:Illuminate\\Pipeline\\Pipeline::carry():194}:195}(Object(Illuminate\\Http\\Request))
#63 /Users/rahmattanri/Documents/Project Code/raporppsr-deploy/vendor/laravel/framework/src/Illuminate/Pipeline/Pipeline.php(219): Illuminate\\Foundation\\Http\\Middleware\\InvokeDeferredCallbacks->handle(Object(Illuminate\\Http\\Request), Object(Closure))
#64 /Users/rahmattanri/Documents/Project Code/raporppsr-deploy/vendor/laravel/framework/src/Illuminate/Http/Middleware/ValidatePathEncoding.php(26): Illuminate\\Pipeline\\Pipeline->{closure:{closure:Illuminate\\Pipeline\\Pipeline::carry():194}:195}(Object(Illuminate\\Http\\Request))
#65 /Users/rahmattanri/Documents/Project Code/raporppsr-deploy/vendor/laravel/framework/src/Illuminate/Pipeline/Pipeline.php(219): Illuminate\\Http\\Middleware\\ValidatePathEncoding->handle(Object(Illuminate\\Http\\Request), Object(Closure))
#66 /Users/rahmattanri/Documents/Project Code/raporppsr-deploy/vendor/laravel/framework/src/Illuminate/Pipeline/Pipeline.php(137): Illuminate\\Pipeline\\Pipeline->{closure:{closure:Illuminate\\Pipeline\\Pipeline::carry():194}:195}(Object(Illuminate\\Http\\Request))
#67 /Users/rahmattanri/Documents/Project Code/raporppsr-deploy/vendor/laravel/framework/src/Illuminate/Foundation/Http/Kernel.php(175): Illuminate\\Pipeline\\Pipeline->then(Object(Closure))
#68 /Users/rahmattanri/Documents/Project Code/raporppsr-deploy/vendor/laravel/framework/src/Illuminate/Foundation/Http/Kernel.php(144): Illuminate\\Foundation\\Http\\Kernel->sendRequestThroughRouter(Object(Illuminate\\Http\\Request))
#69 /Users/rahmattanri/Documents/Project Code/raporppsr-deploy/vendor/laravel/framework/src/Illuminate/Foundation/Application.php(1220): Illuminate\\Foundation\\Http\\Kernel->handle(Object(Illuminate\\Http\\Request))
#70 /Users/rahmattanri/Documents/Project Code/raporppsr-deploy/public/index.php(20): Illuminate\\Foundation\\Application->handleRequest(Object(Illuminate\\Http\\Request))
#71 /Users/rahmattanri/Documents/Project Code/raporppsr-deploy/vendor/laravel/framework/src/Illuminate/Foundation/resources/server.php(23): require_once('/Users/rahmatta...')
#72 {main}
"} 
[2026-03-15 03:09:47] local.ERROR: Undefined variable $showDropdown (View: /Users/rahmattanri/Documents/Project Code/raporppsr-deploy/resources/views/livewire/admin/kelas/manage-siswa.blade.php) {"userId":1,"exception":"[object] (Illuminate\\View\\ViewException(code: 0): Undefined variable $showDropdown (View: /Users/rahmattanri/Documents/Project Code/raporppsr-deploy/resources/views/livewire/admin/kelas/manage-siswa.blade.php) at /Users/rahmattanri/Documents/Project Code/raporppsr-deploy/public/storage/framework/views/752082915f736025504260505f4f7898.php:95)
[stacktrace]
#0 /Users/rahmattanri/Documents/Project Code/raporppsr-deploy/vendor/livewire/livewire/src/Mechanisms/ExtendBlade/ExtendedCompilerEngine.php(58): Illuminate\\View\\Engines\\CompilerEngine->handleViewException(Object(ErrorException), 1)
#1 /Users/rahmattanri/Documents/Project Code/raporppsr-deploy/vendor/livewire/livewire/src/Mechanisms/ExtendBlade/ExtendedCompilerEngine.php(40): Livewire\\Mechanisms\\ExtendBlade\\ExtendedCompilerEngine->handleViewException(Object(ErrorException), 1)
#2 /Users/rahmattanri/Documents/Project Code/raporppsr-deploy/vendor/laravel/framework/src/Illuminate/View/Engines/CompilerEngine.php(76): Livewire\\Mechanisms\\ExtendBlade\\ExtendedCompilerEngine->evaluatePath('storage/framewo...', Array)
#3 /Users/rahmattanri/Documents/Project Code/raporppsr-deploy/vendor/livewire/livewire/src/Mechanisms/ExtendBlade/ExtendedCompilerEngine.php(16): Illuminate\\View\\Engines\\CompilerEngine->get('/Users/rahmatta...', Array)
#4 /Users/rahmattanri/Documents/Project Code/raporppsr-deploy/vendor/laravel/framework/src/Illuminate/View/View.php(208): Livewire\\Mechanisms\\ExtendBlade\\ExtendedCompilerEngine->get('/Users/rahmatta...', Array)
#5 /Users/rahmattanri/Documents/Project Code/raporppsr-deploy/vendor/laravel/framework/src/Illuminate/View/View.php(191): Illuminate\\View\\View->getContents()
#6 /Users/rahmattanri/Documents/Project Code/raporppsr-deploy/vendor/laravel/framework/src/Illuminate/View/View.php(160): Illuminate\\View\\View->renderContents()
#7 /Users/rahmattanri/Documents/Project Code/raporppsr-deploy/vendor/livewire/livewire/src/Mechanisms/HandleComponents/HandleComponents.php(377): Illuminate\\View\\View->render(Object(Closure))
#8 /Users/rahmattanri/Documents/Project Code/raporppsr-deploy/vendor/livewire/livewire/src/Mechanisms/HandleComponents/HandleComponents.php(428): Livewire\\Mechanisms\\HandleComponents\\HandleComponents->{closure:Livewire\\Mechanisms\\HandleComponents\\HandleComponents::render():369}()
#9 /Users/rahmattanri/Documents/Project Code/raporppsr-deploy/vendor/livewire/livewire/src/Mechanisms/HandleComponents/HandleComponents.php(369): Livewire\\Mechanisms\\HandleComponents\\HandleComponents->trackInRenderStack(Object(App\\Livewire\\Admin\\Kelas\\ManageSiswa), Object(Closure))
#10 /Users/rahmattanri/Documents/Project Code/raporppsr-deploy/vendor/livewire/livewire/src/Mechanisms/HandleComponents/HandleComponents.php(70): Livewire\\Mechanisms\\HandleComponents\\HandleComponents->render(Object(App\\Livewire\\Admin\\Kelas\\ManageSiswa), '<div></div>')
#11 /Users/rahmattanri/Documents/Project Code/raporppsr-deploy/vendor/livewire/livewire/src/LivewireManager.php(102): Livewire\\Mechanisms\\HandleComponents\\HandleComponents->mount('App\\\\Livewire\\\\Ad...', Array, NULL, Array)
#12 /Users/rahmattanri/Documents/Project Code/raporppsr-deploy/vendor/livewire/livewire/src/Features/SupportPageComponents/HandlesPageComponents.php(19): Livewire\\LivewireManager->mount('App\\\\Livewire\\\\Ad...', Array)
#13 /Users/rahmattanri/Documents/Project Code/raporppsr-deploy/vendor/livewire/livewire/src/Features/SupportPageComponents/SupportPageComponents.php(118): Livewire\\Component->{closure:Livewire\\Features\\SupportPageComponents\\HandlesPageComponents::__invoke():14}()
#14 /Users/rahmattanri/Documents/Project Code/raporppsr-deploy/vendor/livewire/livewire/src/Features/SupportPageComponents/HandlesPageComponents.php(14): Livewire\\Features\\SupportPageComponents\\SupportPageComponents::interceptTheRenderOfTheComponentAndRetreiveTheLayoutConfiguration(Object(Closure))
#15 /Users/rahmattanri/Documents/Project Code/raporppsr-deploy/vendor/laravel/framework/src/Illuminate/Routing/ControllerDispatcher.php(46): Livewire\\Component->__invoke('10')
#16 /Users/rahmattanri/Documents/Project Code/raporppsr-deploy/vendor/laravel/framework/src/Illuminate/Routing/Route.php(265): Illuminate\\Routing\\ControllerDispatcher->dispatch(Object(Illuminate\\Routing\\Route), Object(App\\Livewire\\Admin\\Kelas\\ManageSiswa), '__invoke')
#17 /Users/rahmattanri/Documents/Project Code/raporppsr-deploy/vendor/laravel/framework/src/Illuminate/Routing/Route.php(211): Illuminate\\Routing\\Route->runController()
#18 /Users/rahmattanri/Documents/Project Code/raporppsr-deploy/vendor/laravel/framework/src/Illuminate/Routing/Router.php(822): Illuminate\\Routing\\Route->run()
#19 /Users/rahmattanri/Documents/Project Code/raporppsr-deploy/vendor/laravel/framework/src/Illuminate/Pipeline/Pipeline.php(180): Illuminate\\Routing\\Router->{closure:Illuminate\\Routing\\Router::runRouteWithinStack():821}(Object(Illuminate\\Http\\Request))
#20 /Users/rahmattanri/Documents/Project Code/raporppsr-deploy/app/Http/Middleware/RoleMiddleware.php(28): Illuminate\\Pipeline\\Pipeline->{closure:Illuminate\\Pipeline\\Pipeline::prepareDestination():178}(Object(Illuminate\\Http\\Request))
#21 /Users/rahmattanri/Documents/Project Code/raporppsr-deploy/vendor/laravel/framework/src/Illuminate/Pipeline/Pipeline.php(219): App\\Http\\Middleware\\RoleMiddleware->handle(Object(Illuminate\\Http\\Request), Object(Closure), 'admin')
#22 /Users/rahmattanri/Documents/Project Code/raporppsr-deploy/vendor/laravel/framework/src/Illuminate/Routing/Middleware/SubstituteBindings.php(50): Illuminate\\Pipeline\\Pipeline->{closure:{closure:Illuminate\\Pipeline\\Pipeline::carry():194}:195}(Object(Illuminate\\Http\\Request))
#23 /Users/rahmattanri/Documents/Project Code/raporppsr-deploy/vendor/laravel/framework/src/Illuminate/Pipeline/Pipeline.php(219): Illuminate\\Routing\\Middleware\\SubstituteBindings->handle(Object(Illuminate\\Http\\Request), Object(Closure))
#24 /Users/rahmattanri/Documents/Project Code/raporppsr-deploy/vendor/laravel/framework/src/Illuminate/Auth/Middleware/Authenticate.php(63): Illuminate\\Pipeline\\Pipeline->{closure:{closure:Illuminate\\Pipeline\\Pipeline::carry():194}:195}(Object(Illuminate\\Http\\Request))
#25 /Users/rahmattanri/Documents/Project Code/raporppsr-deploy/vendor/laravel/framework/src/Illuminate/Pipeline/Pipeline.php(219): Illuminate\\Auth\\Middleware\\Authenticate->handle(Object(Illuminate\\Http\\Request), Object(Closure))
#26 /Users/rahmattanri/Documents/Project Code/raporppsr-deploy/vendor/laravel/framework/src/Illuminate/Foundation/Http/Middleware/VerifyCsrfToken.php(87): Illuminate\\Pipeline\\Pipeline->{closure:{closure:Illuminate\\Pipeline\\Pipeline::carry():194}:195}(Object(Illuminate\\Http\\Request))
#27 /Users/rahmattanri/Documents/Project Code/raporppsr-deploy/vendor/laravel/framework/src/Illuminate/Pipeline/Pipeline.php(219): Illuminate\\Foundation\\Http\\Middleware\\VerifyCsrfToken->handle(Object(Illuminate\\Http\\Request), Object(Closure))
#28 /Users/rahmattanri/Documents/Project Code/raporppsr-deploy/vendor/laravel/framework/src/Illuminate/View/Middleware/ShareErrorsFromSession.php(48): Illuminate\\Pipeline\\Pipeline->{closure:{closure:Illuminate\\Pipeline\\Pipeline::carry():194}:195}(Object(Illuminate\\Http\\Request))
#29 /Users/rahmattanri/Documents/Project Code/raporppsr-deploy/vendor/laravel/framework/src/Illuminate/Pipeline/Pipeline.php(219): Illuminate\\View\\Middleware\\ShareErrorsFromSession->handle(Object(Illuminate\\Http\\Request), Object(Closure))
#30 /Users/rahmattanri/Documents/Project Code/raporppsr-deploy/vendor/laravel/framework/src/Illuminate/Session/Middleware/StartSession.php(120): Illuminate\\Pipeline\\Pipeline->{closure:{closure:Illuminate\\Pipeline\\Pipeline::carry():194}:195}(Object(Illuminate\\Http\\Request))
#31 /Users/rahmattanri/Documents/Project Code/raporppsr-deploy/vendor/laravel/framework/src/Illuminate/Session/Middleware/StartSession.php(63): Illuminate\\Session\\Middleware\\StartSession->handleStatefulRequest(Object(Illuminate\\Http\\Request), Object(Illuminate\\Session\\Store), Object(Closure))
#32 /Users/rahmattanri/Documents/Project Code/raporppsr-deploy/vendor/laravel/framework/src/Illuminate/Pipeline/Pipeline.php(219): Illuminate\\Session\\Middleware\\StartSession->handle(Object(Illuminate\\Http\\Request), Object(Closure))
#33 /Users/rahmattanri/Documents/Project Code/raporppsr-deploy/vendor/laravel/framework/src/Illuminate/Cookie/Middleware/AddQueuedCookiesToResponse.php(36): Illuminate\\Pipeline\\Pipeline->{closure:{closure:Illuminate\\Pipeline\\Pipeline::carry():194}:195}(Object(Illuminate\\Http\\Request))
#34 /Users/rahmattanri/Documents/Project Code/raporppsr-deploy/vendor/laravel/framework/src/Illuminate/Pipeline/Pipeline.php(219): Illuminate\\Cookie\\Middleware\\AddQueuedCookiesToResponse->handle(Object(Illuminate\\Http\\Request), Object(Closure))
#35 /Users/rahmattanri/Documents/Project Code/raporppsr-deploy/vendor/laravel/framework/src/Illuminate/Cookie/Middleware/EncryptCookies.php(74): Illuminate\\Pipeline\\Pipeline->{closure:{closure:Illuminate\\Pipeline\\Pipeline::carry():194}:195}(Object(Illuminate\\Http\\Request))
#36 /Users/rahmattanri/Documents/Project Code/raporppsr-deploy/vendor/laravel/framework/src/Illuminate/Pipeline/Pipeline.php(219): Illuminate\\Cookie\\Middleware\\EncryptCookies->handle(Object(Illuminate\\Http\\Request), Object(Closure))
#37 /Users/rahmattanri/Documents/Project Code/raporppsr-deploy/vendor/laravel/framework/src/Illuminate/Pipeline/Pipeline.php(137): Illuminate\\Pipeline\\Pipeline->{closure:{closure:Illuminate\\Pipeline\\Pipeline::carry():194}:195}(Object(Illuminate\\Http\\Request))
#38 /Users/rahmattanri/Documents/Project Code/raporppsr-deploy/vendor/laravel/framework/src/Illuminate/Routing/Router.php(821): Illuminate\\Pipeline\\Pipeline->then(Object(Closure))
#39 /Users/rahmattanri/Documents/Project Code/raporppsr-deploy/vendor/laravel/framework/src/Illuminate/Routing/Router.php(800): Illuminate\\Routing\\Router->runRouteWithinStack(Object(Illuminate\\Routing\\Route), Object(Illuminate\\Http\\Request))
#40 /Users/rahmattanri/Documents/Project Code/raporppsr-deploy/vendor/laravel/framework/src/Illuminate/Routing/Router.php(764): Illuminate\\Routing\\Router->runRoute(Object(Illuminate\\Http\\Request), Object(Illuminate\\Routing\\Route))
#41 /Users/rahmattanri/Documents/Project Code/raporppsr-deploy/vendor/laravel/framework/src/Illuminate/Routing/Router.php(753): Illuminate\\Routing\\Router->dispatchToRoute(Object(Illuminate\\Http\\Request))
#42 /Users/rahmattanri/Documents/Project Code/raporppsr-deploy/vendor/laravel/framework/src/Illuminate/Foundation/Http/Kernel.php(200): Illuminate\\Routing\\Router->dispatch(Object(Illuminate\\Http\\Request))
#43 /Users/rahmattanri/Documents/Project Code/raporppsr-deploy/vendor/laravel/framework/src/Illuminate/Pipeline/Pipeline.php(180): Illuminate\\Foundation\\Http\\Kernel->{closure:Illuminate\\Foundation\\Http\\Kernel::dispatchToRouter():197}(Object(Illuminate\\Http\\Request))
#44 /Users/rahmattanri/Documents/Project Code/raporppsr-deploy/vendor/livewire/livewire/src/Features/SupportDisablingBackButtonCache/DisableBackButtonCacheMiddleware.php(19): Illuminate\\Pipeline\\Pipeline->{closure:Illuminate\\Pipeline\\Pipeline::prepareDestination():178}(Object(Illuminate\\Http\\Request))
#45 /Users/rahmattanri/Documents/Project Code/raporppsr-deploy/vendor/laravel/framework/src/Illuminate/Pipeline/Pipeline.php(219): Livewire\\Features\\SupportDisablingBackButtonCache\\DisableBackButtonCacheMiddleware->handle(Object(Illuminate\\Http\\Request), Object(Closure))
#46 /Users/rahmattanri/Documents/Project Code/raporppsr-deploy/vendor/laravel/framework/src/Illuminate/Foundation/Http/Middleware/TransformsRequest.php(21): Illuminate\\Pipeline\\Pipeline->{closure:{closure:Illuminate\\Pipeline\\Pipeline::carry():194}:195}(Object(Illuminate\\Http\\Request))
#47 /Users/rahmattanri/Documents/Project Code/raporppsr-deploy/vendor/laravel/framework/src/Illuminate/Foundation/Http/Middleware/ConvertEmptyStringsToNull.php(31): Illuminate\\Foundation\\Http\\Middleware\\TransformsRequest->handle(Object(Illuminate\\Http\\Request), Object(Closure))
#48 /Users/rahmattanri/Documents/Project Code/raporppsr-deploy/vendor/laravel/framework/src/Illuminate/Pipeline/Pipeline.php(219): Illuminate\\Foundation\\Http\\Middleware\\ConvertEmptyStringsToNull->handle(Object(Illuminate\\Http\\Request), Object(Closure))
#49 /Users/rahmattanri/Documents/Project Code/raporppsr-deploy/vendor/laravel/framework/src/Illuminate/Foundation/Http/Middleware/TransformsRequest.php(21): Illuminate\\Pipeline\\Pipeline->{closure:{closure:Illuminate\\Pipeline\\Pipeline::carry():194}:195}(Object(Illuminate\\Http\\Request))
#50 /Users/rahmattanri/Documents/Project Code/raporppsr-deploy/vendor/laravel/framework/src/Illuminate/Foundation/Http/Middleware/TrimStrings.php(51): Illuminate\\Foundation\\Http\\Middleware\\TransformsRequest->handle(Object(Illuminate\\Http\\Request), Object(Closure))
#51 /Users/rahmattanri/Documents/Project Code/raporppsr-deploy/vendor/laravel/framework/src/Illuminate/Pipeline/Pipeline.php(219): Illuminate\\Foundation\\Http\\Middleware\\TrimStrings->handle(Object(Illuminate\\Http\\Request), Object(Closure))
#52 /Users/rahmattanri/Documents/Project Code/raporppsr-deploy/vendor/laravel/framework/src/Illuminate/Http/Middleware/ValidatePostSize.php(27): Illuminate\\Pipeline\\Pipeline->{closure:{closure:Illuminate\\Pipeline\\Pipeline::carry():194}:195}(Object(Illuminate\\Http\\Request))
#53 /Users/rahmattanri/Documents/Project Code/raporppsr-deploy/vendor/laravel/framework/src/Illuminate/Pipeline/Pipeline.php(219): Illuminate\\Http\\Middleware\\ValidatePostSize->handle(Object(Illuminate\\Http\\Request), Object(Closure))
#54 /Users/rahmattanri/Documents/Project Code/raporppsr-deploy/vendor/laravel/framework/src/Illuminate/Foundation/Http/Middleware/PreventRequestsDuringMaintenance.php(109): Illuminate\\Pipeline\\Pipeline->{closure:{closure:Illuminate\\Pipeline\\Pipeline::carry():194}:195}(Object(Illuminate\\Http\\Request))
#55 /Users/rahmattanri/Documents/Project Code/raporppsr-deploy/vendor/laravel/framework/src/Illuminate/Pipeline/Pipeline.php(219): Illuminate\\Foundation\\Http\\Middleware\\PreventRequestsDuringMaintenance->handle(Object(Illuminate\\Http\\Request), Object(Closure))
#56 /Users/rahmattanri/Documents/Project Code/raporppsr-deploy/vendor/laravel/framework/src/Illuminate/Http/Middleware/HandleCors.php(61): Illuminate\\Pipeline\\Pipeline->{closure:{closure:Illuminate\\Pipeline\\Pipeline::carry():194}:195}(Object(Illuminate\\Http\\Request))
#57 /Users/rahmattanri/Documents/Project Code/raporppsr-deploy/vendor/laravel/framework/src/Illuminate/Pipeline/Pipeline.php(219): Illuminate\\Http\\Middleware\\HandleCors->handle(Object(Illuminate\\Http\\Request), Object(Closure))
#58 /Users/rahmattanri/Documents/Project Code/raporppsr-deploy/vendor/laravel/framework/src/Illuminate/Http/Middleware/TrustProxies.php(58): Illuminate\\Pipeline\\Pipeline->{closure:{closure:Illuminate\\Pipeline\\Pipeline::carry():194}:195}(Object(Illuminate\\Http\\Request))
#59 /Users/rahmattanri/Documents/Project Code/raporppsr-deploy/vendor/laravel/framework/src/Illuminate/Pipeline/Pipeline.php(219): Illuminate\\Http\\Middleware\\TrustProxies->handle(Object(Illuminate\\Http\\Request), Object(Closure))
#60 /Users/rahmattanri/Documents/Project Code/raporppsr-deploy/vendor/laravel/framework/src/Illuminate/Foundation/Http/Middleware/InvokeDeferredCallbacks.php(22): Illuminate\\Pipeline\\Pipeline->{closure:{closure:Illuminate\\Pipeline\\Pipeline::carry():194}:195}(Object(Illuminate\\Http\\Request))
#61 /Users/rahmattanri/Documents/Project Code/raporppsr-deploy/vendor/laravel/framework/src/Illuminate/Pipeline/Pipeline.php(219): Illuminate\\Foundation\\Http\\Middleware\\InvokeDeferredCallbacks->handle(Object(Illuminate\\Http\\Request), Object(Closure))
#62 /Users/rahmattanri/Documents/Project Code/raporppsr-deploy/vendor/laravel/framework/src/Illuminate/Http/Middleware/ValidatePathEncoding.php(26): Illuminate\\Pipeline\\Pipeline->{closure:{closure:Illuminate\\Pipeline\\Pipeline::carry():194}:195}(Object(Illuminate\\Http\\Request))
#63 /Users/rahmattanri/Documents/Project Code/raporppsr-deploy/vendor/laravel/framework/src/Illuminate/Pipeline/Pipeline.php(219): Illuminate\\Http\\Middleware\\ValidatePathEncoding->handle(Object(Illuminate\\Http\\Request), Object(Closure))
#64 /Users/rahmattanri/Documents/Project Code/raporppsr-deploy/vendor/laravel/framework/src/Illuminate/Pipeline/Pipeline.php(137): Illuminate\\Pipeline\\Pipeline->{closure:{closure:Illuminate\\Pipeline\\Pipeline::carry():194}:195}(Object(Illuminate\\Http\\Request))
#65 /Users/rahmattanri/Documents/Project Code/raporppsr-deploy/vendor/laravel/framework/src/Illuminate/Foundation/Http/Kernel.php(175): Illuminate\\Pipeline\\Pipeline->then(Object(Closure))
#66 /Users/rahmattanri/Documents/Project Code/raporppsr-deploy/vendor/laravel/framework/src/Illuminate/Foundation/Http/Kernel.php(144): Illuminate\\Foundation\\Http\\Kernel->sendRequestThroughRouter(Object(Illuminate\\Http\\Request))
#67 /Users/rahmattanri/Documents/Project Code/raporppsr-deploy/vendor/laravel/framework/src/Illuminate/Foundation/Application.php(1220): Illuminate\\Foundation\\Http\\Kernel->handle(Object(Illuminate\\Http\\Request))
#68 /Users/rahmattanri/Documents/Project Code/raporppsr-deploy/public/index.php(20): Illuminate\\Foundation\\Application->handleRequest(Object(Illuminate\\Http\\Request))
#69 /Users/rahmattanri/Documents/Project Code/raporppsr-deploy/vendor/laravel/framework/src/Illuminate/Foundation/resources/server.php(23): require_once('/Users/rahmatta...')
#70 {main}

[previous exception] [object] (ErrorException(code: 0): Undefined variable $showDropdown at /Users/rahmattanri/Documents/Project Code/raporppsr-deploy/public/storage/framework/views/752082915f736025504260505f4f7898.php:95)
[stacktrace]
#0 /Users/rahmattanri/Documents/Project Code/raporppsr-deploy/vendor/laravel/framework/src/Illuminate/Foundation/Bootstrap/HandleExceptions.php(258): Illuminate\\Foundation\\Bootstrap\\HandleExceptions->handleError(2, 'Undefined varia...', '/Users/rahmatta...', 95)
#1 /Users/rahmattanri/Documents/Project Code/raporppsr-deploy/public/storage/framework/views/752082915f736025504260505f4f7898.php(95): Illuminate\\Foundation\\Bootstrap\\HandleExceptions->{closure:Illuminate\\Foundation\\Bootstrap\\HandleExceptions::forwardsTo():257}(2, 'Undefined varia...', '/Users/rahmatta...', 95)
#2 /Users/rahmattanri/Documents/Project Code/raporppsr-deploy/vendor/livewire/livewire/src/Mechanisms/ExtendBlade/ExtendedCompilerEngine.php(37): include('/Users/rahmatta...')
#3 /Users/rahmattanri/Documents/Project Code/raporppsr-deploy/vendor/livewire/livewire/src/Mechanisms/ExtendBlade/ExtendedCompilerEngine.php(38): App\\Livewire\\Admin\\Kelas\\ManageSiswa->{closure:Livewire\\Mechanisms\\ExtendBlade\\ExtendedCompilerEngine::evaluatePath():35}()
#4 /Users/rahmattanri/Documents/Project Code/raporppsr-deploy/vendor/laravel/framework/src/Illuminate/View/Engines/CompilerEngine.php(76): Livewire\\Mechanisms\\ExtendBlade\\ExtendedCompilerEngine->evaluatePath('storage/framewo...', Array)
#5 /Users/rahmattanri/Documents/Project Code/raporppsr-deploy/vendor/livewire/livewire/src/Mechanisms/ExtendBlade/ExtendedCompilerEngine.php(16): Illuminate\\View\\Engines\\CompilerEngine->get('/Users/rahmatta...', Array)
#6 /Users/rahmattanri/Documents/Project Code/raporppsr-deploy/vendor/laravel/framework/src/Illuminate/View/View.php(208): Livewire\\Mechanisms\\ExtendBlade\\ExtendedCompilerEngine->get('/Users/rahmatta...', Array)
#7 /Users/rahmattanri/Documents/Project Code/raporppsr-deploy/vendor/laravel/framework/src/Illuminate/View/View.php(191): Illuminate\\View\\View->getContents()
#8 /Users/rahmattanri/Documents/Project Code/raporppsr-deploy/vendor/laravel/framework/src/Illuminate/View/View.php(160): Illuminate\\View\\View->renderContents()
#9 /Users/rahmattanri/Documents/Project Code/raporppsr-deploy/vendor/livewire/livewire/src/Mechanisms/HandleComponents/HandleComponents.php(377): Illuminate\\View\\View->render(Object(Closure))
#10 /Users/rahmattanri/Documents/Project Code/raporppsr-deploy/vendor/livewire/livewire/src/Mechanisms/HandleComponents/HandleComponents.php(428): Livewire\\Mechanisms\\HandleComponents\\HandleComponents->{closure:Livewire\\Mechanisms\\HandleComponents\\HandleComponents::render():369}()
#11 /Users/rahmattanri/Documents/Project Code/raporppsr-deploy/vendor/livewire/livewire/src/Mechanisms/HandleComponents/HandleComponents.php(369): Livewire\\Mechanisms\\HandleComponents\\HandleComponents->trackInRenderStack(Object(App\\Livewire\\Admin\\Kelas\\ManageSiswa), Object(Closure))
#12 /Users/rahmattanri/Documents/Project Code/raporppsr-deploy/vendor/livewire/livewire/src/Mechanisms/HandleComponents/HandleComponents.php(70): Livewire\\Mechanisms\\HandleComponents\\HandleComponents->render(Object(App\\Livewire\\Admin\\Kelas\\ManageSiswa), '<div></div>')
#13 /Users/rahmattanri/Documents/Project Code/raporppsr-deploy/vendor/livewire/livewire/src/LivewireManager.php(102): Livewire\\Mechanisms\\HandleComponents\\HandleComponents->mount('App\\\\Livewire\\\\Ad...', Array, NULL, Array)
#14 /Users/rahmattanri/Documents/Project Code/raporppsr-deploy/vendor/livewire/livewire/src/Features/SupportPageComponents/HandlesPageComponents.php(19): Livewire\\LivewireManager->mount('App\\\\Livewire\\\\Ad...', Array)
#15 /Users/rahmattanri/Documents/Project Code/raporppsr-deploy/vendor/livewire/livewire/src/Features/SupportPageComponents/SupportPageComponents.php(118): Livewire\\Component->{closure:Livewire\\Features\\SupportPageComponents\\HandlesPageComponents::__invoke():14}()
#16 /Users/rahmattanri/Documents/Project Code/raporppsr-deploy/vendor/livewire/livewire/src/Features/SupportPageComponents/HandlesPageComponents.php(14): Livewire\\Features\\SupportPageComponents\\SupportPageComponents::interceptTheRenderOfTheComponentAndRetreiveTheLayoutConfiguration(Object(Closure))
#17 /Users/rahmattanri/Documents/Project Code/raporppsr-deploy/vendor/laravel/framework/src/Illuminate/Routing/ControllerDispatcher.php(46): Livewire\\Component->__invoke('10')
#18 /Users/rahmattanri/Documents/Project Code/raporppsr-deploy/vendor/laravel/framework/src/Illuminate/Routing/Route.php(265): Illuminate\\Routing\\ControllerDispatcher->dispatch(Object(Illuminate\\Routing\\Route), Object(App\\Livewire\\Admin\\Kelas\\ManageSiswa), '__invoke')
#19 /Users/rahmattanri/Documents/Project Code/raporppsr-deploy/vendor/laravel/framework/src/Illuminate/Routing/Route.php(211): Illuminate\\Routing\\Route->runController()
#20 /Users/rahmattanri/Documents/Project Code/raporppsr-deploy/vendor/laravel/framework/src/Illuminate/Routing/Router.php(822): Illuminate\\Routing\\Route->run()
#21 /Users/rahmattanri/Documents/Project Code/raporppsr-deploy/vendor/laravel/framework/src/Illuminate/Pipeline/Pipeline.php(180): Illuminate\\Routing\\Router->{closure:Illuminate\\Routing\\Router::runRouteWithinStack():821}(Object(Illuminate\\Http\\Request))
#22 /Users/rahmattanri/Documents/Project Code/raporppsr-deploy/app/Http/Middleware/RoleMiddleware.php(28): Illuminate\\Pipeline\\Pipeline->{closure:Illuminate\\Pipeline\\Pipeline::prepareDestination():178}(Object(Illuminate\\Http\\Request))
#23 /Users/rahmattanri/Documents/Project Code/raporppsr-deploy/vendor/laravel/framework/src/Illuminate/Pipeline/Pipeline.php(219): App\\Http\\Middleware\\RoleMiddleware->handle(Object(Illuminate\\Http\\Request), Object(Closure), 'admin')
#24 /Users/rahmattanri/Documents/Project Code/raporppsr-deploy/vendor/laravel/framework/src/Illuminate/Routing/Middleware/SubstituteBindings.php(50): Illuminate\\Pipeline\\Pipeline->{closure:{closure:Illuminate\\Pipeline\\Pipeline::carry():194}:195}(Object(Illuminate\\Http\\Request))
#25 /Users/rahmattanri/Documents/Project Code/raporppsr-deploy/vendor/laravel/framework/src/Illuminate/Pipeline/Pipeline.php(219): Illuminate\\Routing\\Middleware\\SubstituteBindings->handle(Object(Illuminate\\Http\\Request), Object(Closure))
#26 /Users/rahmattanri/Documents/Project Code/raporppsr-deploy/vendor/laravel/framework/src/Illuminate/Auth/Middleware/Authenticate.php(63): Illuminate\\Pipeline\\Pipeline->{closure:{closure:Illuminate\\Pipeline\\Pipeline::carry():194}:195}(Object(Illuminate\\Http\\Request))
#27 /Users/rahmattanri/Documents/Project Code/raporppsr-deploy/vendor/laravel/framework/src/Illuminate/Pipeline/Pipeline.php(219): Illuminate\\Auth\\Middleware\\Authenticate->handle(Object(Illuminate\\Http\\Request), Object(Closure))
#28 /Users/rahmattanri/Documents/Project Code/raporppsr-deploy/vendor/laravel/framework/src/Illuminate/Foundation/Http/Middleware/VerifyCsrfToken.php(87): Illuminate\\Pipeline\\Pipeline->{closure:{closure:Illuminate\\Pipeline\\Pipeline::carry():194}:195}(Object(Illuminate\\Http\\Request))
#29 /Users/rahmattanri/Documents/Project Code/raporppsr-deploy/vendor/laravel/framework/src/Illuminate/Pipeline/Pipeline.php(219): Illuminate\\Foundation\\Http\\Middleware\\VerifyCsrfToken->handle(Object(Illuminate\\Http\\Request), Object(Closure))
#30 /Users/rahmattanri/Documents/Project Code/raporppsr-deploy/vendor/laravel/framework/src/Illuminate/View/Middleware/ShareErrorsFromSession.php(48): Illuminate\\Pipeline\\Pipeline->{closure:{closure:Illuminate\\Pipeline\\Pipeline::carry():194}:195}(Object(Illuminate\\Http\\Request))
#31 /Users/rahmattanri/Documents/Project Code/raporppsr-deploy/vendor/laravel/framework/src/Illuminate/Pipeline/Pipeline.php(219): Illuminate\\View\\Middleware\\ShareErrorsFromSession->handle(Object(Illuminate\\Http\\Request), Object(Closure))
#32 /Users/rahmattanri/Documents/Project Code/raporppsr-deploy/vendor/laravel/framework/src/Illuminate/Session/Middleware/StartSession.php(120): Illuminate\\Pipeline\\Pipeline->{closure:{closure:Illuminate\\Pipeline\\Pipeline::carry():194}:195}(Object(Illuminate\\Http\\Request))
#33 /Users/rahmattanri/Documents/Project Code/raporppsr-deploy/vendor/laravel/framework/src/Illuminate/Session/Middleware/StartSession.php(63): Illuminate\\Session\\Middleware\\StartSession->handleStatefulRequest(Object(Illuminate\\Http\\Request), Object(Illuminate\\Session\\Store), Object(Closure))
#34 /Users/rahmattanri/Documents/Project Code/raporppsr-deploy/vendor/laravel/framework/src/Illuminate/Pipeline/Pipeline.php(219): Illuminate\\Session\\Middleware\\StartSession->handle(Object(Illuminate\\Http\\Request), Object(Closure))
#35 /Users/rahmattanri/Documents/Project Code/raporppsr-deploy/vendor/laravel/framework/src/Illuminate/Cookie/Middleware/AddQueuedCookiesToResponse.php(36): Illuminate\\Pipeline\\Pipeline->{closure:{closure:Illuminate\\Pipeline\\Pipeline::carry():194}:195}(Object(Illuminate\\Http\\Request))
#36 /Users/rahmattanri/Documents/Project Code/raporppsr-deploy/vendor/laravel/framework/src/Illuminate/Pipeline/Pipeline.php(219): Illuminate\\Cookie\\Middleware\\AddQueuedCookiesToResponse->handle(Object(Illuminate\\Http\\Request), Object(Closure))
#37 /Users/rahmattanri/Documents/Project Code/raporppsr-deploy/vendor/laravel/framework/src/Illuminate/Cookie/Middleware/EncryptCookies.php(74): Illuminate\\Pipeline\\Pipeline->{closure:{closure:Illuminate\\Pipeline\\Pipeline::carry():194}:195}(Object(Illuminate\\Http\\Request))
#38 /Users/rahmattanri/Documents/Project Code/raporppsr-deploy/vendor/laravel/framework/src/Illuminate/Pipeline/Pipeline.php(219): Illuminate\\Cookie\\Middleware\\EncryptCookies->handle(Object(Illuminate\\Http\\Request), Object(Closure))
#39 /Users/rahmattanri/Documents/Project Code/raporppsr-deploy/vendor/laravel/framework/src/Illuminate/Pipeline/Pipeline.php(137): Illuminate\\Pipeline\\Pipeline->{closure:{closure:Illuminate\\Pipeline\\Pipeline::carry():194}:195}(Object(Illuminate\\Http\\Request))
#40 /Users/rahmattanri/Documents/Project Code/raporppsr-deploy/vendor/laravel/framework/src/Illuminate/Routing/Router.php(821): Illuminate\\Pipeline\\Pipeline->then(Object(Closure))
#41 /Users/rahmattanri/Documents/Project Code/raporppsr-deploy/vendor/laravel/framework/src/Illuminate/Routing/Router.php(800): Illuminate\\Routing\\Router->runRouteWithinStack(Object(Illuminate\\Routing\\Route), Object(Illuminate\\Http\\Request))
#42 /Users/rahmattanri/Documents/Project Code/raporppsr-deploy/vendor/laravel/framework/src/Illuminate/Routing/Router.php(764): Illuminate\\Routing\\Router->runRoute(Object(Illuminate\\Http\\Request), Object(Illuminate\\Routing\\Route))
#43 /Users/rahmattanri/Documents/Project Code/raporppsr-deploy/vendor/laravel/framework/src/Illuminate/Routing/Router.php(753): Illuminate\\Routing\\Router->dispatchToRoute(Object(Illuminate\\Http\\Request))
#44 /Users/rahmattanri/Documents/Project Code/raporppsr-deploy/vendor/laravel/framework/src/Illuminate/Foundation/Http/Kernel.php(200): Illuminate\\Routing\\Router->dispatch(Object(Illuminate\\Http\\Request))
#45 /Users/rahmattanri/Documents/Project Code/raporppsr-deploy/vendor/laravel/framework/src/Illuminate/Pipeline/Pipeline.php(180): Illuminate\\Foundation\\Http\\Kernel->{closure:Illuminate\\Foundation\\Http\\Kernel::dispatchToRouter():197}(Object(Illuminate\\Http\\Request))
#46 /Users/rahmattanri/Documents/Project Code/raporppsr-deploy/vendor/livewire/livewire/src/Features/SupportDisablingBackButtonCache/DisableBackButtonCacheMiddleware.php(19): Illuminate\\Pipeline\\Pipeline->{closure:Illuminate\\Pipeline\\Pipeline::prepareDestination():178}(Object(Illuminate\\Http\\Request))
#47 /Users/rahmattanri/Documents/Project Code/raporppsr-deploy/vendor/laravel/framework/src/Illuminate/Pipeline/Pipeline.php(219): Livewire\\Features\\SupportDisablingBackButtonCache\\DisableBackButtonCacheMiddleware->handle(Object(Illuminate\\Http\\Request), Object(Closure))
#48 /Users/rahmattanri/Documents/Project Code/raporppsr-deploy/vendor/laravel/framework/src/Illuminate/Foundation/Http/Middleware/TransformsRequest.php(21): Illuminate\\Pipeline\\Pipeline->{closure:{closure:Illuminate\\Pipeline\\Pipeline::carry():194}:195}(Object(Illuminate\\Http\\Request))
#49 /Users/rahmattanri/Documents/Project Code/raporppsr-deploy/vendor/laravel/framework/src/Illuminate/Foundation/Http/Middleware/ConvertEmptyStringsToNull.php(31): Illuminate\\Foundation\\Http\\Middleware\\TransformsRequest->handle(Object(Illuminate\\Http\\Request), Object(Closure))
#50 /Users/rahmattanri/Documents/Project Code/raporppsr-deploy/vendor/laravel/framework/src/Illuminate/Pipeline/Pipeline.php(219): Illuminate\\Foundation\\Http\\Middleware\\ConvertEmptyStringsToNull->handle(Object(Illuminate\\Http\\Request), Object(Closure))
#51 /Users/rahmattanri/Documents/Project Code/raporppsr-deploy/vendor/laravel/framework/src/Illuminate/Foundation/Http/Middleware/TransformsRequest.php(21): Illuminate\\Pipeline\\Pipeline->{closure:{closure:Illuminate\\Pipeline\\Pipeline::carry():194}:195}(Object(Illuminate\\Http\\Request))
#52 /Users/rahmattanri/Documents/Project Code/raporppsr-deploy/vendor/laravel/framework/src/Illuminate/Foundation/Http/Middleware/TrimStrings.php(51): Illuminate\\Foundation\\Http\\Middleware\\TransformsRequest->handle(Object(Illuminate\\Http\\Request), Object(Closure))
#53 /Users/rahmattanri/Documents/Project Code/raporppsr-deploy/vendor/laravel/framework/src/Illuminate/Pipeline/Pipeline.php(219): Illuminate\\Foundation\\Http\\Middleware\\TrimStrings->handle(Object(Illuminate\\Http\\Request), Object(Closure))
#54 /Users/rahmattanri/Documents/Project Code/raporppsr-deploy/vendor/laravel/framework/src/Illuminate/Http/Middleware/ValidatePostSize.php(27): Illuminate\\Pipeline\\Pipeline->{closure:{closure:Illuminate\\Pipeline\\Pipeline::carry():194}:195}(Object(Illuminate\\Http\\Request))
#55 /Users/rahmattanri/Documents/Project Code/raporppsr-deploy/vendor/laravel/framework/src/Illuminate/Pipeline/Pipeline.php(219): Illuminate\\Http\\Middleware\\ValidatePostSize->handle(Object(Illuminate\\Http\\Request), Object(Closure))
#56 /Users/rahmattanri/Documents/Project Code/raporppsr-deploy/vendor/laravel/framework/src/Illuminate/Foundation/Http/Middleware/PreventRequestsDuringMaintenance.php(109): Illuminate\\Pipeline\\Pipeline->{closure:{closure:Illuminate\\Pipeline\\Pipeline::carry():194}:195}(Object(Illuminate\\Http\\Request))
#57 /Users/rahmattanri/Documents/Project Code/raporppsr-deploy/vendor/laravel/framework/src/Illuminate/Pipeline/Pipeline.php(219): Illuminate\\Foundation\\Http\\Middleware\\PreventRequestsDuringMaintenance->handle(Object(Illuminate\\Http\\Request), Object(Closure))
#58 /Users/rahmattanri/Documents/Project Code/raporppsr-deploy/vendor/laravel/framework/src/Illuminate/Http/Middleware/HandleCors.php(61): Illuminate\\Pipeline\\Pipeline->{closure:{closure:Illuminate\\Pipeline\\Pipeline::carry():194}:195}(Object(Illuminate\\Http\\Request))
#59 /Users/rahmattanri/Documents/Project Code/raporppsr-deploy/vendor/laravel/framework/src/Illuminate/Pipeline/Pipeline.php(219): Illuminate\\Http\\Middleware\\HandleCors->handle(Object(Illuminate\\Http\\Request), Object(Closure))
#60 /Users/rahmattanri/Documents/Project Code/raporppsr-deploy/vendor/laravel/framework/src/Illuminate/Http/Middleware/TrustProxies.php(58): Illuminate\\Pipeline\\Pipeline->{closure:{closure:Illuminate\\Pipeline\\Pipeline::carry():194}:195}(Object(Illuminate\\Http\\Request))
#61 /Users/rahmattanri/Documents/Project Code/raporppsr-deploy/vendor/laravel/framework/src/Illuminate/Pipeline/Pipeline.php(219): Illuminate\\Http\\Middleware\\TrustProxies->handle(Object(Illuminate\\Http\\Request), Object(Closure))
#62 /Users/rahmattanri/Documents/Project Code/raporppsr-deploy/vendor/laravel/framework/src/Illuminate/Foundation/Http/Middleware/InvokeDeferredCallbacks.php(22): Illuminate\\Pipeline\\Pipeline->{closure:{closure:Illuminate\\Pipeline\\Pipeline::carry():194}:195}(Object(Illuminate\\Http\\Request))
#63 /Users/rahmattanri/Documents/Project Code/raporppsr-deploy/vendor/laravel/framework/src/Illuminate/Pipeline/Pipeline.php(219): Illuminate\\Foundation\\Http\\Middleware\\InvokeDeferredCallbacks->handle(Object(Illuminate\\Http\\Request), Object(Closure))
#64 /Users/rahmattanri/Documents/Project Code/raporppsr-deploy/vendor/laravel/framework/src/Illuminate/Http/Middleware/ValidatePathEncoding.php(26): Illuminate\\Pipeline\\Pipeline->{closure:{closure:Illuminate\\Pipeline\\Pipeline::carry():194}:195}(Object(Illuminate\\Http\\Request))
#65 /Users/rahmattanri/Documents/Project Code/raporppsr-deploy/vendor/laravel/framework/src/Illuminate/Pipeline/Pipeline.php(219): Illuminate\\Http\\Middleware\\ValidatePathEncoding->handle(Object(Illuminate\\Http\\Request), Object(Closure))
#66 /Users/rahmattanri/Documents/Project Code/raporppsr-deploy/vendor/laravel/framework/src/Illuminate/Pipeline/Pipeline.php(137): Illuminate\\Pipeline\\Pipeline->{closure:{closure:Illuminate\\Pipeline\\Pipeline::carry():194}:195}(Object(Illuminate\\Http\\Request))
#67 /Users/rahmattanri/Documents/Project Code/raporppsr-deploy/vendor/laravel/framework/src/Illuminate/Foundation/Http/Kernel.php(175): Illuminate\\Pipeline\\Pipeline->then(Object(Closure))
#68 /Users/rahmattanri/Documents/Project Code/raporppsr-deploy/vendor/laravel/framework/src/Illuminate/Foundation/Http/Kernel.php(144): Illuminate\\Foundation\\Http\\Kernel->sendRequestThroughRouter(Object(Illuminate\\Http\\Request))
#69 /Users/rahmattanri/Documents/Project Code/raporppsr-deploy/vendor/laravel/framework/src/Illuminate/Foundation/Application.php(1220): Illuminate\\Foundation\\Http\\Kernel->handle(Object(Illuminate\\Http\\Request))
#70 /Users/rahmattanri/Documents/Project Code/raporppsr-deploy/public/index.php(20): Illuminate\\Foundation\\Application->handleRequest(Object(Illuminate\\Http\\Request))
#71 /Users/rahmattanri/Documents/Project Code/raporppsr-deploy/vendor/laravel/framework/src/Illuminate/Foundation/resources/server.php(23): require_once('/Users/rahmatta...')
#72 {main}
"} 
[2026-03-15 03:09:58] local.ERROR: Undefined variable $showDropdown (View: /Users/rahmattanri/Documents/Project Code/raporppsr-deploy/resources/views/livewire/admin/kelas/manage-siswa.blade.php) {"userId":1,"exception":"[object] (Illuminate\\View\\ViewException(code: 0): Undefined variable $showDropdown (View: /Users/rahmattanri/Documents/Project Code/raporppsr-deploy/resources/views/livewire/admin/kelas/manage-siswa.blade.php) at /Users/rahmattanri/Documents/Project Code/raporppsr-deploy/public/storage/framework/views/752082915f736025504260505f4f7898.php:95)
[stacktrace]
#0 /Users/rahmattanri/Documents/Project Code/raporppsr-deploy/vendor/livewire/livewire/src/Mechanisms/ExtendBlade/ExtendedCompilerEngine.php(58): Illuminate\\View\\Engines\\CompilerEngine->handleViewException(Object(ErrorException), 1)
#1 /Users/rahmattanri/Documents/Project Code/raporppsr-deploy/vendor/livewire/livewire/src/Mechanisms/ExtendBlade/ExtendedCompilerEngine.php(40): Livewire\\Mechanisms\\ExtendBlade\\ExtendedCompilerEngine->handleViewException(Object(ErrorException), 1)
#2 /Users/rahmattanri/Documents/Project Code/raporppsr-deploy/vendor/laravel/framework/src/Illuminate/View/Engines/CompilerEngine.php(76): Livewire\\Mechanisms\\ExtendBlade\\ExtendedCompilerEngine->evaluatePath('storage/framewo...', Array)
#3 /Users/rahmattanri/Documents/Project Code/raporppsr-deploy/vendor/livewire/livewire/src/Mechanisms/ExtendBlade/ExtendedCompilerEngine.php(16): Illuminate\\View\\Engines\\CompilerEngine->get('/Users/rahmatta...', Array)
#4 /Users/rahmattanri/Documents/Project Code/raporppsr-deploy/vendor/laravel/framework/src/Illuminate/View/View.php(208): Livewire\\Mechanisms\\ExtendBlade\\ExtendedCompilerEngine->get('/Users/rahmatta...', Array)
#5 /Users/rahmattanri/Documents/Project Code/raporppsr-deploy/vendor/laravel/framework/src/Illuminate/View/View.php(191): Illuminate\\View\\View->getContents()
#6 /Users/rahmattanri/Documents/Project Code/raporppsr-deploy/vendor/laravel/framework/src/Illuminate/View/View.php(160): Illuminate\\View\\View->renderContents()
#7 /Users/rahmattanri/Documents/Project Code/raporppsr-deploy/vendor/livewire/livewire/src/Mechanisms/HandleComponents/HandleComponents.php(377): Illuminate\\View\\View->render(Object(Closure))
#8 /Users/rahmattanri/Documents/Project Code/raporppsr-deploy/vendor/livewire/livewire/src/Mechanisms/HandleComponents/HandleComponents.php(428): Livewire\\Mechanisms\\HandleComponents\\HandleComponents->{closure:Livewire\\Mechanisms\\HandleComponents\\HandleComponents::render():369}()
#9 /Users/rahmattanri/Documents/Project Code/raporppsr-deploy/vendor/livewire/livewire/src/Mechanisms/HandleComponents/HandleComponents.php(369): Livewire\\Mechanisms\\HandleComponents\\HandleComponents->trackInRenderStack(Object(App\\Livewire\\Admin\\Kelas\\ManageSiswa), Object(Closure))
#10 /Users/rahmattanri/Documents/Project Code/raporppsr-deploy/vendor/livewire/livewire/src/Mechanisms/HandleComponents/HandleComponents.php(70): Livewire\\Mechanisms\\HandleComponents\\HandleComponents->render(Object(App\\Livewire\\Admin\\Kelas\\ManageSiswa), '<div></div>')
#11 /Users/rahmattanri/Documents/Project Code/raporppsr-deploy/vendor/livewire/livewire/src/LivewireManager.php(102): Livewire\\Mechanisms\\HandleComponents\\HandleComponents->mount('App\\\\Livewire\\\\Ad...', Array, NULL, Array)
#12 /Users/rahmattanri/Documents/Project Code/raporppsr-deploy/vendor/livewire/livewire/src/Features/SupportPageComponents/HandlesPageComponents.php(19): Livewire\\LivewireManager->mount('App\\\\Livewire\\\\Ad...', Array)
#13 /Users/rahmattanri/Documents/Project Code/raporppsr-deploy/vendor/livewire/livewire/src/Features/SupportPageComponents/SupportPageComponents.php(118): Livewire\\Component->{closure:Livewire\\Features\\SupportPageComponents\\HandlesPageComponents::__invoke():14}()
#14 /Users/rahmattanri/Documents/Project Code/raporppsr-deploy/vendor/livewire/livewire/src/Features/SupportPageComponents/HandlesPageComponents.php(14): Livewire\\Features\\SupportPageComponents\\SupportPageComponents::interceptTheRenderOfTheComponentAndRetreiveTheLayoutConfiguration(Object(Closure))
#15 /Users/rahmattanri/Documents/Project Code/raporppsr-deploy/vendor/laravel/framework/src/Illuminate/Routing/ControllerDispatcher.php(46): Livewire\\Component->__invoke('10')
#16 /Users/rahmattanri/Documents/Project Code/raporppsr-deploy/vendor/laravel/framework/src/Illuminate/Routing/Route.php(265): Illuminate\\Routing\\ControllerDispatcher->dispatch(Object(Illuminate\\Routing\\Route), Object(App\\Livewire\\Admin\\Kelas\\ManageSiswa), '__invoke')
#17 /Users/rahmattanri/Documents/Project Code/raporppsr-deploy/vendor/laravel/framework/src/Illuminate/Routing/Route.php(211): Illuminate\\Routing\\Route->runController()
#18 /Users/rahmattanri/Documents/Project Code/raporppsr-deploy/vendor/laravel/framework/src/Illuminate/Routing/Router.php(822): Illuminate\\Routing\\Route->run()
#19 /Users/rahmattanri/Documents/Project Code/raporppsr-deploy/vendor/laravel/framework/src/Illuminate/Pipeline/Pipeline.php(180): Illuminate\\Routing\\Router->{closure:Illuminate\\Routing\\Router::runRouteWithinStack():821}(Object(Illuminate\\Http\\Request))
#20 /Users/rahmattanri/Documents/Project Code/raporppsr-deploy/app/Http/Middleware/RoleMiddleware.php(28): Illuminate\\Pipeline\\Pipeline->{closure:Illuminate\\Pipeline\\Pipeline::prepareDestination():178}(Object(Illuminate\\Http\\Request))
#21 /Users/rahmattanri/Documents/Project Code/raporppsr-deploy/vendor/laravel/framework/src/Illuminate/Pipeline/Pipeline.php(219): App\\Http\\Middleware\\RoleMiddleware->handle(Object(Illuminate\\Http\\Request), Object(Closure), 'admin')
#22 /Users/rahmattanri/Documents/Project Code/raporppsr-deploy/vendor/laravel/framework/src/Illuminate/Routing/Middleware/SubstituteBindings.php(50): Illuminate\\Pipeline\\Pipeline->{closure:{closure:Illuminate\\Pipeline\\Pipeline::carry():194}:195}(Object(Illuminate\\Http\\Request))
#23 /Users/rahmattanri/Documents/Project Code/raporppsr-deploy/vendor/laravel/framework/src/Illuminate/Pipeline/Pipeline.php(219): Illuminate\\Routing\\Middleware\\SubstituteBindings->handle(Object(Illuminate\\Http\\Request), Object(Closure))
#24 /Users/rahmattanri/Documents/Project Code/raporppsr-deploy/vendor/laravel/framework/src/Illuminate/Auth/Middleware/Authenticate.php(63): Illuminate\\Pipeline\\Pipeline->{closure:{closure:Illuminate\\Pipeline\\Pipeline::carry():194}:195}(Object(Illuminate\\Http\\Request))
#25 /Users/rahmattanri/Documents/Project Code/raporppsr-deploy/vendor/laravel/framework/src/Illuminate/Pipeline/Pipeline.php(219): Illuminate\\Auth\\Middleware\\Authenticate->handle(Object(Illuminate\\Http\\Request), Object(Closure))
#26 /Users/rahmattanri/Documents/Project Code/raporppsr-deploy/vendor/laravel/framework/src/Illuminate/Foundation/Http/Middleware/VerifyCsrfToken.php(87): Illuminate\\Pipeline\\Pipeline->{closure:{closure:Illuminate\\Pipeline\\Pipeline::carry():194}:195}(Object(Illuminate\\Http\\Request))
#27 /Users/rahmattanri/Documents/Project Code/raporppsr-deploy/vendor/laravel/framework/src/Illuminate/Pipeline/Pipeline.php(219): Illuminate\\Foundation\\Http\\Middleware\\VerifyCsrfToken->handle(Object(Illuminate\\Http\\Request), Object(Closure))
#28 /Users/rahmattanri/Documents/Project Code/raporppsr-deploy/vendor/laravel/framework/src/Illuminate/View/Middleware/ShareErrorsFromSession.php(48): Illuminate\\Pipeline\\Pipeline->{closure:{closure:Illuminate\\Pipeline\\Pipeline::carry():194}:195}(Object(Illuminate\\Http\\Request))
#29 /Users/rahmattanri/Documents/Project Code/raporppsr-deploy/vendor/laravel/framework/src/Illuminate/Pipeline/Pipeline.php(219): Illuminate\\View\\Middleware\\ShareErrorsFromSession->handle(Object(Illuminate\\Http\\Request), Object(Closure))
#30 /Users/rahmattanri/Documents/Project Code/raporppsr-deploy/vendor/laravel/framework/src/Illuminate/Session/Middleware/StartSession.php(120): Illuminate\\Pipeline\\Pipeline->{closure:{closure:Illuminate\\Pipeline\\Pipeline::carry():194}:195}(Object(Illuminate\\Http\\Request))
#31 /Users/rahmattanri/Documents/Project Code/raporppsr-deploy/vendor/laravel/framework/src/Illuminate/Session/Middleware/StartSession.php(63): Illuminate\\Session\\Middleware\\StartSession->handleStatefulRequest(Object(Illuminate\\Http\\Request), Object(Illuminate\\Session\\Store), Object(Closure))
#32 /Users/rahmattanri/Documents/Project Code/raporppsr-deploy/vendor/laravel/framework/src/Illuminate/Pipeline/Pipeline.php(219): Illuminate\\Session\\Middleware\\StartSession->handle(Object(Illuminate\\Http\\Request), Object(Closure))
#33 /Users/rahmattanri/Documents/Project Code/raporppsr-deploy/vendor/laravel/framework/src/Illuminate/Cookie/Middleware/AddQueuedCookiesToResponse.php(36): Illuminate\\Pipeline\\Pipeline->{closure:{closure:Illuminate\\Pipeline\\Pipeline::carry():194}:195}(Object(Illuminate\\Http\\Request))
#34 /Users/rahmattanri/Documents/Project Code/raporppsr-deploy/vendor/laravel/framework/src/Illuminate/Pipeline/Pipeline.php(219): Illuminate\\Cookie\\Middleware\\AddQueuedCookiesToResponse->handle(Object(Illuminate\\Http\\Request), Object(Closure))
#35 /Users/rahmattanri/Documents/Project Code/raporppsr-deploy/vendor/laravel/framework/src/Illuminate/Cookie/Middleware/EncryptCookies.php(74): Illuminate\\Pipeline\\Pipeline->{closure:{closure:Illuminate\\Pipeline\\Pipeline::carry():194}:195}(Object(Illuminate\\Http\\Request))
#36 /Users/rahmattanri/Documents/Project Code/raporppsr-deploy/vendor/laravel/framework/src/Illuminate/Pipeline/Pipeline.php(219): Illuminate\\Cookie\\Middleware\\EncryptCookies->handle(Object(Illuminate\\Http\\Request), Object(Closure))
#37 /Users/rahmattanri/Documents/Project Code/raporppsr-deploy/vendor/laravel/framework/src/Illuminate/Pipeline/Pipeline.php(137): Illuminate\\Pipeline\\Pipeline->{closure:{closure:Illuminate\\Pipeline\\Pipeline::carry():194}:195}(Object(Illuminate\\Http\\Request))
#38 /Users/rahmattanri/Documents/Project Code/raporppsr-deploy/vendor/laravel/framework/src/Illuminate/Routing/Router.php(821): Illuminate\\Pipeline\\Pipeline->then(Object(Closure))
#39 /Users/rahmattanri/Documents/Project Code/raporppsr-deploy/vendor/laravel/framework/src/Illuminate/Routing/Router.php(800): Illuminate\\Routing\\Router->runRouteWithinStack(Object(Illuminate\\Routing\\Route), Object(Illuminate\\Http\\Request))
#40 /Users/rahmattanri/Documents/Project Code/raporppsr-deploy/vendor/laravel/framework/src/Illuminate/Routing/Router.php(764): Illuminate\\Routing\\Router->runRoute(Object(Illuminate\\Http\\Request), Object(Illuminate\\Routing\\Route))
#41 /Users/rahmattanri/Documents/Project Code/raporppsr-deploy/vendor/laravel/framework/src/Illuminate/Routing/Router.php(753): Illuminate\\Routing\\Router->dispatchToRoute(Object(Illuminate\\Http\\Request))
#42 /Users/rahmattanri/Documents/Project Code/raporppsr-deploy/vendor/laravel/framework/src/Illuminate/Foundation/Http/Kernel.php(200): Illuminate\\Routing\\Router->dispatch(Object(Illuminate\\Http\\Request))
#43 /Users/rahmattanri/Documents/Project Code/raporppsr-deploy/vendor/laravel/framework/src/Illuminate/Pipeline/Pipeline.php(180): Illuminate\\Foundation\\Http\\Kernel->{closure:Illuminate\\Foundation\\Http\\Kernel::dispatchToRouter():197}(Object(Illuminate\\Http\\Request))
#44 /Users/rahmattanri/Documents/Project Code/raporppsr-deploy/vendor/livewire/livewire/src/Features/SupportDisablingBackButtonCache/DisableBackButtonCacheMiddleware.php(19): Illuminate\\Pipeline\\Pipeline->{closure:Illuminate\\Pipeline\\Pipeline::prepareDestination():178}(Object(Illuminate\\Http\\Request))
#45 /Users/rahmattanri/Documents/Project Code/raporppsr-deploy/vendor/laravel/framework/src/Illuminate/Pipeline/Pipeline.php(219): Livewire\\Features\\SupportDisablingBackButtonCache\\DisableBackButtonCacheMiddleware->handle(Object(Illuminate\\Http\\Request), Object(Closure))
#46 /Users/rahmattanri/Documents/Project Code/raporppsr-deploy/vendor/laravel/framework/src/Illuminate/Foundation/Http/Middleware/TransformsRequest.php(21): Illuminate\\Pipeline\\Pipeline->{closure:{closure:Illuminate\\Pipeline\\Pipeline::carry():194}:195}(Object(Illuminate\\Http\\Request))
#47 /Users/rahmattanri/Documents/Project Code/raporppsr-deploy/vendor/laravel/framework/src/Illuminate/Foundation/Http/Middleware/ConvertEmptyStringsToNull.php(31): Illuminate\\Foundation\\Http\\Middleware\\TransformsRequest->handle(Object(Illuminate\\Http\\Request), Object(Closure))
#48 /Users/rahmattanri/Documents/Project Code/raporppsr-deploy/vendor/laravel/framework/src/Illuminate/Pipeline/Pipeline.php(219): Illuminate\\Foundation\\Http\\Middleware\\ConvertEmptyStringsToNull->handle(Object(Illuminate\\Http\\Request), Object(Closure))
#49 /Users/rahmattanri/Documents/Project Code/raporppsr-deploy/vendor/laravel/framework/src/Illuminate/Foundation/Http/Middleware/TransformsRequest.php(21): Illuminate\\Pipeline\\Pipeline->{closure:{closure:Illuminate\\Pipeline\\Pipeline::carry():194}:195}(Object(Illuminate\\Http\\Request))
#50 /Users/rahmattanri/Documents/Project Code/raporppsr-deploy/vendor/laravel/framework/src/Illuminate/Foundation/Http/Middleware/TrimStrings.php(51): Illuminate\\Foundation\\Http\\Middleware\\TransformsRequest->handle(Object(Illuminate\\Http\\Request), Object(Closure))
#51 /Users/rahmattanri/Documents/Project Code/raporppsr-deploy/vendor/laravel/framework/src/Illuminate/Pipeline/Pipeline.php(219): Illuminate\\Foundation\\Http\\Middleware\\TrimStrings->handle(Object(Illuminate\\Http\\Request), Object(Closure))
#52 /Users/rahmattanri/Documents/Project Code/raporppsr-deploy/vendor/laravel/framework/src/Illuminate/Http/Middleware/ValidatePostSize.php(27): Illuminate\\Pipeline\\Pipeline->{closure:{closure:Illuminate\\Pipeline\\Pipeline::carry():194}:195}(Object(Illuminate\\Http\\Request))
#53 /Users/rahmattanri/Documents/Project Code/raporppsr-deploy/vendor/laravel/framework/src/Illuminate/Pipeline/Pipeline.php(219): Illuminate\\Http\\Middleware\\ValidatePostSize->handle(Object(Illuminate\\Http\\Request), Object(Closure))
#54 /Users/rahmattanri/Documents/Project Code/raporppsr-deploy/vendor/laravel/framework/src/Illuminate/Foundation/Http/Middleware/PreventRequestsDuringMaintenance.php(109): Illuminate\\Pipeline\\Pipeline->{closure:{closure:Illuminate\\Pipeline\\Pipeline::carry():194}:195}(Object(Illuminate\\Http\\Request))
#55 /Users/rahmattanri/Documents/Project Code/raporppsr-deploy/vendor/laravel/framework/src/Illuminate/Pipeline/Pipeline.php(219): Illuminate\\Foundation\\Http\\Middleware\\PreventRequestsDuringMaintenance->handle(Object(Illuminate\\Http\\Request), Object(Closure))
#56 /Users/rahmattanri/Documents/Project Code/raporppsr-deploy/vendor/laravel/framework/src/Illuminate/Http/Middleware/HandleCors.php(61): Illuminate\\Pipeline\\Pipeline->{closure:{closure:Illuminate\\Pipeline\\Pipeline::carry():194}:195}(Object(Illuminate\\Http\\Request))
#57 /Users/rahmattanri/Documents/Project Code/raporppsr-deploy/vendor/laravel/framework/src/Illuminate/Pipeline/Pipeline.php(219): Illuminate\\Http\\Middleware\\HandleCors->handle(Object(Illuminate\\Http\\Request), Object(Closure))
#58 /Users/rahmattanri/Documents/Project Code/raporppsr-deploy/vendor/laravel/framework/src/Illuminate/Http/Middleware/TrustProxies.php(58): Illuminate\\Pipeline\\Pipeline->{closure:{closure:Illuminate\\Pipeline\\Pipeline::carry():194}:195}(Object(Illuminate\\Http\\Request))
#59 /Users/rahmattanri/Documents/Project Code/raporppsr-deploy/vendor/laravel/framework/src/Illuminate/Pipeline/Pipeline.php(219): Illuminate\\Http\\Middleware\\TrustProxies->handle(Object(Illuminate\\Http\\Request), Object(Closure))
#60 /Users/rahmattanri/Documents/Project Code/raporppsr-deploy/vendor/laravel/framework/src/Illuminate/Foundation/Http/Middleware/InvokeDeferredCallbacks.php(22): Illuminate\\Pipeline\\Pipeline->{closure:{closure:Illuminate\\Pipeline\\Pipeline::carry():194}:195}(Object(Illuminate\\Http\\Request))
#61 /Users/rahmattanri/Documents/Project Code/raporppsr-deploy/vendor/laravel/framework/src/Illuminate/Pipeline/Pipeline.php(219): Illuminate\\Foundation\\Http\\Middleware\\InvokeDeferredCallbacks->handle(Object(Illuminate\\Http\\Request), Object(Closure))
#62 /Users/rahmattanri/Documents/Project Code/raporppsr-deploy/vendor/laravel/framework/src/Illuminate/Http/Middleware/ValidatePathEncoding.php(26): Illuminate\\Pipeline\\Pipeline->{closure:{closure:Illuminate\\Pipeline\\Pipeline::carry():194}:195}(Object(Illuminate\\Http\\Request))
#63 /Users/rahmattanri/Documents/Project Code/raporppsr-deploy/vendor/laravel/framework/src/Illuminate/Pipeline/Pipeline.php(219): Illuminate\\Http\\Middleware\\ValidatePathEncoding->handle(Object(Illuminate\\Http\\Request), Object(Closure))
#64 /Users/rahmattanri/Documents/Project Code/raporppsr-deploy/vendor/laravel/framework/src/Illuminate/Pipeline/Pipeline.php(137): Illuminate\\Pipeline\\Pipeline->{closure:{closure:Illuminate\\Pipeline\\Pipeline::carry():194}:195}(Object(Illuminate\\Http\\Request))
#65 /Users/rahmattanri/Documents/Project Code/raporppsr-deploy/vendor/laravel/framework/src/Illuminate/Foundation/Http/Kernel.php(175): Illuminate\\Pipeline\\Pipeline->then(Object(Closure))
#66 /Users/rahmattanri/Documents/Project Code/raporppsr-deploy/vendor/laravel/framework/src/Illuminate/Foundation/Http/Kernel.php(144): Illuminate\\Foundation\\Http\\Kernel->sendRequestThroughRouter(Object(Illuminate\\Http\\Request))
#67 /Users/rahmattanri/Documents/Project Code/raporppsr-deploy/vendor/laravel/framework/src/Illuminate/Foundation/Application.php(1220): Illuminate\\Foundation\\Http\\Kernel->handle(Object(Illuminate\\Http\\Request))
#68 /Users/rahmattanri/Documents/Project Code/raporppsr-deploy/public/index.php(20): Illuminate\\Foundation\\Application->handleRequest(Object(Illuminate\\Http\\Request))
#69 /Users/rahmattanri/Documents/Project Code/raporppsr-deploy/vendor/laravel/framework/src/Illuminate/Foundation/resources/server.php(23): require_once('/Users/rahmatta...')
#70 {main}

[previous exception] [object] (ErrorException(code: 0): Undefined variable $showDropdown at /Users/rahmattanri/Documents/Project Code/raporppsr-deploy/public/storage/framework/views/752082915f736025504260505f4f7898.php:95)
[stacktrace]
#0 /Users/rahmattanri/Documents/Project Code/raporppsr-deploy/vendor/laravel/framework/src/Illuminate/Foundation/Bootstrap/HandleExceptions.php(258): Illuminate\\Foundation\\Bootstrap\\HandleExceptions->handleError(2, 'Undefined varia...', '/Users/rahmatta...', 95)
#1 /Users/rahmattanri/Documents/Project Code/raporppsr-deploy/public/storage/framework/views/752082915f736025504260505f4f7898.php(95): Illuminate\\Foundation\\Bootstrap\\HandleExceptions->{closure:Illuminate\\Foundation\\Bootstrap\\HandleExceptions::forwardsTo():257}(2, 'Undefined varia...', '/Users/rahmatta...', 95)
#2 /Users/rahmattanri/Documents/Project Code/raporppsr-deploy/vendor/livewire/livewire/src/Mechanisms/ExtendBlade/ExtendedCompilerEngine.php(37): include('/Users/rahmatta...')
#3 /Users/rahmattanri/Documents/Project Code/raporppsr-deploy/vendor/livewire/livewire/src/Mechanisms/ExtendBlade/ExtendedCompilerEngine.php(38): App\\Livewire\\Admin\\Kelas\\ManageSiswa->{closure:Livewire\\Mechanisms\\ExtendBlade\\ExtendedCompilerEngine::evaluatePath():35}()
#4 /Users/rahmattanri/Documents/Project Code/raporppsr-deploy/vendor/laravel/framework/src/Illuminate/View/Engines/CompilerEngine.php(76): Livewire\\Mechanisms\\ExtendBlade\\ExtendedCompilerEngine->evaluatePath('storage/framewo...', Array)
#5 /Users/rahmattanri/Documents/Project Code/raporppsr-deploy/vendor/livewire/livewire/src/Mechanisms/ExtendBlade/ExtendedCompilerEngine.php(16): Illuminate\\View\\Engines\\CompilerEngine->get('/Users/rahmatta...', Array)
#6 /Users/rahmattanri/Documents/Project Code/raporppsr-deploy/vendor/laravel/framework/src/Illuminate/View/View.php(208): Livewire\\Mechanisms\\ExtendBlade\\ExtendedCompilerEngine->get('/Users/rahmatta...', Array)
#7 /Users/rahmattanri/Documents/Project Code/raporppsr-deploy/vendor/laravel/framework/src/Illuminate/View/View.php(191): Illuminate\\View\\View->getContents()
#8 /Users/rahmattanri/Documents/Project Code/raporppsr-deploy/vendor/laravel/framework/src/Illuminate/View/View.php(160): Illuminate\\View\\View->renderContents()
#9 /Users/rahmattanri/Documents/Project Code/raporppsr-deploy/vendor/livewire/livewire/src/Mechanisms/HandleComponents/HandleComponents.php(377): Illuminate\\View\\View->render(Object(Closure))
#10 /Users/rahmattanri/Documents/Project Code/raporppsr-deploy/vendor/livewire/livewire/src/Mechanisms/HandleComponents/HandleComponents.php(428): Livewire\\Mechanisms\\HandleComponents\\HandleComponents->{closure:Livewire\\Mechanisms\\HandleComponents\\HandleComponents::render():369}()
#11 /Users/rahmattanri/Documents/Project Code/raporppsr-deploy/vendor/livewire/livewire/src/Mechanisms/HandleComponents/HandleComponents.php(369): Livewire\\Mechanisms\\HandleComponents\\HandleComponents->trackInRenderStack(Object(App\\Livewire\\Admin\\Kelas\\ManageSiswa), Object(Closure))
#12 /Users/rahmattanri/Documents/Project Code/raporppsr-deploy/vendor/livewire/livewire/src/Mechanisms/HandleComponents/HandleComponents.php(70): Livewire\\Mechanisms\\HandleComponents\\HandleComponents->render(Object(App\\Livewire\\Admin\\Kelas\\ManageSiswa), '<div></div>')
#13 /Users/rahmattanri/Documents/Project Code/raporppsr-deploy/vendor/livewire/livewire/src/LivewireManager.php(102): Livewire\\Mechanisms\\HandleComponents\\HandleComponents->mount('App\\\\Livewire\\\\Ad...', Array, NULL, Array)
#14 /Users/rahmattanri/Documents/Project Code/raporppsr-deploy/vendor/livewire/livewire/src/Features/SupportPageComponents/HandlesPageComponents.php(19): Livewire\\LivewireManager->mount('App\\\\Livewire\\\\Ad...', Array)
#15 /Users/rahmattanri/Documents/Project Code/raporppsr-deploy/vendor/livewire/livewire/src/Features/SupportPageComponents/SupportPageComponents.php(118): Livewire\\Component->{closure:Livewire\\Features\\SupportPageComponents\\HandlesPageComponents::__invoke():14}()
#16 /Users/rahmattanri/Documents/Project Code/raporppsr-deploy/vendor/livewire/livewire/src/Features/SupportPageComponents/HandlesPageComponents.php(14): Livewire\\Features\\SupportPageComponents\\SupportPageComponents::interceptTheRenderOfTheComponentAndRetreiveTheLayoutConfiguration(Object(Closure))
#17 /Users/rahmattanri/Documents/Project Code/raporppsr-deploy/vendor/laravel/framework/src/Illuminate/Routing/ControllerDispatcher.php(46): Livewire\\Component->__invoke('10')
#18 /Users/rahmattanri/Documents/Project Code/raporppsr-deploy/vendor/laravel/framework/src/Illuminate/Routing/Route.php(265): Illuminate\\Routing\\ControllerDispatcher->dispatch(Object(Illuminate\\Routing\\Route), Object(App\\Livewire\\Admin\\Kelas\\ManageSiswa), '__invoke')
#19 /Users/rahmattanri/Documents/Project Code/raporppsr-deploy/vendor/laravel/framework/src/Illuminate/Routing/Route.php(211): Illuminate\\Routing\\Route->runController()
#20 /Users/rahmattanri/Documents/Project Code/raporppsr-deploy/vendor/laravel/framework/src/Illuminate/Routing/Router.php(822): Illuminate\\Routing\\Route->run()
#21 /Users/rahmattanri/Documents/Project Code/raporppsr-deploy/vendor/laravel/framework/src/Illuminate/Pipeline/Pipeline.php(180): Illuminate\\Routing\\Router->{closure:Illuminate\\Routing\\Router::runRouteWithinStack():821}(Object(Illuminate\\Http\\Request))
#22 /Users/rahmattanri/Documents/Project Code/raporppsr-deploy/app/Http/Middleware/RoleMiddleware.php(28): Illuminate\\Pipeline\\Pipeline->{closure:Illuminate\\Pipeline\\Pipeline::prepareDestination():178}(Object(Illuminate\\Http\\Request))
#23 /Users/rahmattanri/Documents/Project Code/raporppsr-deploy/vendor/laravel/framework/src/Illuminate/Pipeline/Pipeline.php(219): App\\Http\\Middleware\\RoleMiddleware->handle(Object(Illuminate\\Http\\Request), Object(Closure), 'admin')
#24 /Users/rahmattanri/Documents/Project Code/raporppsr-deploy/vendor/laravel/framework/src/Illuminate/Routing/Middleware/SubstituteBindings.php(50): Illuminate\\Pipeline\\Pipeline->{closure:{closure:Illuminate\\Pipeline\\Pipeline::carry():194}:195}(Object(Illuminate\\Http\\Request))
#25 /Users/rahmattanri/Documents/Project Code/raporppsr-deploy/vendor/laravel/framework/src/Illuminate/Pipeline/Pipeline.php(219): Illuminate\\Routing\\Middleware\\SubstituteBindings->handle(Object(Illuminate\\Http\\Request), Object(Closure))
#26 /Users/rahmattanri/Documents/Project Code/raporppsr-deploy/vendor/laravel/framework/src/Illuminate/Auth/Middleware/Authenticate.php(63): Illuminate\\Pipeline\\Pipeline->{closure:{closure:Illuminate\\Pipeline\\Pipeline::carry():194}:195}(Object(Illuminate\\Http\\Request))
#27 /Users/rahmattanri/Documents/Project Code/raporppsr-deploy/vendor/laravel/framework/src/Illuminate/Pipeline/Pipeline.php(219): Illuminate\\Auth\\Middleware\\Authenticate->handle(Object(Illuminate\\Http\\Request), Object(Closure))
#28 /Users/rahmattanri/Documents/Project Code/raporppsr-deploy/vendor/laravel/framework/src/Illuminate/Foundation/Http/Middleware/VerifyCsrfToken.php(87): Illuminate\\Pipeline\\Pipeline->{closure:{closure:Illuminate\\Pipeline\\Pipeline::carry():194}:195}(Object(Illuminate\\Http\\Request))
#29 /Users/rahmattanri/Documents/Project Code/raporppsr-deploy/vendor/laravel/framework/src/Illuminate/Pipeline/Pipeline.php(219): Illuminate\\Foundation\\Http\\Middleware\\VerifyCsrfToken->handle(Object(Illuminate\\Http\\Request), Object(Closure))
#30 /Users/rahmattanri/Documents/Project Code/raporppsr-deploy/vendor/laravel/framework/src/Illuminate/View/Middleware/ShareErrorsFromSession.php(48): Illuminate\\Pipeline\\Pipeline->{closure:{closure:Illuminate\\Pipeline\\Pipeline::carry():194}:195}(Object(Illuminate\\Http\\Request))
#31 /Users/rahmattanri/Documents/Project Code/raporppsr-deploy/vendor/laravel/framework/src/Illuminate/Pipeline/Pipeline.php(219): Illuminate\\View\\Middleware\\ShareErrorsFromSession->handle(Object(Illuminate\\Http\\Request), Object(Closure))
#32 /Users/rahmattanri/Documents/Project Code/raporppsr-deploy/vendor/laravel/framework/src/Illuminate/Session/Middleware/StartSession.php(120): Illuminate\\Pipeline\\Pipeline->{closure:{closure:Illuminate\\Pipeline\\Pipeline::carry():194}:195}(Object(Illuminate\\Http\\Request))
#33 /Users/rahmattanri/Documents/Project Code/raporppsr-deploy/vendor/laravel/framework/src/Illuminate/Session/Middleware/StartSession.php(63): Illuminate\\Session\\Middleware\\StartSession->handleStatefulRequest(Object(Illuminate\\Http\\Request), Object(Illuminate\\Session\\Store), Object(Closure))
#34 /Users/rahmattanri/Documents/Project Code/raporppsr-deploy/vendor/laravel/framework/src/Illuminate/Pipeline/Pipeline.php(219): Illuminate\\Session\\Middleware\\StartSession->handle(Object(Illuminate\\Http\\Request), Object(Closure))
#35 /Users/rahmattanri/Documents/Project Code/raporppsr-deploy/vendor/laravel/framework/src/Illuminate/Cookie/Middleware/AddQueuedCookiesToResponse.php(36): Illuminate\\Pipeline\\Pipeline->{closure:{closure:Illuminate\\Pipeline\\Pipeline::carry():194}:195}(Object(Illuminate\\Http\\Request))
#36 /Users/rahmattanri/Documents/Project Code/raporppsr-deploy/vendor/laravel/framework/src/Illuminate/Pipeline/Pipeline.php(219): Illuminate\\Cookie\\Middleware\\AddQueuedCookiesToResponse->handle(Object(Illuminate\\Http\\Request), Object(Closure))
#37 /Users/rahmattanri/Documents/Project Code/raporppsr-deploy/vendor/laravel/framework/src/Illuminate/Cookie/Middleware/EncryptCookies.php(74): Illuminate\\Pipeline\\Pipeline->{closure:{closure:Illuminate\\Pipeline\\Pipeline::carry():194}:195}(Object(Illuminate\\Http\\Request))
#38 /Users/rahmattanri/Documents/Project Code/raporppsr-deploy/vendor/laravel/framework/src/Illuminate/Pipeline/Pipeline.php(219): Illuminate\\Cookie\\Middleware\\EncryptCookies->handle(Object(Illuminate\\Http\\Request), Object(Closure))
#39 /Users/rahmattanri/Documents/Project Code/raporppsr-deploy/vendor/laravel/framework/src/Illuminate/Pipeline/Pipeline.php(137): Illuminate\\Pipeline\\Pipeline->{closure:{closure:Illuminate\\Pipeline\\Pipeline::carry():194}:195}(Object(Illuminate\\Http\\Request))
#40 /Users/rahmattanri/Documents/Project Code/raporppsr-deploy/vendor/laravel/framework/src/Illuminate/Routing/Router.php(821): Illuminate\\Pipeline\\Pipeline->then(Object(Closure))
#41 /Users/rahmattanri/Documents/Project Code/raporppsr-deploy/vendor/laravel/framework/src/Illuminate/Routing/Router.php(800): Illuminate\\Routing\\Router->runRouteWithinStack(Object(Illuminate\\Routing\\Route), Object(Illuminate\\Http\\Request))
#42 /Users/rahmattanri/Documents/Project Code/raporppsr-deploy/vendor/laravel/framework/src/Illuminate/Routing/Router.php(764): Illuminate\\Routing\\Router->runRoute(Object(Illuminate\\Http\\Request), Object(Illuminate\\Routing\\Route))
#43 /Users/rahmattanri/Documents/Project Code/raporppsr-deploy/vendor/laravel/framework/src/Illuminate/Routing/Router.php(753): Illuminate\\Routing\\Router->dispatchToRoute(Object(Illuminate\\Http\\Request))
#44 /Users/rahmattanri/Documents/Project Code/raporppsr-deploy/vendor/laravel/framework/src/Illuminate/Foundation/Http/Kernel.php(200): Illuminate\\Routing\\Router->dispatch(Object(Illuminate\\Http\\Request))
#45 /Users/rahmattanri/Documents/Project Code/raporppsr-deploy/vendor/laravel/framework/src/Illuminate/Pipeline/Pipeline.php(180): Illuminate\\Foundation\\Http\\Kernel->{closure:Illuminate\\Foundation\\Http\\Kernel::dispatchToRouter():197}(Object(Illuminate\\Http\\Request))
#46 /Users/rahmattanri/Documents/Project Code/raporppsr-deploy/vendor/livewire/livewire/src/Features/SupportDisablingBackButtonCache/DisableBackButtonCacheMiddleware.php(19): Illuminate\\Pipeline\\Pipeline->{closure:Illuminate\\Pipeline\\Pipeline::prepareDestination():178}(Object(Illuminate\\Http\\Request))
#47 /Users/rahmattanri/Documents/Project Code/raporppsr-deploy/vendor/laravel/framework/src/Illuminate/Pipeline/Pipeline.php(219): Livewire\\Features\\SupportDisablingBackButtonCache\\DisableBackButtonCacheMiddleware->handle(Object(Illuminate\\Http\\Request), Object(Closure))
#48 /Users/rahmattanri/Documents/Project Code/raporppsr-deploy/vendor/laravel/framework/src/Illuminate/Foundation/Http/Middleware/TransformsRequest.php(21): Illuminate\\Pipeline\\Pipeline->{closure:{closure:Illuminate\\Pipeline\\Pipeline::carry():194}:195}(Object(Illuminate\\Http\\Request))
#49 /Users/rahmattanri/Documents/Project Code/raporppsr-deploy/vendor/laravel/framework/src/Illuminate/Foundation/Http/Middleware/ConvertEmptyStringsToNull.php(31): Illuminate\\Foundation\\Http\\Middleware\\TransformsRequest->handle(Object(Illuminate\\Http\\Request), Object(Closure))
#50 /Users/rahmattanri/Documents/Project Code/raporppsr-deploy/vendor/laravel/framework/src/Illuminate/Pipeline/Pipeline.php(219): Illuminate\\Foundation\\Http\\Middleware\\ConvertEmptyStringsToNull->handle(Object(Illuminate\\Http\\Request), Object(Closure))
#51 /Users/rahmattanri/Documents/Project Code/raporppsr-deploy/vendor/laravel/framework/src/Illuminate/Foundation/Http/Middleware/TransformsRequest.php(21): Illuminate\\Pipeline\\Pipeline->{closure:{closure:Illuminate\\Pipeline\\Pipeline::carry():194}:195}(Object(Illuminate\\Http\\Request))
#52 /Users/rahmattanri/Documents/Project Code/raporppsr-deploy/vendor/laravel/framework/src/Illuminate/Foundation/Http/Middleware/TrimStrings.php(51): Illuminate\\Foundation\\Http\\Middleware\\TransformsRequest->handle(Object(Illuminate\\Http\\Request), Object(Closure))
#53 /Users/rahmattanri/Documents/Project Code/raporppsr-deploy/vendor/laravel/framework/src/Illuminate/Pipeline/Pipeline.php(219): Illuminate\\Foundation\\Http\\Middleware\\TrimStrings->handle(Object(Illuminate\\Http\\Request), Object(Closure))
#54 /Users/rahmattanri/Documents/Project Code/raporppsr-deploy/vendor/laravel/framework/src/Illuminate/Http/Middleware/ValidatePostSize.php(27): Illuminate\\Pipeline\\Pipeline->{closure:{closure:Illuminate\\Pipeline\\Pipeline::carry():194}:195}(Object(Illuminate\\Http\\Request))
#55 /Users/rahmattanri/Documents/Project Code/raporppsr-deploy/vendor/laravel/framework/src/Illuminate/Pipeline/Pipeline.php(219): Illuminate\\Http\\Middleware\\ValidatePostSize->handle(Object(Illuminate\\Http\\Request), Object(Closure))
#56 /Users/rahmattanri/Documents/Project Code/raporppsr-deploy/vendor/laravel/framework/src/Illuminate/Foundation/Http/Middleware/PreventRequestsDuringMaintenance.php(109): Illuminate\\Pipeline\\Pipeline->{closure:{closure:Illuminate\\Pipeline\\Pipeline::carry():194}:195}(Object(Illuminate\\Http\\Request))
#57 /Users/rahmattanri/Documents/Project Code/raporppsr-deploy/vendor/laravel/framework/src/Illuminate/Pipeline/Pipeline.php(219): Illuminate\\Foundation\\Http\\Middleware\\PreventRequestsDuringMaintenance->handle(Object(Illuminate\\Http\\Request), Object(Closure))
#58 /Users/rahmattanri/Documents/Project Code/raporppsr-deploy/vendor/laravel/framework/src/Illuminate/Http/Middleware/HandleCors.php(61): Illuminate\\Pipeline\\Pipeline->{closure:{closure:Illuminate\\Pipeline\\Pipeline::carry():194}:195}(Object(Illuminate\\Http\\Request))
#59 /Users/rahmattanri/Documents/Project Code/raporppsr-deploy/vendor/laravel/framework/src/Illuminate/Pipeline/Pipeline.php(219): Illuminate\\Http\\Middleware\\HandleCors->handle(Object(Illuminate\\Http\\Request), Object(Closure))
#60 /Users/rahmattanri/Documents/Project Code/raporppsr-deploy/vendor/laravel/framework/src/Illuminate/Http/Middleware/TrustProxies.php(58): Illuminate\\Pipeline\\Pipeline->{closure:{closure:Illuminate\\Pipeline\\Pipeline::carry():194}:195}(Object(Illuminate\\Http\\Request))
#61 /Users/rahmattanri/Documents/Project Code/raporppsr-deploy/vendor/laravel/framework/src/Illuminate/Pipeline/Pipeline.php(219): Illuminate\\Http\\Middleware\\TrustProxies->handle(Object(Illuminate\\Http\\Request), Object(Closure))
#62 /Users/rahmattanri/Documents/Project Code/raporppsr-deploy/vendor/laravel/framework/src/Illuminate/Foundation/Http/Middleware/InvokeDeferredCallbacks.php(22): Illuminate\\Pipeline\\Pipeline->{closure:{closure:Illuminate\\Pipeline\\Pipeline::carry():194}:195}(Object(Illuminate\\Http\\Request))
#63 /Users/rahmattanri/Documents/Project Code/raporppsr-deploy/vendor/laravel/framework/src/Illuminate/Pipeline/Pipeline.php(219): Illuminate\\Foundation\\Http\\Middleware\\InvokeDeferredCallbacks->handle(Object(Illuminate\\Http\\Request), Object(Closure))
#64 /Users/rahmattanri/Documents/Project Code/raporppsr-deploy/vendor/laravel/framework/src/Illuminate/Http/Middleware/ValidatePathEncoding.php(26): Illuminate\\Pipeline\\Pipeline->{closure:{closure:Illuminate\\Pipeline\\Pipeline::carry():194}:195}(Object(Illuminate\\Http\\Request))
#65 /Users/rahmattanri/Documents/Project Code/raporppsr-deploy/vendor/laravel/framework/src/Illuminate/Pipeline/Pipeline.php(219): Illuminate\\Http\\Middleware\\ValidatePathEncoding->handle(Object(Illuminate\\Http\\Request), Object(Closure))
#66 /Users/rahmattanri/Documents/Project Code/raporppsr-deploy/vendor/laravel/framework/src/Illuminate/Pipeline/Pipeline.php(137): Illuminate\\Pipeline\\Pipeline->{closure:{closure:Illuminate\\Pipeline\\Pipeline::carry():194}:195}(Object(Illuminate\\Http\\Request))
#67 /Users/rahmattanri/Documents/Project Code/raporppsr-deploy/vendor/laravel/framework/src/Illuminate/Foundation/Http/Kernel.php(175): Illuminate\\Pipeline\\Pipeline->then(Object(Closure))
#68 /Users/rahmattanri/Documents/Project Code/raporppsr-deploy/vendor/laravel/framework/src/Illuminate/Foundation/Http/Kernel.php(144): Illuminate\\Foundation\\Http\\Kernel->sendRequestThroughRouter(Object(Illuminate\\Http\\Request))
#69 /Users/rahmattanri/Documents/Project Code/raporppsr-deploy/vendor/laravel/framework/src/Illuminate/Foundation/Application.php(1220): Illuminate\\Foundation\\Http\\Kernel->handle(Object(Illuminate\\Http\\Request))
#70 /Users/rahmattanri/Documents/Project Code/raporppsr-deploy/public/index.php(20): Illuminate\\Foundation\\Application->handleRequest(Object(Illuminate\\Http\\Request))
#71 /Users/rahmattanri/Documents/Project Code/raporppsr-deploy/vendor/laravel/framework/src/Illuminate/Foundation/resources/server.php(23): require_once('/Users/rahmatta...')
#72 {main}
"} 
[2026-03-15 03:19:14] local.ERROR: Undefined variable $useSearch (View: /Users/rahmattanri/Documents/Project Code/raporppsr-deploy/resources/views/livewire/admin/kelas/manage-siswa.blade.php) {"userId":1,"exception":"[object] (Illuminate\\View\\ViewException(code: 0): Undefined variable $useSearch (View: /Users/rahmattanri/Documents/Project Code/raporppsr-deploy/resources/views/livewire/admin/kelas/manage-siswa.blade.php) at /Users/rahmattanri/Documents/Project Code/raporppsr-deploy/public/storage/framework/views/752082915f736025504260505f4f7898.php:14)
[stacktrace]
#0 /Users/rahmattanri/Documents/Project Code/raporppsr-deploy/vendor/livewire/livewire/src/Mechanisms/ExtendBlade/ExtendedCompilerEngine.php(58): Illuminate\\View\\Engines\\CompilerEngine->handleViewException(Object(ErrorException), 1)
#1 /Users/rahmattanri/Documents/Project Code/raporppsr-deploy/vendor/livewire/livewire/src/Mechanisms/ExtendBlade/ExtendedCompilerEngine.php(40): Livewire\\Mechanisms\\ExtendBlade\\ExtendedCompilerEngine->handleViewException(Object(ErrorException), 1)
#2 /Users/rahmattanri/Documents/Project Code/raporppsr-deploy/vendor/laravel/framework/src/Illuminate/View/Engines/CompilerEngine.php(76): Livewire\\Mechanisms\\ExtendBlade\\ExtendedCompilerEngine->evaluatePath('storage/framewo...', Array)
#3 /Users/rahmattanri/Documents/Project Code/raporppsr-deploy/vendor/livewire/livewire/src/Mechanisms/ExtendBlade/ExtendedCompilerEngine.php(16): Illuminate\\View\\Engines\\CompilerEngine->get('/Users/rahmatta...', Array)
#4 /Users/rahmattanri/Documents/Project Code/raporppsr-deploy/vendor/laravel/framework/src/Illuminate/View/View.php(208): Livewire\\Mechanisms\\ExtendBlade\\ExtendedCompilerEngine->get('/Users/rahmatta...', Array)
#5 /Users/rahmattanri/Documents/Project Code/raporppsr-deploy/vendor/laravel/framework/src/Illuminate/View/View.php(191): Illuminate\\View\\View->getContents()
#6 /Users/rahmattanri/Documents/Project Code/raporppsr-deploy/vendor/laravel/framework/src/Illuminate/View/View.php(160): Illuminate\\View\\View->renderContents()
#7 /Users/rahmattanri/Documents/Project Code/raporppsr-deploy/vendor/livewire/livewire/src/Mechanisms/HandleComponents/HandleComponents.php(377): Illuminate\\View\\View->render(Object(Closure))
#8 /Users/rahmattanri/Documents/Project Code/raporppsr-deploy/vendor/livewire/livewire/src/Mechanisms/HandleComponents/HandleComponents.php(428): Livewire\\Mechanisms\\HandleComponents\\HandleComponents->{closure:Livewire\\Mechanisms\\HandleComponents\\HandleComponents::render():369}()
#9 /Users/rahmattanri/Documents/Project Code/raporppsr-deploy/vendor/livewire/livewire/src/Mechanisms/HandleComponents/HandleComponents.php(369): Livewire\\Mechanisms\\HandleComponents\\HandleComponents->trackInRenderStack(Object(App\\Livewire\\Admin\\Kelas\\ManageSiswa), Object(Closure))
#10 /Users/rahmattanri/Documents/Project Code/raporppsr-deploy/vendor/livewire/livewire/src/Mechanisms/HandleComponents/HandleComponents.php(70): Livewire\\Mechanisms\\HandleComponents\\HandleComponents->render(Object(App\\Livewire\\Admin\\Kelas\\ManageSiswa), '<div></div>')
#11 /Users/rahmattanri/Documents/Project Code/raporppsr-deploy/vendor/livewire/livewire/src/LivewireManager.php(102): Livewire\\Mechanisms\\HandleComponents\\HandleComponents->mount('App\\\\Livewire\\\\Ad...', Array, NULL, Array)
#12 /Users/rahmattanri/Documents/Project Code/raporppsr-deploy/vendor/livewire/livewire/src/Features/SupportPageComponents/HandlesPageComponents.php(19): Livewire\\LivewireManager->mount('App\\\\Livewire\\\\Ad...', Array)
#13 /Users/rahmattanri/Documents/Project Code/raporppsr-deploy/vendor/livewire/livewire/src/Features/SupportPageComponents/SupportPageComponents.php(118): Livewire\\Component->{closure:Livewire\\Features\\SupportPageComponents\\HandlesPageComponents::__invoke():14}()
#14 /Users/rahmattanri/Documents/Project Code/raporppsr-deploy/vendor/livewire/livewire/src/Features/SupportPageComponents/HandlesPageComponents.php(14): Livewire\\Features\\SupportPageComponents\\SupportPageComponents::interceptTheRenderOfTheComponentAndRetreiveTheLayoutConfiguration(Object(Closure))
#15 /Users/rahmattanri/Documents/Project Code/raporppsr-deploy/vendor/laravel/framework/src/Illuminate/Routing/ControllerDispatcher.php(46): Livewire\\Component->__invoke('10')
#16 /Users/rahmattanri/Documents/Project Code/raporppsr-deploy/vendor/laravel/framework/src/Illuminate/Routing/Route.php(265): Illuminate\\Routing\\ControllerDispatcher->dispatch(Object(Illuminate\\Routing\\Route), Object(App\\Livewire\\Admin\\Kelas\\ManageSiswa), '__invoke')
#17 /Users/rahmattanri/Documents/Project Code/raporppsr-deploy/vendor/laravel/framework/src/Illuminate/Routing/Route.php(211): Illuminate\\Routing\\Route->runController()
#18 /Users/rahmattanri/Documents/Project Code/raporppsr-deploy/vendor/laravel/framework/src/Illuminate/Routing/Router.php(822): Illuminate\\Routing\\Route->run()
#19 /Users/rahmattanri/Documents/Project Code/raporppsr-deploy/vendor/laravel/framework/src/Illuminate/Pipeline/Pipeline.php(180): Illuminate\\Routing\\Router->{closure:Illuminate\\Routing\\Router::runRouteWithinStack():821}(Object(Illuminate\\Http\\Request))
#20 /Users/rahmattanri/Documents/Project Code/raporppsr-deploy/app/Http/Middleware/RoleMiddleware.php(28): Illuminate\\Pipeline\\Pipeline->{closure:Illuminate\\Pipeline\\Pipeline::prepareDestination():178}(Object(Illuminate\\Http\\Request))
#21 /Users/rahmattanri/Documents/Project Code/raporppsr-deploy/vendor/laravel/framework/src/Illuminate/Pipeline/Pipeline.php(219): App\\Http\\Middleware\\RoleMiddleware->handle(Object(Illuminate\\Http\\Request), Object(Closure), 'admin')
#22 /Users/rahmattanri/Documents/Project Code/raporppsr-deploy/vendor/laravel/framework/src/Illuminate/Routing/Middleware/SubstituteBindings.php(50): Illuminate\\Pipeline\\Pipeline->{closure:{closure:Illuminate\\Pipeline\\Pipeline::carry():194}:195}(Object(Illuminate\\Http\\Request))
#23 /Users/rahmattanri/Documents/Project Code/raporppsr-deploy/vendor/laravel/framework/src/Illuminate/Pipeline/Pipeline.php(219): Illuminate\\Routing\\Middleware\\SubstituteBindings->handle(Object(Illuminate\\Http\\Request), Object(Closure))
#24 /Users/rahmattanri/Documents/Project Code/raporppsr-deploy/vendor/laravel/framework/src/Illuminate/Auth/Middleware/Authenticate.php(63): Illuminate\\Pipeline\\Pipeline->{closure:{closure:Illuminate\\Pipeline\\Pipeline::carry():194}:195}(Object(Illuminate\\Http\\Request))
#25 /Users/rahmattanri/Documents/Project Code/raporppsr-deploy/vendor/laravel/framework/src/Illuminate/Pipeline/Pipeline.php(219): Illuminate\\Auth\\Middleware\\Authenticate->handle(Object(Illuminate\\Http\\Request), Object(Closure))
#26 /Users/rahmattanri/Documents/Project Code/raporppsr-deploy/vendor/laravel/framework/src/Illuminate/Foundation/Http/Middleware/VerifyCsrfToken.php(87): Illuminate\\Pipeline\\Pipeline->{closure:{closure:Illuminate\\Pipeline\\Pipeline::carry():194}:195}(Object(Illuminate\\Http\\Request))
#27 /Users/rahmattanri/Documents/Project Code/raporppsr-deploy/vendor/laravel/framework/src/Illuminate/Pipeline/Pipeline.php(219): Illuminate\\Foundation\\Http\\Middleware\\VerifyCsrfToken->handle(Object(Illuminate\\Http\\Request), Object(Closure))
#28 /Users/rahmattanri/Documents/Project Code/raporppsr-deploy/vendor/laravel/framework/src/Illuminate/View/Middleware/ShareErrorsFromSession.php(48): Illuminate\\Pipeline\\Pipeline->{closure:{closure:Illuminate\\Pipeline\\Pipeline::carry():194}:195}(Object(Illuminate\\Http\\Request))
#29 /Users/rahmattanri/Documents/Project Code/raporppsr-deploy/vendor/laravel/framework/src/Illuminate/Pipeline/Pipeline.php(219): Illuminate\\View\\Middleware\\ShareErrorsFromSession->handle(Object(Illuminate\\Http\\Request), Object(Closure))
#30 /Users/rahmattanri/Documents/Project Code/raporppsr-deploy/vendor/laravel/framework/src/Illuminate/Session/Middleware/StartSession.php(120): Illuminate\\Pipeline\\Pipeline->{closure:{closure:Illuminate\\Pipeline\\Pipeline::carry():194}:195}(Object(Illuminate\\Http\\Request))
#31 /Users/rahmattanri/Documents/Project Code/raporppsr-deploy/vendor/laravel/framework/src/Illuminate/Session/Middleware/StartSession.php(63): Illuminate\\Session\\Middleware\\StartSession->handleStatefulRequest(Object(Illuminate\\Http\\Request), Object(Illuminate\\Session\\Store), Object(Closure))
#32 /Users/rahmattanri/Documents/Project Code/raporppsr-deploy/vendor/laravel/framework/src/Illuminate/Pipeline/Pipeline.php(219): Illuminate\\Session\\Middleware\\StartSession->handle(Object(Illuminate\\Http\\Request), Object(Closure))
#33 /Users/rahmattanri/Documents/Project Code/raporppsr-deploy/vendor/laravel/framework/src/Illuminate/Cookie/Middleware/AddQueuedCookiesToResponse.php(36): Illuminate\\Pipeline\\Pipeline->{closure:{closure:Illuminate\\Pipeline\\Pipeline::carry():194}:195}(Object(Illuminate\\Http\\Request))
#34 /Users/rahmattanri/Documents/Project Code/raporppsr-deploy/vendor/laravel/framework/src/Illuminate/Pipeline/Pipeline.php(219): Illuminate\\Cookie\\Middleware\\AddQueuedCookiesToResponse->handle(Object(Illuminate\\Http\\Request), Object(Closure))
#35 /Users/rahmattanri/Documents/Project Code/raporppsr-deploy/vendor/laravel/framework/src/Illuminate/Cookie/Middleware/EncryptCookies.php(74): Illuminate\\Pipeline\\Pipeline->{closure:{closure:Illuminate\\Pipeline\\Pipeline::carry():194}:195}(Object(Illuminate\\Http\\Request))
#36 /Users/rahmattanri/Documents/Project Code/raporppsr-deploy/vendor/laravel/framework/src/Illuminate/Pipeline/Pipeline.php(219): Illuminate\\Cookie\\Middleware\\EncryptCookies->handle(Object(Illuminate\\Http\\Request), Object(Closure))
#37 /Users/rahmattanri/Documents/Project Code/raporppsr-deploy/vendor/laravel/framework/src/Illuminate/Pipeline/Pipeline.php(137): Illuminate\\Pipeline\\Pipeline->{closure:{closure:Illuminate\\Pipeline\\Pipeline::carry():194}:195}(Object(Illuminate\\Http\\Request))
#38 /Users/rahmattanri/Documents/Project Code/raporppsr-deploy/vendor/laravel/framework/src/Illuminate/Routing/Router.php(821): Illuminate\\Pipeline\\Pipeline->then(Object(Closure))
#39 /Users/rahmattanri/Documents/Project Code/raporppsr-deploy/vendor/laravel/framework/src/Illuminate/Routing/Router.php(800): Illuminate\\Routing\\Router->runRouteWithinStack(Object(Illuminate\\Routing\\Route), Object(Illuminate\\Http\\Request))
#40 /Users/rahmattanri/Documents/Project Code/raporppsr-deploy/vendor/laravel/framework/src/Illuminate/Routing/Router.php(764): Illuminate\\Routing\\Router->runRoute(Object(Illuminate\\Http\\Request), Object(Illuminate\\Routing\\Route))
#41 /Users/rahmattanri/Documents/Project Code/raporppsr-deploy/vendor/laravel/framework/src/Illuminate/Routing/Router.php(753): Illuminate\\Routing\\Router->dispatchToRoute(Object(Illuminate\\Http\\Request))
#42 /Users/rahmattanri/Documents/Project Code/raporppsr-deploy/vendor/laravel/framework/src/Illuminate/Foundation/Http/Kernel.php(200): Illuminate\\Routing\\Router->dispatch(Object(Illuminate\\Http\\Request))
#43 /Users/rahmattanri/Documents/Project Code/raporppsr-deploy/vendor/laravel/framework/src/Illuminate/Pipeline/Pipeline.php(180): Illuminate\\Foundation\\Http\\Kernel->{closure:Illuminate\\Foundation\\Http\\Kernel::dispatchToRouter():197}(Object(Illuminate\\Http\\Request))
#44 /Users/rahmattanri/Documents/Project Code/raporppsr-deploy/vendor/livewire/livewire/src/Features/SupportDisablingBackButtonCache/DisableBackButtonCacheMiddleware.php(19): Illuminate\\Pipeline\\Pipeline->{closure:Illuminate\\Pipeline\\Pipeline::prepareDestination():178}(Object(Illuminate\\Http\\Request))
#45 /Users/rahmattanri/Documents/Project Code/raporppsr-deploy/vendor/laravel/framework/src/Illuminate/Pipeline/Pipeline.php(219): Livewire\\Features\\SupportDisablingBackButtonCache\\DisableBackButtonCacheMiddleware->handle(Object(Illuminate\\Http\\Request), Object(Closure))
#46 /Users/rahmattanri/Documents/Project Code/raporppsr-deploy/vendor/laravel/framework/src/Illuminate/Foundation/Http/Middleware/TransformsRequest.php(21): Illuminate\\Pipeline\\Pipeline->{closure:{closure:Illuminate\\Pipeline\\Pipeline::carry():194}:195}(Object(Illuminate\\Http\\Request))
#47 /Users/rahmattanri/Documents/Project Code/raporppsr-deploy/vendor/laravel/framework/src/Illuminate/Foundation/Http/Middleware/ConvertEmptyStringsToNull.php(31): Illuminate\\Foundation\\Http\\Middleware\\TransformsRequest->handle(Object(Illuminate\\Http\\Request), Object(Closure))
#48 /Users/rahmattanri/Documents/Project Code/raporppsr-deploy/vendor/laravel/framework/src/Illuminate/Pipeline/Pipeline.php(219): Illuminate\\Foundation\\Http\\Middleware\\ConvertEmptyStringsToNull->handle(Object(Illuminate\\Http\\Request), Object(Closure))
#49 /Users/rahmattanri/Documents/Project Code/raporppsr-deploy/vendor/laravel/framework/src/Illuminate/Foundation/Http/Middleware/TransformsRequest.php(21): Illuminate\\Pipeline\\Pipeline->{closure:{closure:Illuminate\\Pipeline\\Pipeline::carry():194}:195}(Object(Illuminate\\Http\\Request))
#50 /Users/rahmattanri/Documents/Project Code/raporppsr-deploy/vendor/laravel/framework/src/Illuminate/Foundation/Http/Middleware/TrimStrings.php(51): Illuminate\\Foundation\\Http\\Middleware\\TransformsRequest->handle(Object(Illuminate\\Http\\Request), Object(Closure))
#51 /Users/rahmattanri/Documents/Project Code/raporppsr-deploy/vendor/laravel/framework/src/Illuminate/Pipeline/Pipeline.php(219): Illuminate\\Foundation\\Http\\Middleware\\TrimStrings->handle(Object(Illuminate\\Http\\Request), Object(Closure))
#52 /Users/rahmattanri/Documents/Project Code/raporppsr-deploy/vendor/laravel/framework/src/Illuminate/Http/Middleware/ValidatePostSize.php(27): Illuminate\\Pipeline\\Pipeline->{closure:{closure:Illuminate\\Pipeline\\Pipeline::carry():194}:195}(Object(Illuminate\\Http\\Request))
#53 /Users/rahmattanri/Documents/Project Code/raporppsr-deploy/vendor/laravel/framework/src/Illuminate/Pipeline/Pipeline.php(219): Illuminate\\Http\\Middleware\\ValidatePostSize->handle(Object(Illuminate\\Http\\Request), Object(Closure))
#54 /Users/rahmattanri/Documents/Project Code/raporppsr-deploy/vendor/laravel/framework/src/Illuminate/Foundation/Http/Middleware/PreventRequestsDuringMaintenance.php(109): Illuminate\\Pipeline\\Pipeline->{closure:{closure:Illuminate\\Pipeline\\Pipeline::carry():194}:195}(Object(Illuminate\\Http\\Request))
#55 /Users/rahmattanri/Documents/Project Code/raporppsr-deploy/vendor/laravel/framework/src/Illuminate/Pipeline/Pipeline.php(219): Illuminate\\Foundation\\Http\\Middleware\\PreventRequestsDuringMaintenance->handle(Object(Illuminate\\Http\\Request), Object(Closure))
#56 /Users/rahmattanri/Documents/Project Code/raporppsr-deploy/vendor/laravel/framework/src/Illuminate/Http/Middleware/HandleCors.php(61): Illuminate\\Pipeline\\Pipeline->{closure:{closure:Illuminate\\Pipeline\\Pipeline::carry():194}:195}(Object(Illuminate\\Http\\Request))
#57 /Users/rahmattanri/Documents/Project Code/raporppsr-deploy/vendor/laravel/framework/src/Illuminate/Pipeline/Pipeline.php(219): Illuminate\\Http\\Middleware\\HandleCors->handle(Object(Illuminate\\Http\\Request), Object(Closure))
#58 /Users/rahmattanri/Documents/Project Code/raporppsr-deploy/vendor/laravel/framework/src/Illuminate/Http/Middleware/TrustProxies.php(58): Illuminate\\Pipeline\\Pipeline->{closure:{closure:Illuminate\\Pipeline\\Pipeline::carry():194}:195}(Object(Illuminate\\Http\\Request))
#59 /Users/rahmattanri/Documents/Project Code/raporppsr-deploy/vendor/laravel/framework/src/Illuminate/Pipeline/Pipeline.php(219): Illuminate\\Http\\Middleware\\TrustProxies->handle(Object(Illuminate\\Http\\Request), Object(Closure))
#60 /Users/rahmattanri/Documents/Project Code/raporppsr-deploy/vendor/laravel/framework/src/Illuminate/Foundation/Http/Middleware/InvokeDeferredCallbacks.php(22): Illuminate\\Pipeline\\Pipeline->{closure:{closure:Illuminate\\Pipeline\\Pipeline::carry():194}:195}(Object(Illuminate\\Http\\Request))
#61 /Users/rahmattanri/Documents/Project Code/raporppsr-deploy/vendor/laravel/framework/src/Illuminate/Pipeline/Pipeline.php(219): Illuminate\\Foundation\\Http\\Middleware\\InvokeDeferredCallbacks->handle(Object(Illuminate\\Http\\Request), Object(Closure))
#62 /Users/rahmattanri/Documents/Project Code/raporppsr-deploy/vendor/laravel/framework/src/Illuminate/Http/Middleware/ValidatePathEncoding.php(26): Illuminate\\Pipeline\\Pipeline->{closure:{closure:Illuminate\\Pipeline\\Pipeline::carry():194}:195}(Object(Illuminate\\Http\\Request))
#63 /Users/rahmattanri/Documents/Project Code/raporppsr-deploy/vendor/laravel/framework/src/Illuminate/Pipeline/Pipeline.php(219): Illuminate\\Http\\Middleware\\ValidatePathEncoding->handle(Object(Illuminate\\Http\\Request), Object(Closure))
#64 /Users/rahmattanri/Documents/Project Code/raporppsr-deploy/vendor/laravel/framework/src/Illuminate/Pipeline/Pipeline.php(137): Illuminate\\Pipeline\\Pipeline->{closure:{closure:Illuminate\\Pipeline\\Pipeline::carry():194}:195}(Object(Illuminate\\Http\\Request))
#65 /Users/rahmattanri/Documents/Project Code/raporppsr-deploy/vendor/laravel/framework/src/Illuminate/Foundation/Http/Kernel.php(175): Illuminate\\Pipeline\\Pipeline->then(Object(Closure))
#66 /Users/rahmattanri/Documents/Project Code/raporppsr-deploy/vendor/laravel/framework/src/Illuminate/Foundation/Http/Kernel.php(144): Illuminate\\Foundation\\Http\\Kernel->sendRequestThroughRouter(Object(Illuminate\\Http\\Request))
#67 /Users/rahmattanri/Documents/Project Code/raporppsr-deploy/vendor/laravel/framework/src/Illuminate/Foundation/Application.php(1220): Illuminate\\Foundation\\Http\\Kernel->handle(Object(Illuminate\\Http\\Request))
#68 /Users/rahmattanri/Documents/Project Code/raporppsr-deploy/public/index.php(20): Illuminate\\Foundation\\Application->handleRequest(Object(Illuminate\\Http\\Request))
#69 /Users/rahmattanri/Documents/Project Code/raporppsr-deploy/vendor/laravel/framework/src/Illuminate/Foundation/resources/server.php(23): require_once('/Users/rahmatta...')
#70 {main}

[previous exception] [object] (ErrorException(code: 0): Undefined variable $useSearch at /Users/rahmattanri/Documents/Project Code/raporppsr-deploy/public/storage/framework/views/752082915f736025504260505f4f7898.php:14)
[stacktrace]
#0 /Users/rahmattanri/Documents/Project Code/raporppsr-deploy/vendor/laravel/framework/src/Illuminate/Foundation/Bootstrap/HandleExceptions.php(258): Illuminate\\Foundation\\Bootstrap\\HandleExceptions->handleError(2, 'Undefined varia...', '/Users/rahmatta...', 14)
#1 /Users/rahmattanri/Documents/Project Code/raporppsr-deploy/public/storage/framework/views/752082915f736025504260505f4f7898.php(14): Illuminate\\Foundation\\Bootstrap\\HandleExceptions->{closure:Illuminate\\Foundation\\Bootstrap\\HandleExceptions::forwardsTo():257}(2, 'Undefined varia...', '/Users/rahmatta...', 14)
#2 /Users/rahmattanri/Documents/Project Code/raporppsr-deploy/vendor/livewire/livewire/src/Mechanisms/ExtendBlade/ExtendedCompilerEngine.php(37): include('/Users/rahmatta...')
#3 /Users/rahmattanri/Documents/Project Code/raporppsr-deploy/vendor/livewire/livewire/src/Mechanisms/ExtendBlade/ExtendedCompilerEngine.php(38): App\\Livewire\\Admin\\Kelas\\ManageSiswa->{closure:Livewire\\Mechanisms\\ExtendBlade\\ExtendedCompilerEngine::evaluatePath():35}()
#4 /Users/rahmattanri/Documents/Project Code/raporppsr-deploy/vendor/laravel/framework/src/Illuminate/View/Engines/CompilerEngine.php(76): Livewire\\Mechanisms\\ExtendBlade\\ExtendedCompilerEngine->evaluatePath('storage/framewo...', Array)
#5 /Users/rahmattanri/Documents/Project Code/raporppsr-deploy/vendor/livewire/livewire/src/Mechanisms/ExtendBlade/ExtendedCompilerEngine.php(16): Illuminate\\View\\Engines\\CompilerEngine->get('/Users/rahmatta...', Array)
#6 /Users/rahmattanri/Documents/Project Code/raporppsr-deploy/vendor/laravel/framework/src/Illuminate/View/View.php(208): Livewire\\Mechanisms\\ExtendBlade\\ExtendedCompilerEngine->get('/Users/rahmatta...', Array)
#7 /Users/rahmattanri/Documents/Project Code/raporppsr-deploy/vendor/laravel/framework/src/Illuminate/View/View.php(191): Illuminate\\View\\View->getContents()
#8 /Users/rahmattanri/Documents/Project Code/raporppsr-deploy/vendor/laravel/framework/src/Illuminate/View/View.php(160): Illuminate\\View\\View->renderContents()
#9 /Users/rahmattanri/Documents/Project Code/raporppsr-deploy/vendor/livewire/livewire/src/Mechanisms/HandleComponents/HandleComponents.php(377): Illuminate\\View\\View->render(Object(Closure))
#10 /Users/rahmattanri/Documents/Project Code/raporppsr-deploy/vendor/livewire/livewire/src/Mechanisms/HandleComponents/HandleComponents.php(428): Livewire\\Mechanisms\\HandleComponents\\HandleComponents->{closure:Livewire\\Mechanisms\\HandleComponents\\HandleComponents::render():369}()
#11 /Users/rahmattanri/Documents/Project Code/raporppsr-deploy/vendor/livewire/livewire/src/Mechanisms/HandleComponents/HandleComponents.php(369): Livewire\\Mechanisms\\HandleComponents\\HandleComponents->trackInRenderStack(Object(App\\Livewire\\Admin\\Kelas\\ManageSiswa), Object(Closure))
#12 /Users/rahmattanri/Documents/Project Code/raporppsr-deploy/vendor/livewire/livewire/src/Mechanisms/HandleComponents/HandleComponents.php(70): Livewire\\Mechanisms\\HandleComponents\\HandleComponents->render(Object(App\\Livewire\\Admin\\Kelas\\ManageSiswa), '<div></div>')
#13 /Users/rahmattanri/Documents/Project Code/raporppsr-deploy/vendor/livewire/livewire/src/LivewireManager.php(102): Livewire\\Mechanisms\\HandleComponents\\HandleComponents->mount('App\\\\Livewire\\\\Ad...', Array, NULL, Array)
#14 /Users/rahmattanri/Documents/Project Code/raporppsr-deploy/vendor/livewire/livewire/src/Features/SupportPageComponents/HandlesPageComponents.php(19): Livewire\\LivewireManager->mount('App\\\\Livewire\\\\Ad...', Array)
#15 /Users/rahmattanri/Documents/Project Code/raporppsr-deploy/vendor/livewire/livewire/src/Features/SupportPageComponents/SupportPageComponents.php(118): Livewire\\Component->{closure:Livewire\\Features\\SupportPageComponents\\HandlesPageComponents::__invoke():14}()
#16 /Users/rahmattanri/Documents/Project Code/raporppsr-deploy/vendor/livewire/livewire/src/Features/SupportPageComponents/HandlesPageComponents.php(14): Livewire\\Features\\SupportPageComponents\\SupportPageComponents::interceptTheRenderOfTheComponentAndRetreiveTheLayoutConfiguration(Object(Closure))
#17 /Users/rahmattanri/Documents/Project Code/raporppsr-deploy/vendor/laravel/framework/src/Illuminate/Routing/ControllerDispatcher.php(46): Livewire\\Component->__invoke('10')
#18 /Users/rahmattanri/Documents/Project Code/raporppsr-deploy/vendor/laravel/framework/src/Illuminate/Routing/Route.php(265): Illuminate\\Routing\\ControllerDispatcher->dispatch(Object(Illuminate\\Routing\\Route), Object(App\\Livewire\\Admin\\Kelas\\ManageSiswa), '__invoke')
#19 /Users/rahmattanri/Documents/Project Code/raporppsr-deploy/vendor/laravel/framework/src/Illuminate/Routing/Route.php(211): Illuminate\\Routing\\Route->runController()
#20 /Users/rahmattanri/Documents/Project Code/raporppsr-deploy/vendor/laravel/framework/src/Illuminate/Routing/Router.php(822): Illuminate\\Routing\\Route->run()
#21 /Users/rahmattanri/Documents/Project Code/raporppsr-deploy/vendor/laravel/framework/src/Illuminate/Pipeline/Pipeline.php(180): Illuminate\\Routing\\Router->{closure:Illuminate\\Routing\\Router::runRouteWithinStack():821}(Object(Illuminate\\Http\\Request))
#22 /Users/rahmattanri/Documents/Project Code/raporppsr-deploy/app/Http/Middleware/RoleMiddleware.php(28): Illuminate\\Pipeline\\Pipeline->{closure:Illuminate\\Pipeline\\Pipeline::prepareDestination():178}(Object(Illuminate\\Http\\Request))
#23 /Users/rahmattanri/Documents/Project Code/raporppsr-deploy/vendor/laravel/framework/src/Illuminate/Pipeline/Pipeline.php(219): App\\Http\\Middleware\\RoleMiddleware->handle(Object(Illuminate\\Http\\Request), Object(Closure), 'admin')
#24 /Users/rahmattanri/Documents/Project Code/raporppsr-deploy/vendor/laravel/framework/src/Illuminate/Routing/Middleware/SubstituteBindings.php(50): Illuminate\\Pipeline\\Pipeline->{closure:{closure:Illuminate\\Pipeline\\Pipeline::carry():194}:195}(Object(Illuminate\\Http\\Request))
#25 /Users/rahmattanri/Documents/Project Code/raporppsr-deploy/vendor/laravel/framework/src/Illuminate/Pipeline/Pipeline.php(219): Illuminate\\Routing\\Middleware\\SubstituteBindings->handle(Object(Illuminate\\Http\\Request), Object(Closure))
#26 /Users/rahmattanri/Documents/Project Code/raporppsr-deploy/vendor/laravel/framework/src/Illuminate/Auth/Middleware/Authenticate.php(63): Illuminate\\Pipeline\\Pipeline->{closure:{closure:Illuminate\\Pipeline\\Pipeline::carry():194}:195}(Object(Illuminate\\Http\\Request))
#27 /Users/rahmattanri/Documents/Project Code/raporppsr-deploy/vendor/laravel/framework/src/Illuminate/Pipeline/Pipeline.php(219): Illuminate\\Auth\\Middleware\\Authenticate->handle(Object(Illuminate\\Http\\Request), Object(Closure))
#28 /Users/rahmattanri/Documents/Project Code/raporppsr-deploy/vendor/laravel/framework/src/Illuminate/Foundation/Http/Middleware/VerifyCsrfToken.php(87): Illuminate\\Pipeline\\Pipeline->{closure:{closure:Illuminate\\Pipeline\\Pipeline::carry():194}:195}(Object(Illuminate\\Http\\Request))
#29 /Users/rahmattanri/Documents/Project Code/raporppsr-deploy/vendor/laravel/framework/src/Illuminate/Pipeline/Pipeline.php(219): Illuminate\\Foundation\\Http\\Middleware\\VerifyCsrfToken->handle(Object(Illuminate\\Http\\Request), Object(Closure))
#30 /Users/rahmattanri/Documents/Project Code/raporppsr-deploy/vendor/laravel/framework/src/Illuminate/View/Middleware/ShareErrorsFromSession.php(48): Illuminate\\Pipeline\\Pipeline->{closure:{closure:Illuminate\\Pipeline\\Pipeline::carry():194}:195}(Object(Illuminate\\Http\\Request))
#31 /Users/rahmattanri/Documents/Project Code/raporppsr-deploy/vendor/laravel/framework/src/Illuminate/Pipeline/Pipeline.php(219): Illuminate\\View\\Middleware\\ShareErrorsFromSession->handle(Object(Illuminate\\Http\\Request), Object(Closure))
#32 /Users/rahmattanri/Documents/Project Code/raporppsr-deploy/vendor/laravel/framework/src/Illuminate/Session/Middleware/StartSession.php(120): Illuminate\\Pipeline\\Pipeline->{closure:{closure:Illuminate\\Pipeline\\Pipeline::carry():194}:195}(Object(Illuminate\\Http\\Request))
#33 /Users/rahmattanri/Documents/Project Code/raporppsr-deploy/vendor/laravel/framework/src/Illuminate/Session/Middleware/StartSession.php(63): Illuminate\\Session\\Middleware\\StartSession->handleStatefulRequest(Object(Illuminate\\Http\\Request), Object(Illuminate\\Session\\Store), Object(Closure))
#34 /Users/rahmattanri/Documents/Project Code/raporppsr-deploy/vendor/laravel/framework/src/Illuminate/Pipeline/Pipeline.php(219): Illuminate\\Session\\Middleware\\StartSession->handle(Object(Illuminate\\Http\\Request), Object(Closure))
#35 /Users/rahmattanri/Documents/Project Code/raporppsr-deploy/vendor/laravel/framework/src/Illuminate/Cookie/Middleware/AddQueuedCookiesToResponse.php(36): Illuminate\\Pipeline\\Pipeline->{closure:{closure:Illuminate\\Pipeline\\Pipeline::carry():194}:195}(Object(Illuminate\\Http\\Request))
#36 /Users/rahmattanri/Documents/Project Code/raporppsr-deploy/vendor/laravel/framework/src/Illuminate/Pipeline/Pipeline.php(219): Illuminate\\Cookie\\Middleware\\AddQueuedCookiesToResponse->handle(Object(Illuminate\\Http\\Request), Object(Closure))
#37 /Users/rahmattanri/Documents/Project Code/raporppsr-deploy/vendor/laravel/framework/src/Illuminate/Cookie/Middleware/EncryptCookies.php(74): Illuminate\\Pipeline\\Pipeline->{closure:{closure:Illuminate\\Pipeline\\Pipeline::carry():194}:195}(Object(Illuminate\\Http\\Request))
#38 /Users/rahmattanri/Documents/Project Code/raporppsr-deploy/vendor/laravel/framework/src/Illuminate/Pipeline/Pipeline.php(219): Illuminate\\Cookie\\Middleware\\EncryptCookies->handle(Object(Illuminate\\Http\\Request), Object(Closure))
#39 /Users/rahmattanri/Documents/Project Code/raporppsr-deploy/vendor/laravel/framework/src/Illuminate/Pipeline/Pipeline.php(137): Illuminate\\Pipeline\\Pipeline->{closure:{closure:Illuminate\\Pipeline\\Pipeline::carry():194}:195}(Object(Illuminate\\Http\\Request))
#40 /Users/rahmattanri/Documents/Project Code/raporppsr-deploy/vendor/laravel/framework/src/Illuminate/Routing/Router.php(821): Illuminate\\Pipeline\\Pipeline->then(Object(Closure))
#41 /Users/rahmattanri/Documents/Project Code/raporppsr-deploy/vendor/laravel/framework/src/Illuminate/Routing/Router.php(800): Illuminate\\Routing\\Router->runRouteWithinStack(Object(Illuminate\\Routing\\Route), Object(Illuminate\\Http\\Request))
#42 /Users/rahmattanri/Documents/Project Code/raporppsr-deploy/vendor/laravel/framework/src/Illuminate/Routing/Router.php(764): Illuminate\\Routing\\Router->runRoute(Object(Illuminate\\Http\\Request), Object(Illuminate\\Routing\\Route))
#43 /Users/rahmattanri/Documents/Project Code/raporppsr-deploy/vendor/laravel/framework/src/Illuminate/Routing/Router.php(753): Illuminate\\Routing\\Router->dispatchToRoute(Object(Illuminate\\Http\\Request))
#44 /Users/rahmattanri/Documents/Project Code/raporppsr-deploy/vendor/laravel/framework/src/Illuminate/Foundation/Http/Kernel.php(200): Illuminate\\Routing\\Router->dispatch(Object(Illuminate\\Http\\Request))
#45 /Users/rahmattanri/Documents/Project Code/raporppsr-deploy/vendor/laravel/framework/src/Illuminate/Pipeline/Pipeline.php(180): Illuminate\\Foundation\\Http\\Kernel->{closure:Illuminate\\Foundation\\Http\\Kernel::dispatchToRouter():197}(Object(Illuminate\\Http\\Request))
#46 /Users/rahmattanri/Documents/Project Code/raporppsr-deploy/vendor/livewire/livewire/src/Features/SupportDisablingBackButtonCache/DisableBackButtonCacheMiddleware.php(19): Illuminate\\Pipeline\\Pipeline->{closure:Illuminate\\Pipeline\\Pipeline::prepareDestination():178}(Object(Illuminate\\Http\\Request))
#47 /Users/rahmattanri/Documents/Project Code/raporppsr-deploy/vendor/laravel/framework/src/Illuminate/Pipeline/Pipeline.php(219): Livewire\\Features\\SupportDisablingBackButtonCache\\DisableBackButtonCacheMiddleware->handle(Object(Illuminate\\Http\\Request), Object(Closure))
#48 /Users/rahmattanri/Documents/Project Code/raporppsr-deploy/vendor/laravel/framework/src/Illuminate/Foundation/Http/Middleware/TransformsRequest.php(21): Illuminate\\Pipeline\\Pipeline->{closure:{closure:Illuminate\\Pipeline\\Pipeline::carry():194}:195}(Object(Illuminate\\Http\\Request))
#49 /Users/rahmattanri/Documents/Project Code/raporppsr-deploy/vendor/laravel/framework/src/Illuminate/Foundation/Http/Middleware/ConvertEmptyStringsToNull.php(31): Illuminate\\Foundation\\Http\\Middleware\\TransformsRequest->handle(Object(Illuminate\\Http\\Request), Object(Closure))
#50 /Users/rahmattanri/Documents/Project Code/raporppsr-deploy/vendor/laravel/framework/src/Illuminate/Pipeline/Pipeline.php(219): Illuminate\\Foundation\\Http\\Middleware\\ConvertEmptyStringsToNull->handle(Object(Illuminate\\Http\\Request), Object(Closure))
#51 /Users/rahmattanri/Documents/Project Code/raporppsr-deploy/vendor/laravel/framework/src/Illuminate/Foundation/Http/Middleware/TransformsRequest.php(21): Illuminate\\Pipeline\\Pipeline->{closure:{closure:Illuminate\\Pipeline\\Pipeline::carry():194}:195}(Object(Illuminate\\Http\\Request))
#52 /Users/rahmattanri/Documents/Project Code/raporppsr-deploy/vendor/laravel/framework/src/Illuminate/Foundation/Http/Middleware/TrimStrings.php(51): Illuminate\\Foundation\\Http\\Middleware\\TransformsRequest->handle(Object(Illuminate\\Http\\Request), Object(Closure))
#53 /Users/rahmattanri/Documents/Project Code/raporppsr-deploy/vendor/laravel/framework/src/Illuminate/Pipeline/Pipeline.php(219): Illuminate\\Foundation\\Http\\Middleware\\TrimStrings->handle(Object(Illuminate\\Http\\Request), Object(Closure))
#54 /Users/rahmattanri/Documents/Project Code/raporppsr-deploy/vendor/laravel/framework/src/Illuminate/Http/Middleware/ValidatePostSize.php(27): Illuminate\\Pipeline\\Pipeline->{closure:{closure:Illuminate\\Pipeline\\Pipeline::carry():194}:195}(Object(Illuminate\\Http\\Request))
#55 /Users/rahmattanri/Documents/Project Code/raporppsr-deploy/vendor/laravel/framework/src/Illuminate/Pipeline/Pipeline.php(219): Illuminate\\Http\\Middleware\\ValidatePostSize->handle(Object(Illuminate\\Http\\Request), Object(Closure))
#56 /Users/rahmattanri/Documents/Project Code/raporppsr-deploy/vendor/laravel/framework/src/Illuminate/Foundation/Http/Middleware/PreventRequestsDuringMaintenance.php(109): Illuminate\\Pipeline\\Pipeline->{closure:{closure:Illuminate\\Pipeline\\Pipeline::carry():194}:195}(Object(Illuminate\\Http\\Request))
#57 /Users/rahmattanri/Documents/Project Code/raporppsr-deploy/vendor/laravel/framework/src/Illuminate/Pipeline/Pipeline.php(219): Illuminate\\Foundation\\Http\\Middleware\\PreventRequestsDuringMaintenance->handle(Object(Illuminate\\Http\\Request), Object(Closure))
#58 /Users/rahmattanri/Documents/Project Code/raporppsr-deploy/vendor/laravel/framework/src/Illuminate/Http/Middleware/HandleCors.php(61): Illuminate\\Pipeline\\Pipeline->{closure:{closure:Illuminate\\Pipeline\\Pipeline::carry():194}:195}(Object(Illuminate\\Http\\Request))
#59 /Users/rahmattanri/Documents/Project Code/raporppsr-deploy/vendor/laravel/framework/src/Illuminate/Pipeline/Pipeline.php(219): Illuminate\\Http\\Middleware\\HandleCors->handle(Object(Illuminate\\Http\\Request), Object(Closure))
#60 /Users/rahmattanri/Documents/Project Code/raporppsr-deploy/vendor/laravel/framework/src/Illuminate/Http/Middleware/TrustProxies.php(58): Illuminate\\Pipeline\\Pipeline->{closure:{closure:Illuminate\\Pipeline\\Pipeline::carry():194}:195}(Object(Illuminate\\Http\\Request))
#61 /Users/rahmattanri/Documents/Project Code/raporppsr-deploy/vendor/laravel/framework/src/Illuminate/Pipeline/Pipeline.php(219): Illuminate\\Http\\Middleware\\TrustProxies->handle(Object(Illuminate\\Http\\Request), Object(Closure))
#62 /Users/rahmattanri/Documents/Project Code/raporppsr-deploy/vendor/laravel/framework/src/Illuminate/Foundation/Http/Middleware/InvokeDeferredCallbacks.php(22): Illuminate\\Pipeline\\Pipeline->{closure:{closure:Illuminate\\Pipeline\\Pipeline::carry():194}:195}(Object(Illuminate\\Http\\Request))
#63 /Users/rahmattanri/Documents/Project Code/raporppsr-deploy/vendor/laravel/framework/src/Illuminate/Pipeline/Pipeline.php(219): Illuminate\\Foundation\\Http\\Middleware\\InvokeDeferredCallbacks->handle(Object(Illuminate\\Http\\Request), Object(Closure))
#64 /Users/rahmattanri/Documents/Project Code/raporppsr-deploy/vendor/laravel/framework/src/Illuminate/Http/Middleware/ValidatePathEncoding.php(26): Illuminate\\Pipeline\\Pipeline->{closure:{closure:Illuminate\\Pipeline\\Pipeline::carry():194}:195}(Object(Illuminate\\Http\\Request))
#65 /Users/rahmattanri/Documents/Project Code/raporppsr-deploy/vendor/laravel/framework/src/Illuminate/Pipeline/Pipeline.php(219): Illuminate\\Http\\Middleware\\ValidatePathEncoding->handle(Object(Illuminate\\Http\\Request), Object(Closure))
#66 /Users/rahmattanri/Documents/Project Code/raporppsr-deploy/vendor/laravel/framework/src/Illuminate/Pipeline/Pipeline.php(137): Illuminate\\Pipeline\\Pipeline->{closure:{closure:Illuminate\\Pipeline\\Pipeline::carry():194}:195}(Object(Illuminate\\Http\\Request))
#67 /Users/rahmattanri/Documents/Project Code/raporppsr-deploy/vendor/laravel/framework/src/Illuminate/Foundation/Http/Kernel.php(175): Illuminate\\Pipeline\\Pipeline->then(Object(Closure))
#68 /Users/rahmattanri/Documents/Project Code/raporppsr-deploy/vendor/laravel/framework/src/Illuminate/Foundation/Http/Kernel.php(144): Illuminate\\Foundation\\Http\\Kernel->sendRequestThroughRouter(Object(Illuminate\\Http\\Request))
#69 /Users/rahmattanri/Documents/Project Code/raporppsr-deploy/vendor/laravel/framework/src/Illuminate/Foundation/Application.php(1220): Illuminate\\Foundation\\Http\\Kernel->handle(Object(Illuminate\\Http\\Request))
#70 /Users/rahmattanri/Documents/Project Code/raporppsr-deploy/public/index.php(20): Illuminate\\Foundation\\Application->handleRequest(Object(Illuminate\\Http\\Request))
#71 /Users/rahmattanri/Documents/Project Code/raporppsr-deploy/vendor/laravel/framework/src/Illuminate/Foundation/resources/server.php(23): require_once('/Users/rahmatta...')
#72 {main}
"} 
[2026-04-07 04:05:00] local.ERROR: SQLSTATE[HY000] [2002] Connection refused (Connection: mysql, Host: 127.0.0.1, Port: 3306, Database: raporappdeploy, SQL: select * from `sessions` where `id` = hY6CoXM5jdJ13WvnSywaHWf0QI25uzdRYe1UlfLt limit 1) {"exception":"[object] (Illuminate\\Database\\QueryException(code: 2002): SQLSTATE[HY000] [2002] Connection refused (Connection: mysql, Host: 127.0.0.1, Port: 3306, Database: raporappdeploy, SQL: select * from `sessions` where `id` = hY6CoXM5jdJ13WvnSywaHWf0QI25uzdRYe1UlfLt limit 1) at /Users/rahmattanri/Documents/Project Code/raporppsr-deploy/vendor/laravel/framework/src/Illuminate/Database/Connection.php:838)
[stacktrace]
#0 /Users/rahmattanri/Documents/Project Code/raporppsr-deploy/vendor/laravel/framework/src/Illuminate/Database/Connection.php(999): Illuminate\\Database\\Connection->runQueryCallback('select * from `...', Array, Object(Closure))
#1 /Users/rahmattanri/Documents/Project Code/raporppsr-deploy/vendor/laravel/framework/src/Illuminate/Database/Connection.php(978): Illuminate\\Database\\Connection->tryAgainIfCausedByLostConnection(Object(Illuminate\\Database\\QueryException), 'select * from `...', Array, Object(Closure))
#2 /Users/rahmattanri/Documents/Project Code/raporppsr-deploy/vendor/laravel/framework/src/Illuminate/Database/Connection.php(796): Illuminate\\Database\\Connection->handleQueryException(Object(Illuminate\\Database\\QueryException), 'select * from `...', Array, Object(Closure))
#3 /Users/rahmattanri/Documents/Project Code/raporppsr-deploy/vendor/laravel/framework/src/Illuminate/Database/Connection.php(411): Illuminate\\Database\\Connection->run('select * from `...', Array, Object(Closure))
#4 /Users/rahmattanri/Documents/Project Code/raporppsr-deploy/vendor/laravel/framework/src/Illuminate/Database/Query/Builder.php(3389): Illuminate\\Database\\Connection->select('select * from `...', Array, false)
#5 /Users/rahmattanri/Documents/Project Code/raporppsr-deploy/vendor/laravel/framework/src/Illuminate/Database/Query/Builder.php(3374): Illuminate\\Database\\Query\\Builder->runSelect()
#6 /Users/rahmattanri/Documents/Project Code/raporppsr-deploy/vendor/laravel/framework/src/Illuminate/Database/Query/Builder.php(3964): Illuminate\\Database\\Query\\Builder->{closure:Illuminate\\Database\\Query\\Builder::get():3373}()
#7 /Users/rahmattanri/Documents/Project Code/raporppsr-deploy/vendor/laravel/framework/src/Illuminate/Database/Query/Builder.php(3373): Illuminate\\Database\\Query\\Builder->onceWithColumns(Array, Object(Closure))
#8 /Users/rahmattanri/Documents/Project Code/raporppsr-deploy/vendor/laravel/framework/src/Illuminate/Database/Concerns/BuildsQueries.php(366): Illuminate\\Database\\Query\\Builder->get(Array)
#9 /Users/rahmattanri/Documents/Project Code/raporppsr-deploy/vendor/laravel/framework/src/Illuminate/Database/Query/Builder.php(3296): Illuminate\\Database\\Query\\Builder->first(Array)
#10 /Users/rahmattanri/Documents/Project Code/raporppsr-deploy/vendor/laravel/framework/src/Illuminate/Session/DatabaseSessionHandler.php(96): Illuminate\\Database\\Query\\Builder->find('hY6CoXM5jdJ13Wv...')
#11 /Users/rahmattanri/Documents/Project Code/raporppsr-deploy/vendor/laravel/framework/src/Illuminate/Session/Store.php(128): Illuminate\\Session\\DatabaseSessionHandler->read('hY6CoXM5jdJ13Wv...')
#12 /Users/rahmattanri/Documents/Project Code/raporppsr-deploy/vendor/laravel/framework/src/Illuminate/Session/Store.php(116): Illuminate\\Session\\Store->readFromHandler()
#13 /Users/rahmattanri/Documents/Project Code/raporppsr-deploy/vendor/laravel/framework/src/Illuminate/Session/Store.php(100): Illuminate\\Session\\Store->loadSession()
#14 /Users/rahmattanri/Documents/Project Code/raporppsr-deploy/vendor/laravel/framework/src/Illuminate/Session/Middleware/StartSession.php(146): Illuminate\\Session\\Store->start()
#15 /Users/rahmattanri/Documents/Project Code/raporppsr-deploy/vendor/laravel/framework/src/Illuminate/Support/helpers.php(390): Illuminate\\Session\\Middleware\\StartSession->{closure:Illuminate\\Session\\Middleware\\StartSession::startSession():143}(Object(Illuminate\\Session\\Store))
#16 /Users/rahmattanri/Documents/Project Code/raporppsr-deploy/vendor/laravel/framework/src/Illuminate/Session/Middleware/StartSession.php(143): tap(Object(Illuminate\\Session\\Store), Object(Closure))
#17 /Users/rahmattanri/Documents/Project Code/raporppsr-deploy/vendor/laravel/framework/src/Illuminate/Session/Middleware/StartSession.php(115): Illuminate\\Session\\Middleware\\StartSession->startSession(Object(Illuminate\\Http\\Request), Object(Illuminate\\Session\\Store))
#18 /Users/rahmattanri/Documents/Project Code/raporppsr-deploy/vendor/laravel/framework/src/Illuminate/Session/Middleware/StartSession.php(63): Illuminate\\Session\\Middleware\\StartSession->handleStatefulRequest(Object(Illuminate\\Http\\Request), Object(Illuminate\\Session\\Store), Object(Closure))
#19 /Users/rahmattanri/Documents/Project Code/raporppsr-deploy/vendor/laravel/framework/src/Illuminate/Pipeline/Pipeline.php(219): Illuminate\\Session\\Middleware\\StartSession->handle(Object(Illuminate\\Http\\Request), Object(Closure))
#20 /Users/rahmattanri/Documents/Project Code/raporppsr-deploy/vendor/laravel/framework/src/Illuminate/Cookie/Middleware/AddQueuedCookiesToResponse.php(36): Illuminate\\Pipeline\\Pipeline->{closure:{closure:Illuminate\\Pipeline\\Pipeline::carry():194}:195}(Object(Illuminate\\Http\\Request))
#21 /Users/rahmattanri/Documents/Project Code/raporppsr-deploy/vendor/laravel/framework/src/Illuminate/Pipeline/Pipeline.php(219): Illuminate\\Cookie\\Middleware\\AddQueuedCookiesToResponse->handle(Object(Illuminate\\Http\\Request), Object(Closure))
#22 /Users/rahmattanri/Documents/Project Code/raporppsr-deploy/vendor/laravel/framework/src/Illuminate/Cookie/Middleware/EncryptCookies.php(74): Illuminate\\Pipeline\\Pipeline->{closure:{closure:Illuminate\\Pipeline\\Pipeline::carry():194}:195}(Object(Illuminate\\Http\\Request))
#23 /Users/rahmattanri/Documents/Project Code/raporppsr-deploy/vendor/laravel/framework/src/Illuminate/Pipeline/Pipeline.php(219): Illuminate\\Cookie\\Middleware\\EncryptCookies->handle(Object(Illuminate\\Http\\Request), Object(Closure))
#24 /Users/rahmattanri/Documents/Project Code/raporppsr-deploy/vendor/laravel/framework/src/Illuminate/Pipeline/Pipeline.php(137): Illuminate\\Pipeline\\Pipeline->{closure:{closure:Illuminate\\Pipeline\\Pipeline::carry():194}:195}(Object(Illuminate\\Http\\Request))
#25 /Users/rahmattanri/Documents/Project Code/raporppsr-deploy/vendor/laravel/framework/src/Illuminate/Routing/Router.php(821): Illuminate\\Pipeline\\Pipeline->then(Object(Closure))
#26 /Users/rahmattanri/Documents/Project Code/raporppsr-deploy/vendor/laravel/framework/src/Illuminate/Routing/Router.php(800): Illuminate\\Routing\\Router->runRouteWithinStack(Object(Illuminate\\Routing\\Route), Object(Illuminate\\Http\\Request))
#27 /Users/rahmattanri/Documents/Project Code/raporppsr-deploy/vendor/laravel/framework/src/Illuminate/Routing/Router.php(764): Illuminate\\Routing\\Router->runRoute(Object(Illuminate\\Http\\Request), Object(Illuminate\\Routing\\Route))
#28 /Users/rahmattanri/Documents/Project Code/raporppsr-deploy/vendor/laravel/framework/src/Illuminate/Routing/Router.php(753): Illuminate\\Routing\\Router->dispatchToRoute(Object(Illuminate\\Http\\Request))
#29 /Users/rahmattanri/Documents/Project Code/raporppsr-deploy/vendor/laravel/framework/src/Illuminate/Foundation/Http/Kernel.php(200): Illuminate\\Routing\\Router->dispatch(Object(Illuminate\\Http\\Request))
#30 /Users/rahmattanri/Documents/Project Code/raporppsr-deploy/vendor/laravel/framework/src/Illuminate/Pipeline/Pipeline.php(180): Illuminate\\Foundation\\Http\\Kernel->{closure:Illuminate\\Foundation\\Http\\Kernel::dispatchToRouter():197}(Object(Illuminate\\Http\\Request))
#31 /Users/rahmattanri/Documents/Project Code/raporppsr-deploy/vendor/livewire/livewire/src/Features/SupportDisablingBackButtonCache/DisableBackButtonCacheMiddleware.php(19): Illuminate\\Pipeline\\Pipeline->{closure:Illuminate\\Pipeline\\Pipeline::prepareDestination():178}(Object(Illuminate\\Http\\Request))
#32 /Users/rahmattanri/Documents/Project Code/raporppsr-deploy/vendor/laravel/framework/src/Illuminate/Pipeline/Pipeline.php(219): Livewire\\Features\\SupportDisablingBackButtonCache\\DisableBackButtonCacheMiddleware->handle(Object(Illuminate\\Http\\Request), Object(Closure))
#33 /Users/rahmattanri/Documents/Project Code/raporppsr-deploy/vendor/laravel/framework/src/Illuminate/Foundation/Http/Middleware/TransformsRequest.php(21): Illuminate\\Pipeline\\Pipeline->{closure:{closure:Illuminate\\Pipeline\\Pipeline::carry():194}:195}(Object(Illuminate\\Http\\Request))
#34 /Users/rahmattanri/Documents/Project Code/raporppsr-deploy/vendor/laravel/framework/src/Illuminate/Foundation/Http/Middleware/ConvertEmptyStringsToNull.php(31): Illuminate\\Foundation\\Http\\Middleware\\TransformsRequest->handle(Object(Illuminate\\Http\\Request), Object(Closure))
#35 /Users/rahmattanri/Documents/Project Code/raporppsr-deploy/vendor/laravel/framework/src/Illuminate/Pipeline/Pipeline.php(219): Illuminate\\Foundation\\Http\\Middleware\\ConvertEmptyStringsToNull->handle(Object(Illuminate\\Http\\Request), Object(Closure))
#36 /Users/rahmattanri/Documents/Project Code/raporppsr-deploy/vendor/laravel/framework/src/Illuminate/Foundation/Http/Middleware/TransformsRequest.php(21): Illuminate\\Pipeline\\Pipeline->{closure:{closure:Illuminate\\Pipeline\\Pipeline::carry():194}:195}(Object(Illuminate\\Http\\Request))
#37 /Users/rahmattanri/Documents/Project Code/raporppsr-deploy/vendor/laravel/framework/src/Illuminate/Foundation/Http/Middleware/TrimStrings.php(51): Illuminate\\Foundation\\Http\\Middleware\\TransformsRequest->handle(Object(Illuminate\\Http\\Request), Object(Closure))
#38 /Users/rahmattanri/Documents/Project Code/raporppsr-deploy/vendor/laravel/framework/src/Illuminate/Pipeline/Pipeline.php(219): Illuminate\\Foundation\\Http\\Middleware\\TrimStrings->handle(Object(Illuminate\\Http\\Request), Object(Closure))
#39 /Users/rahmattanri/Documents/Project Code/raporppsr-deploy/vendor/laravel/framework/src/Illuminate/Http/Middleware/ValidatePostSize.php(27): Illuminate\\Pipeline\\Pipeline->{closure:{closure:Illuminate\\Pipeline\\Pipeline::carry():194}:195}(Object(Illuminate\\Http\\Request))
#40 /Users/rahmattanri/Documents/Project Code/raporppsr-deploy/vendor/laravel/framework/src/Illuminate/Pipeline/Pipeline.php(219): Illuminate\\Http\\Middleware\\ValidatePostSize->handle(Object(Illuminate\\Http\\Request), Object(Closure))
#41 /Users/rahmattanri/Documents/Project Code/raporppsr-deploy/vendor/laravel/framework/src/Illuminate/Foundation/Http/Middleware/PreventRequestsDuringMaintenance.php(109): Illuminate\\Pipeline\\Pipeline->{closure:{closure:Illuminate\\Pipeline\\Pipeline::carry():194}:195}(Object(Illuminate\\Http\\Request))
#42 /Users/rahmattanri/Documents/Project Code/raporppsr-deploy/vendor/laravel/framework/src/Illuminate/Pipeline/Pipeline.php(219): Illuminate\\Foundation\\Http\\Middleware\\PreventRequestsDuringMaintenance->handle(Object(Illuminate\\Http\\Request), Object(Closure))
#43 /Users/rahmattanri/Documents/Project Code/raporppsr-deploy/vendor/laravel/framework/src/Illuminate/Http/Middleware/HandleCors.php(61): Illuminate\\Pipeline\\Pipeline->{closure:{closure:Illuminate\\Pipeline\\Pipeline::carry():194}:195}(Object(Illuminate\\Http\\Request))
#44 /Users/rahmattanri/Documents/Project Code/raporppsr-deploy/vendor/laravel/framework/src/Illuminate/Pipeline/Pipeline.php(219): Illuminate\\Http\\Middleware\\HandleCors->handle(Object(Illuminate\\Http\\Request), Object(Closure))
#45 /Users/rahmattanri/Documents/Project Code/raporppsr-deploy/vendor/laravel/framework/src/Illuminate/Http/Middleware/TrustProxies.php(58): Illuminate\\Pipeline\\Pipeline->{closure:{closure:Illuminate\\Pipeline\\Pipeline::carry():194}:195}(Object(Illuminate\\Http\\Request))
#46 /Users/rahmattanri/Documents/Project Code/raporppsr-deploy/vendor/laravel/framework/src/Illuminate/Pipeline/Pipeline.php(219): Illuminate\\Http\\Middleware\\TrustProxies->handle(Object(Illuminate\\Http\\Request), Object(Closure))
#47 /Users/rahmattanri/Documents/Project Code/raporppsr-deploy/vendor/laravel/framework/src/Illuminate/Foundation/Http/Middleware/InvokeDeferredCallbacks.php(22): Illuminate\\Pipeline\\Pipeline->{closure:{closure:Illuminate\\Pipeline\\Pipeline::carry():194}:195}(Object(Illuminate\\Http\\Request))
#48 /Users/rahmattanri/Documents/Project Code/raporppsr-deploy/vendor/laravel/framework/src/Illuminate/Pipeline/Pipeline.php(219): Illuminate\\Foundation\\Http\\Middleware\\InvokeDeferredCallbacks->handle(Object(Illuminate\\Http\\Request), Object(Closure))
#49 /Users/rahmattanri/Documents/Project Code/raporppsr-deploy/vendor/laravel/framework/src/Illuminate/Http/Middleware/ValidatePathEncoding.php(26): Illuminate\\Pipeline\\Pipeline->{closure:{closure:Illuminate\\Pipeline\\Pipeline::carry():194}:195}(Object(Illuminate\\Http\\Request))
#50 /Users/rahmattanri/Documents/Project Code/raporppsr-deploy/vendor/laravel/framework/src/Illuminate/Pipeline/Pipeline.php(219): Illuminate\\Http\\Middleware\\ValidatePathEncoding->handle(Object(Illuminate\\Http\\Request), Object(Closure))
#51 /Users/rahmattanri/Documents/Project Code/raporppsr-deploy/vendor/laravel/framework/src/Illuminate/Pipeline/Pipeline.php(137): Illuminate\\Pipeline\\Pipeline->{closure:{closure:Illuminate\\Pipeline\\Pipeline::carry():194}:195}(Object(Illuminate\\Http\\Request))
#52 /Users/rahmattanri/Documents/Project Code/raporppsr-deploy/vendor/laravel/framework/src/Illuminate/Foundation/Http/Kernel.php(175): Illuminate\\Pipeline\\Pipeline->then(Object(Closure))
#53 /Users/rahmattanri/Documents/Project Code/raporppsr-deploy/vendor/laravel/framework/src/Illuminate/Foundation/Http/Kernel.php(144): Illuminate\\Foundation\\Http\\Kernel->sendRequestThroughRouter(Object(Illuminate\\Http\\Request))
#54 /Users/rahmattanri/Documents/Project Code/raporppsr-deploy/vendor/laravel/framework/src/Illuminate/Foundation/Application.php(1220): Illuminate\\Foundation\\Http\\Kernel->handle(Object(Illuminate\\Http\\Request))
#55 /Users/rahmattanri/Documents/Project Code/raporppsr-deploy/public/index.php(20): Illuminate\\Foundation\\Application->handleRequest(Object(Illuminate\\Http\\Request))
#56 /Users/rahmattanri/Documents/Project Code/raporppsr-deploy/vendor/laravel/framework/src/Illuminate/Foundation/resources/server.php(23): require_once('/Users/rahmatta...')
#57 {main}

[previous exception] [object] (PDOException(code: 2002): SQLSTATE[HY000] [2002] Connection refused at /Users/rahmattanri/Documents/Project Code/raporppsr-deploy/vendor/laravel/framework/src/Illuminate/Database/Connectors/Connector.php:67)
[stacktrace]
#0 /Users/rahmattanri/Documents/Project Code/raporppsr-deploy/vendor/laravel/framework/src/Illuminate/Database/Connectors/Connector.php(67): PDO::connect('mysql:host=127....', 'root', Object(SensitiveParameterValue), Array)
#1 /Users/rahmattanri/Documents/Project Code/raporppsr-deploy/vendor/laravel/framework/src/Illuminate/Database/Connectors/Connector.php(85): Illuminate\\Database\\Connectors\\Connector->createPdoConnection('mysql:host=127....', 'root', Object(SensitiveParameterValue), Array)
#2 /Users/rahmattanri/Documents/Project Code/raporppsr-deploy/vendor/laravel/framework/src/Illuminate/Database/Connectors/Connector.php(48): Illuminate\\Database\\Connectors\\Connector->tryAgainIfCausedByLostConnection(Object(PDOException), 'mysql:host=127....', 'root', Object(SensitiveParameterValue), Array)
#3 /Users/rahmattanri/Documents/Project Code/raporppsr-deploy/vendor/laravel/framework/src/Illuminate/Database/Connectors/MySqlConnector.php(24): Illuminate\\Database\\Connectors\\Connector->createConnection('mysql:host=127....', Array, Array)
#4 /Users/rahmattanri/Documents/Project Code/raporppsr-deploy/vendor/laravel/framework/src/Illuminate/Database/Connectors/ConnectionFactory.php(186): Illuminate\\Database\\Connectors\\MySqlConnector->connect(Array)
#5 [internal function]: Illuminate\\Database\\Connectors\\ConnectionFactory->{closure:Illuminate\\Database\\Connectors\\ConnectionFactory::createPdoResolverWithHosts():181}()
#6 /Users/rahmattanri/Documents/Project Code/raporppsr-deploy/vendor/laravel/framework/src/Illuminate/Database/Connection.php(1257): call_user_func(Object(Closure))
#7 /Users/rahmattanri/Documents/Project Code/raporppsr-deploy/vendor/laravel/framework/src/Illuminate/Database/Connection.php(525): Illuminate\\Database\\Connection->getPdo()
#8 /Users/rahmattanri/Documents/Project Code/raporppsr-deploy/vendor/laravel/framework/src/Illuminate/Database/Connection.php(420): Illuminate\\Database\\Connection->getPdoForSelect(false)
#9 /Users/rahmattanri/Documents/Project Code/raporppsr-deploy/vendor/laravel/framework/src/Illuminate/Database/Connection.php(827): Illuminate\\Database\\Connection->{closure:Illuminate\\Database\\Connection::select():411}('select * from `...', Array)
#10 /Users/rahmattanri/Documents/Project Code/raporppsr-deploy/vendor/laravel/framework/src/Illuminate/Database/Connection.php(999): Illuminate\\Database\\Connection->runQueryCallback('select * from `...', Array, Object(Closure))
#11 /Users/rahmattanri/Documents/Project Code/raporppsr-deploy/vendor/laravel/framework/src/Illuminate/Database/Connection.php(978): Illuminate\\Database\\Connection->tryAgainIfCausedByLostConnection(Object(Illuminate\\Database\\QueryException), 'select * from `...', Array, Object(Closure))
#12 /Users/rahmattanri/Documents/Project Code/raporppsr-deploy/vendor/laravel/framework/src/Illuminate/Database/Connection.php(796): Illuminate\\Database\\Connection->handleQueryException(Object(Illuminate\\Database\\QueryException), 'select * from `...', Array, Object(Closure))
#13 /Users/rahmattanri/Documents/Project Code/raporppsr-deploy/vendor/laravel/framework/src/Illuminate/Database/Connection.php(411): Illuminate\\Database\\Connection->run('select * from `...', Array, Object(Closure))
#14 /Users/rahmattanri/Documents/Project Code/raporppsr-deploy/vendor/laravel/framework/src/Illuminate/Database/Query/Builder.php(3389): Illuminate\\Database\\Connection->select('select * from `...', Array, false)
#15 /Users/rahmattanri/Documents/Project Code/raporppsr-deploy/vendor/laravel/framework/src/Illuminate/Database/Query/Builder.php(3374): Illuminate\\Database\\Query\\Builder->runSelect()
#16 /Users/rahmattanri/Documents/Project Code/raporppsr-deploy/vendor/laravel/framework/src/Illuminate/Database/Query/Builder.php(3964): Illuminate\\Database\\Query\\Builder->{closure:Illuminate\\Database\\Query\\Builder::get():3373}()
#17 /Users/rahmattanri/Documents/Project Code/raporppsr-deploy/vendor/laravel/framework/src/Illuminate/Database/Query/Builder.php(3373): Illuminate\\Database\\Query\\Builder->onceWithColumns(Array, Object(Closure))
#18 /Users/rahmattanri/Documents/Project Code/raporppsr-deploy/vendor/laravel/framework/src/Illuminate/Database/Concerns/BuildsQueries.php(366): Illuminate\\Database\\Query\\Builder->get(Array)
#19 /Users/rahmattanri/Documents/Project Code/raporppsr-deploy/vendor/laravel/framework/src/Illuminate/Database/Query/Builder.php(3296): Illuminate\\Database\\Query\\Builder->first(Array)
#20 /Users/rahmattanri/Documents/Project Code/raporppsr-deploy/vendor/laravel/framework/src/Illuminate/Session/DatabaseSessionHandler.php(96): Illuminate\\Database\\Query\\Builder->find('hY6CoXM5jdJ13Wv...')
#21 /Users/rahmattanri/Documents/Project Code/raporppsr-deploy/vendor/laravel/framework/src/Illuminate/Session/Store.php(128): Illuminate\\Session\\DatabaseSessionHandler->read('hY6CoXM5jdJ13Wv...')
#22 /Users/rahmattanri/Documents/Project Code/raporppsr-deploy/vendor/laravel/framework/src/Illuminate/Session/Store.php(116): Illuminate\\Session\\Store->readFromHandler()
#23 /Users/rahmattanri/Documents/Project Code/raporppsr-deploy/vendor/laravel/framework/src/Illuminate/Session/Store.php(100): Illuminate\\Session\\Store->loadSession()
#24 /Users/rahmattanri/Documents/Project Code/raporppsr-deploy/vendor/laravel/framework/src/Illuminate/Session/Middleware/StartSession.php(146): Illuminate\\Session\\Store->start()
#25 /Users/rahmattanri/Documents/Project Code/raporppsr-deploy/vendor/laravel/framework/src/Illuminate/Support/helpers.php(390): Illuminate\\Session\\Middleware\\StartSession->{closure:Illuminate\\Session\\Middleware\\StartSession::startSession():143}(Object(Illuminate\\Session\\Store))
#26 /Users/rahmattanri/Documents/Project Code/raporppsr-deploy/vendor/laravel/framework/src/Illuminate/Session/Middleware/StartSession.php(143): tap(Object(Illuminate\\Session\\Store), Object(Closure))
#27 /Users/rahmattanri/Documents/Project Code/raporppsr-deploy/vendor/laravel/framework/src/Illuminate/Session/Middleware/StartSession.php(115): Illuminate\\Session\\Middleware\\StartSession->startSession(Object(Illuminate\\Http\\Request), Object(Illuminate\\Session\\Store))
#28 /Users/rahmattanri/Documents/Project Code/raporppsr-deploy/vendor/laravel/framework/src/Illuminate/Session/Middleware/StartSession.php(63): Illuminate\\Session\\Middleware\\StartSession->handleStatefulRequest(Object(Illuminate\\Http\\Request), Object(Illuminate\\Session\\Store), Object(Closure))
#29 /Users/rahmattanri/Documents/Project Code/raporppsr-deploy/vendor/laravel/framework/src/Illuminate/Pipeline/Pipeline.php(219): Illuminate\\Session\\Middleware\\StartSession->handle(Object(Illuminate\\Http\\Request), Object(Closure))
#30 /Users/rahmattanri/Documents/Project Code/raporppsr-deploy/vendor/laravel/framework/src/Illuminate/Cookie/Middleware/AddQueuedCookiesToResponse.php(36): Illuminate\\Pipeline\\Pipeline->{closure:{closure:Illuminate\\Pipeline\\Pipeline::carry():194}:195}(Object(Illuminate\\Http\\Request))
#31 /Users/rahmattanri/Documents/Project Code/raporppsr-deploy/vendor/laravel/framework/src/Illuminate/Pipeline/Pipeline.php(219): Illuminate\\Cookie\\Middleware\\AddQueuedCookiesToResponse->handle(Object(Illuminate\\Http\\Request), Object(Closure))
#32 /Users/rahmattanri/Documents/Project Code/raporppsr-deploy/vendor/laravel/framework/src/Illuminate/Cookie/Middleware/EncryptCookies.php(74): Illuminate\\Pipeline\\Pipeline->{closure:{closure:Illuminate\\Pipeline\\Pipeline::carry():194}:195}(Object(Illuminate\\Http\\Request))
#33 /Users/rahmattanri/Documents/Project Code/raporppsr-deploy/vendor/laravel/framework/src/Illuminate/Pipeline/Pipeline.php(219): Illuminate\\Cookie\\Middleware\\EncryptCookies->handle(Object(Illuminate\\Http\\Request), Object(Closure))
#34 /Users/rahmattanri/Documents/Project Code/raporppsr-deploy/vendor/laravel/framework/src/Illuminate/Pipeline/Pipeline.php(137): Illuminate\\Pipeline\\Pipeline->{closure:{closure:Illuminate\\Pipeline\\Pipeline::carry():194}:195}(Object(Illuminate\\Http\\Request))
#35 /Users/rahmattanri/Documents/Project Code/raporppsr-deploy/vendor/laravel/framework/src/Illuminate/Routing/Router.php(821): Illuminate\\Pipeline\\Pipeline->then(Object(Closure))
#36 /Users/rahmattanri/Documents/Project Code/raporppsr-deploy/vendor/laravel/framework/src/Illuminate/Routing/Router.php(800): Illuminate\\Routing\\Router->runRouteWithinStack(Object(Illuminate\\Routing\\Route), Object(Illuminate\\Http\\Request))
#37 /Users/rahmattanri/Documents/Project Code/raporppsr-deploy/vendor/laravel/framework/src/Illuminate/Routing/Router.php(764): Illuminate\\Routing\\Router->runRoute(Object(Illuminate\\Http\\Request), Object(Illuminate\\Routing\\Route))
#38 /Users/rahmattanri/Documents/Project Code/raporppsr-deploy/vendor/laravel/framework/src/Illuminate/Routing/Router.php(753): Illuminate\\Routing\\Router->dispatchToRoute(Object(Illuminate\\Http\\Request))
#39 /Users/rahmattanri/Documents/Project Code/raporppsr-deploy/vendor/laravel/framework/src/Illuminate/Foundation/Http/Kernel.php(200): Illuminate\\Routing\\Router->dispatch(Object(Illuminate\\Http\\Request))
#40 /Users/rahmattanri/Documents/Project Code/raporppsr-deploy/vendor/laravel/framework/src/Illuminate/Pipeline/Pipeline.php(180): Illuminate\\Foundation\\Http\\Kernel->{closure:Illuminate\\Foundation\\Http\\Kernel::dispatchToRouter():197}(Object(Illuminate\\Http\\Request))
#41 /Users/rahmattanri/Documents/Project Code/raporppsr-deploy/vendor/livewire/livewire/src/Features/SupportDisablingBackButtonCache/DisableBackButtonCacheMiddleware.php(19): Illuminate\\Pipeline\\Pipeline->{closure:Illuminate\\Pipeline\\Pipeline::prepareDestination():178}(Object(Illuminate\\Http\\Request))
#42 /Users/rahmattanri/Documents/Project Code/raporppsr-deploy/vendor/laravel/framework/src/Illuminate/Pipeline/Pipeline.php(219): Livewire\\Features\\SupportDisablingBackButtonCache\\DisableBackButtonCacheMiddleware->handle(Object(Illuminate\\Http\\Request), Object(Closure))
#43 /Users/rahmattanri/Documents/Project Code/raporppsr-deploy/vendor/laravel/framework/src/Illuminate/Foundation/Http/Middleware/TransformsRequest.php(21): Illuminate\\Pipeline\\Pipeline->{closure:{closure:Illuminate\\Pipeline\\Pipeline::carry():194}:195}(Object(Illuminate\\Http\\Request))
#44 /Users/rahmattanri/Documents/Project Code/raporppsr-deploy/vendor/laravel/framework/src/Illuminate/Foundation/Http/Middleware/ConvertEmptyStringsToNull.php(31): Illuminate\\Foundation\\Http\\Middleware\\TransformsRequest->handle(Object(Illuminate\\Http\\Request), Object(Closure))
#45 /Users/rahmattanri/Documents/Project Code/raporppsr-deploy/vendor/laravel/framework/src/Illuminate/Pipeline/Pipeline.php(219): Illuminate\\Foundation\\Http\\Middleware\\ConvertEmptyStringsToNull->handle(Object(Illuminate\\Http\\Request), Object(Closure))
#46 /Users/rahmattanri/Documents/Project Code/raporppsr-deploy/vendor/laravel/framework/src/Illuminate/Foundation/Http/Middleware/TransformsRequest.php(21): Illuminate\\Pipeline\\Pipeline->{closure:{closure:Illuminate\\Pipeline\\Pipeline::carry():194}:195}(Object(Illuminate\\Http\\Request))
#47 /Users/rahmattanri/Documents/Project Code/raporppsr-deploy/vendor/laravel/framework/src/Illuminate/Foundation/Http/Middleware/TrimStrings.php(51): Illuminate\\Foundation\\Http\\Middleware\\TransformsRequest->handle(Object(Illuminate\\Http\\Request), Object(Closure))
#48 /Users/rahmattanri/Documents/Project Code/raporppsr-deploy/vendor/laravel/framework/src/Illuminate/Pipeline/Pipeline.php(219): Illuminate\\Foundation\\Http\\Middleware\\TrimStrings->handle(Object(Illuminate\\Http\\Request), Object(Closure))
#49 /Users/rahmattanri/Documents/Project Code/raporppsr-deploy/vendor/laravel/framework/src/Illuminate/Http/Middleware/ValidatePostSize.php(27): Illuminate\\Pipeline\\Pipeline->{closure:{closure:Illuminate\\Pipeline\\Pipeline::carry():194}:195}(Object(Illuminate\\Http\\Request))
#50 /Users/rahmattanri/Documents/Project Code/raporppsr-deploy/vendor/laravel/framework/src/Illuminate/Pipeline/Pipeline.php(219): Illuminate\\Http\\Middleware\\ValidatePostSize->handle(Object(Illuminate\\Http\\Request), Object(Closure))
#51 /Users/rahmattanri/Documents/Project Code/raporppsr-deploy/vendor/laravel/framework/src/Illuminate/Foundation/Http/Middleware/PreventRequestsDuringMaintenance.php(109): Illuminate\\Pipeline\\Pipeline->{closure:{closure:Illuminate\\Pipeline\\Pipeline::carry():194}:195}(Object(Illuminate\\Http\\Request))
#52 /Users/rahmattanri/Documents/Project Code/raporppsr-deploy/vendor/laravel/framework/src/Illuminate/Pipeline/Pipeline.php(219): Illuminate\\Foundation\\Http\\Middleware\\PreventRequestsDuringMaintenance->handle(Object(Illuminate\\Http\\Request), Object(Closure))
#53 /Users/rahmattanri/Documents/Project Code/raporppsr-deploy/vendor/laravel/framework/src/Illuminate/Http/Middleware/HandleCors.php(61): Illuminate\\Pipeline\\Pipeline->{closure:{closure:Illuminate\\Pipeline\\Pipeline::carry():194}:195}(Object(Illuminate\\Http\\Request))
#54 /Users/rahmattanri/Documents/Project Code/raporppsr-deploy/vendor/laravel/framework/src/Illuminate/Pipeline/Pipeline.php(219): Illuminate\\Http\\Middleware\\HandleCors->handle(Object(Illuminate\\Http\\Request), Object(Closure))
#55 /Users/rahmattanri/Documents/Project Code/raporppsr-deploy/vendor/laravel/framework/src/Illuminate/Http/Middleware/TrustProxies.php(58): Illuminate\\Pipeline\\Pipeline->{closure:{closure:Illuminate\\Pipeline\\Pipeline::carry():194}:195}(Object(Illuminate\\Http\\Request))
#56 /Users/rahmattanri/Documents/Project Code/raporppsr-deploy/vendor/laravel/framework/src/Illuminate/Pipeline/Pipeline.php(219): Illuminate\\Http\\Middleware\\TrustProxies->handle(Object(Illuminate\\Http\\Request), Object(Closure))
#57 /Users/rahmattanri/Documents/Project Code/raporppsr-deploy/vendor/laravel/framework/src/Illuminate/Foundation/Http/Middleware/InvokeDeferredCallbacks.php(22): Illuminate\\Pipeline\\Pipeline->{closure:{closure:Illuminate\\Pipeline\\Pipeline::carry():194}:195}(Object(Illuminate\\Http\\Request))
#58 /Users/rahmattanri/Documents/Project Code/raporppsr-deploy/vendor/laravel/framework/src/Illuminate/Pipeline/Pipeline.php(219): Illuminate\\Foundation\\Http\\Middleware\\InvokeDeferredCallbacks->handle(Object(Illuminate\\Http\\Request), Object(Closure))
#59 /Users/rahmattanri/Documents/Project Code/raporppsr-deploy/vendor/laravel/framework/src/Illuminate/Http/Middleware/ValidatePathEncoding.php(26): Illuminate\\Pipeline\\Pipeline->{closure:{closure:Illuminate\\Pipeline\\Pipeline::carry():194}:195}(Object(Illuminate\\Http\\Request))
#60 /Users/rahmattanri/Documents/Project Code/raporppsr-deploy/vendor/laravel/framework/src/Illuminate/Pipeline/Pipeline.php(219): Illuminate\\Http\\Middleware\\ValidatePathEncoding->handle(Object(Illuminate\\Http\\Request), Object(Closure))
#61 /Users/rahmattanri/Documents/Project Code/raporppsr-deploy/vendor/laravel/framework/src/Illuminate/Pipeline/Pipeline.php(137): Illuminate\\Pipeline\\Pipeline->{closure:{closure:Illuminate\\Pipeline\\Pipeline::carry():194}:195}(Object(Illuminate\\Http\\Request))
#62 /Users/rahmattanri/Documents/Project Code/raporppsr-deploy/vendor/laravel/framework/src/Illuminate/Foundation/Http/Kernel.php(175): Illuminate\\Pipeline\\Pipeline->then(Object(Closure))
#63 /Users/rahmattanri/Documents/Project Code/raporppsr-deploy/vendor/laravel/framework/src/Illuminate/Foundation/Http/Kernel.php(144): Illuminate\\Foundation\\Http\\Kernel->sendRequestThroughRouter(Object(Illuminate\\Http\\Request))
#64 /Users/rahmattanri/Documents/Project Code/raporppsr-deploy/vendor/laravel/framework/src/Illuminate/Foundation/Application.php(1220): Illuminate\\Foundation\\Http\\Kernel->handle(Object(Illuminate\\Http\\Request))
#65 /Users/rahmattanri/Documents/Project Code/raporppsr-deploy/public/index.php(20): Illuminate\\Foundation\\Application->handleRequest(Object(Illuminate\\Http\\Request))
#66 /Users/rahmattanri/Documents/Project Code/raporppsr-deploy/vendor/laravel/framework/src/Illuminate/Foundation/resources/server.php(23): require_once('/Users/rahmatta...')
#67 {main}
"} 
[2026-04-07 04:05:06] local.ERROR: SQLSTATE[HY000] [2002] Connection refused (Connection: mysql, Host: 127.0.0.1, Port: 3306, Database: raporappdeploy, SQL: select * from `sessions` where `id` = he6okuIFHRePVwJUui7cIoske81N406Q3HLROFiK limit 1) {"exception":"[object] (Illuminate\\Database\\QueryException(code: 2002): SQLSTATE[HY000] [2002] Connection refused (Connection: mysql, Host: 127.0.0.1, Port: 3306, Database: raporappdeploy, SQL: select * from `sessions` where `id` = he6okuIFHRePVwJUui7cIoske81N406Q3HLROFiK limit 1) at /Users/rahmattanri/Documents/Project Code/raporppsr-deploy/vendor/laravel/framework/src/Illuminate/Database/Connection.php:838)
[stacktrace]
#0 /Users/rahmattanri/Documents/Project Code/raporppsr-deploy/vendor/laravel/framework/src/Illuminate/Database/Connection.php(999): Illuminate\\Database\\Connection->runQueryCallback('select * from `...', Array, Object(Closure))
#1 /Users/rahmattanri/Documents/Project Code/raporppsr-deploy/vendor/laravel/framework/src/Illuminate/Database/Connection.php(978): Illuminate\\Database\\Connection->tryAgainIfCausedByLostConnection(Object(Illuminate\\Database\\QueryException), 'select * from `...', Array, Object(Closure))
#2 /Users/rahmattanri/Documents/Project Code/raporppsr-deploy/vendor/laravel/framework/src/Illuminate/Database/Connection.php(796): Illuminate\\Database\\Connection->handleQueryException(Object(Illuminate\\Database\\QueryException), 'select * from `...', Array, Object(Closure))
#3 /Users/rahmattanri/Documents/Project Code/raporppsr-deploy/vendor/laravel/framework/src/Illuminate/Database/Connection.php(411): Illuminate\\Database\\Connection->run('select * from `...', Array, Object(Closure))
#4 /Users/rahmattanri/Documents/Project Code/raporppsr-deploy/vendor/laravel/framework/src/Illuminate/Database/Query/Builder.php(3389): Illuminate\\Database\\Connection->select('select * from `...', Array, false)
#5 /Users/rahmattanri/Documents/Project Code/raporppsr-deploy/vendor/laravel/framework/src/Illuminate/Database/Query/Builder.php(3374): Illuminate\\Database\\Query\\Builder->runSelect()
#6 /Users/rahmattanri/Documents/Project Code/raporppsr-deploy/vendor/laravel/framework/src/Illuminate/Database/Query/Builder.php(3964): Illuminate\\Database\\Query\\Builder->{closure:Illuminate\\Database\\Query\\Builder::get():3373}()
#7 /Users/rahmattanri/Documents/Project Code/raporppsr-deploy/vendor/laravel/framework/src/Illuminate/Database/Query/Builder.php(3373): Illuminate\\Database\\Query\\Builder->onceWithColumns(Array, Object(Closure))
#8 /Users/rahmattanri/Documents/Project Code/raporppsr-deploy/vendor/laravel/framework/src/Illuminate/Database/Concerns/BuildsQueries.php(366): Illuminate\\Database\\Query\\Builder->get(Array)
#9 /Users/rahmattanri/Documents/Project Code/raporppsr-deploy/vendor/laravel/framework/src/Illuminate/Database/Query/Builder.php(3296): Illuminate\\Database\\Query\\Builder->first(Array)
#10 /Users/rahmattanri/Documents/Project Code/raporppsr-deploy/vendor/laravel/framework/src/Illuminate/Session/DatabaseSessionHandler.php(96): Illuminate\\Database\\Query\\Builder->find('he6okuIFHRePVwJ...')
#11 /Users/rahmattanri/Documents/Project Code/raporppsr-deploy/vendor/laravel/framework/src/Illuminate/Session/Store.php(128): Illuminate\\Session\\DatabaseSessionHandler->read('he6okuIFHRePVwJ...')
#12 /Users/rahmattanri/Documents/Project Code/raporppsr-deploy/vendor/laravel/framework/src/Illuminate/Session/Store.php(116): Illuminate\\Session\\Store->readFromHandler()
#13 /Users/rahmattanri/Documents/Project Code/raporppsr-deploy/vendor/laravel/framework/src/Illuminate/Session/Store.php(100): Illuminate\\Session\\Store->loadSession()
#14 /Users/rahmattanri/Documents/Project Code/raporppsr-deploy/vendor/laravel/framework/src/Illuminate/Session/Middleware/StartSession.php(146): Illuminate\\Session\\Store->start()
#15 /Users/rahmattanri/Documents/Project Code/raporppsr-deploy/vendor/laravel/framework/src/Illuminate/Support/helpers.php(390): Illuminate\\Session\\Middleware\\StartSession->{closure:Illuminate\\Session\\Middleware\\StartSession::startSession():143}(Object(Illuminate\\Session\\Store))
#16 /Users/rahmattanri/Documents/Project Code/raporppsr-deploy/vendor/laravel/framework/src/Illuminate/Session/Middleware/StartSession.php(143): tap(Object(Illuminate\\Session\\Store), Object(Closure))
#17 /Users/rahmattanri/Documents/Project Code/raporppsr-deploy/vendor/laravel/framework/src/Illuminate/Session/Middleware/StartSession.php(115): Illuminate\\Session\\Middleware\\StartSession->startSession(Object(Illuminate\\Http\\Request), Object(Illuminate\\Session\\Store))
#18 /Users/rahmattanri/Documents/Project Code/raporppsr-deploy/vendor/laravel/framework/src/Illuminate/Session/Middleware/StartSession.php(63): Illuminate\\Session\\Middleware\\StartSession->handleStatefulRequest(Object(Illuminate\\Http\\Request), Object(Illuminate\\Session\\Store), Object(Closure))
#19 /Users/rahmattanri/Documents/Project Code/raporppsr-deploy/vendor/laravel/framework/src/Illuminate/Pipeline/Pipeline.php(219): Illuminate\\Session\\Middleware\\StartSession->handle(Object(Illuminate\\Http\\Request), Object(Closure))
#20 /Users/rahmattanri/Documents/Project Code/raporppsr-deploy/vendor/laravel/framework/src/Illuminate/Cookie/Middleware/AddQueuedCookiesToResponse.php(36): Illuminate\\Pipeline\\Pipeline->{closure:{closure:Illuminate\\Pipeline\\Pipeline::carry():194}:195}(Object(Illuminate\\Http\\Request))
#21 /Users/rahmattanri/Documents/Project Code/raporppsr-deploy/vendor/laravel/framework/src/Illuminate/Pipeline/Pipeline.php(219): Illuminate\\Cookie\\Middleware\\AddQueuedCookiesToResponse->handle(Object(Illuminate\\Http\\Request), Object(Closure))
#22 /Users/rahmattanri/Documents/Project Code/raporppsr-deploy/vendor/laravel/framework/src/Illuminate/Cookie/Middleware/EncryptCookies.php(74): Illuminate\\Pipeline\\Pipeline->{closure:{closure:Illuminate\\Pipeline\\Pipeline::carry():194}:195}(Object(Illuminate\\Http\\Request))
#23 /Users/rahmattanri/Documents/Project Code/raporppsr-deploy/vendor/laravel/framework/src/Illuminate/Pipeline/Pipeline.php(219): Illuminate\\Cookie\\Middleware\\EncryptCookies->handle(Object(Illuminate\\Http\\Request), Object(Closure))
#24 /Users/rahmattanri/Documents/Project Code/raporppsr-deploy/vendor/laravel/framework/src/Illuminate/Pipeline/Pipeline.php(137): Illuminate\\Pipeline\\Pipeline->{closure:{closure:Illuminate\\Pipeline\\Pipeline::carry():194}:195}(Object(Illuminate\\Http\\Request))
#25 /Users/rahmattanri/Documents/Project Code/raporppsr-deploy/vendor/laravel/framework/src/Illuminate/Routing/Router.php(821): Illuminate\\Pipeline\\Pipeline->then(Object(Closure))
#26 /Users/rahmattanri/Documents/Project Code/raporppsr-deploy/vendor/laravel/framework/src/Illuminate/Routing/Router.php(800): Illuminate\\Routing\\Router->runRouteWithinStack(Object(Illuminate\\Routing\\Route), Object(Illuminate\\Http\\Request))
#27 /Users/rahmattanri/Documents/Project Code/raporppsr-deploy/vendor/laravel/framework/src/Illuminate/Routing/Router.php(764): Illuminate\\Routing\\Router->runRoute(Object(Illuminate\\Http\\Request), Object(Illuminate\\Routing\\Route))
#28 /Users/rahmattanri/Documents/Project Code/raporppsr-deploy/vendor/laravel/framework/src/Illuminate/Routing/Router.php(753): Illuminate\\Routing\\Router->dispatchToRoute(Object(Illuminate\\Http\\Request))
#29 /Users/rahmattanri/Documents/Project Code/raporppsr-deploy/vendor/laravel/framework/src/Illuminate/Foundation/Http/Kernel.php(200): Illuminate\\Routing\\Router->dispatch(Object(Illuminate\\Http\\Request))
#30 /Users/rahmattanri/Documents/Project Code/raporppsr-deploy/vendor/laravel/framework/src/Illuminate/Pipeline/Pipeline.php(180): Illuminate\\Foundation\\Http\\Kernel->{closure:Illuminate\\Foundation\\Http\\Kernel::dispatchToRouter():197}(Object(Illuminate\\Http\\Request))
#31 /Users/rahmattanri/Documents/Project Code/raporppsr-deploy/vendor/livewire/livewire/src/Features/SupportDisablingBackButtonCache/DisableBackButtonCacheMiddleware.php(19): Illuminate\\Pipeline\\Pipeline->{closure:Illuminate\\Pipeline\\Pipeline::prepareDestination():178}(Object(Illuminate\\Http\\Request))
#32 /Users/rahmattanri/Documents/Project Code/raporppsr-deploy/vendor/laravel/framework/src/Illuminate/Pipeline/Pipeline.php(219): Livewire\\Features\\SupportDisablingBackButtonCache\\DisableBackButtonCacheMiddleware->handle(Object(Illuminate\\Http\\Request), Object(Closure))
#33 /Users/rahmattanri/Documents/Project Code/raporppsr-deploy/vendor/laravel/framework/src/Illuminate/Foundation/Http/Middleware/TransformsRequest.php(21): Illuminate\\Pipeline\\Pipeline->{closure:{closure:Illuminate\\Pipeline\\Pipeline::carry():194}:195}(Object(Illuminate\\Http\\Request))
#34 /Users/rahmattanri/Documents/Project Code/raporppsr-deploy/vendor/laravel/framework/src/Illuminate/Foundation/Http/Middleware/ConvertEmptyStringsToNull.php(31): Illuminate\\Foundation\\Http\\Middleware\\TransformsRequest->handle(Object(Illuminate\\Http\\Request), Object(Closure))
#35 /Users/rahmattanri/Documents/Project Code/raporppsr-deploy/vendor/laravel/framework/src/Illuminate/Pipeline/Pipeline.php(219): Illuminate\\Foundation\\Http\\Middleware\\ConvertEmptyStringsToNull->handle(Object(Illuminate\\Http\\Request), Object(Closure))
#36 /Users/rahmattanri/Documents/Project Code/raporppsr-deploy/vendor/laravel/framework/src/Illuminate/Foundation/Http/Middleware/TransformsRequest.php(21): Illuminate\\Pipeline\\Pipeline->{closure:{closure:Illuminate\\Pipeline\\Pipeline::carry():194}:195}(Object(Illuminate\\Http\\Request))
#37 /Users/rahmattanri/Documents/Project Code/raporppsr-deploy/vendor/laravel/framework/src/Illuminate/Foundation/Http/Middleware/TrimStrings.php(51): Illuminate\\Foundation\\Http\\Middleware\\TransformsRequest->handle(Object(Illuminate\\Http\\Request), Object(Closure))
#38 /Users/rahmattanri/Documents/Project Code/raporppsr-deploy/vendor/laravel/framework/src/Illuminate/Pipeline/Pipeline.php(219): Illuminate\\Foundation\\Http\\Middleware\\TrimStrings->handle(Object(Illuminate\\Http\\Request), Object(Closure))
#39 /Users/rahmattanri/Documents/Project Code/raporppsr-deploy/vendor/laravel/framework/src/Illuminate/Http/Middleware/ValidatePostSize.php(27): Illuminate\\Pipeline\\Pipeline->{closure:{closure:Illuminate\\Pipeline\\Pipeline::carry():194}:195}(Object(Illuminate\\Http\\Request))
#40 /Users/rahmattanri/Documents/Project Code/raporppsr-deploy/vendor/laravel/framework/src/Illuminate/Pipeline/Pipeline.php(219): Illuminate\\Http\\Middleware\\ValidatePostSize->handle(Object(Illuminate\\Http\\Request), Object(Closure))
#41 /Users/rahmattanri/Documents/Project Code/raporppsr-deploy/vendor/laravel/framework/src/Illuminate/Foundation/Http/Middleware/PreventRequestsDuringMaintenance.php(109): Illuminate\\Pipeline\\Pipeline->{closure:{closure:Illuminate\\Pipeline\\Pipeline::carry():194}:195}(Object(Illuminate\\Http\\Request))
#42 /Users/rahmattanri/Documents/Project Code/raporppsr-deploy/vendor/laravel/framework/src/Illuminate/Pipeline/Pipeline.php(219): Illuminate\\Foundation\\Http\\Middleware\\PreventRequestsDuringMaintenance->handle(Object(Illuminate\\Http\\Request), Object(Closure))
#43 /Users/rahmattanri/Documents/Project Code/raporppsr-deploy/vendor/laravel/framework/src/Illuminate/Http/Middleware/HandleCors.php(61): Illuminate\\Pipeline\\Pipeline->{closure:{closure:Illuminate\\Pipeline\\Pipeline::carry():194}:195}(Object(Illuminate\\Http\\Request))
#44 /Users/rahmattanri/Documents/Project Code/raporppsr-deploy/vendor/laravel/framework/src/Illuminate/Pipeline/Pipeline.php(219): Illuminate\\Http\\Middleware\\HandleCors->handle(Object(Illuminate\\Http\\Request), Object(Closure))
#45 /Users/rahmattanri/Documents/Project Code/raporppsr-deploy/vendor/laravel/framework/src/Illuminate/Http/Middleware/TrustProxies.php(58): Illuminate\\Pipeline\\Pipeline->{closure:{closure:Illuminate\\Pipeline\\Pipeline::carry():194}:195}(Object(Illuminate\\Http\\Request))
#46 /Users/rahmattanri/Documents/Project Code/raporppsr-deploy/vendor/laravel/framework/src/Illuminate/Pipeline/Pipeline.php(219): Illuminate\\Http\\Middleware\\TrustProxies->handle(Object(Illuminate\\Http\\Request), Object(Closure))
#47 /Users/rahmattanri/Documents/Project Code/raporppsr-deploy/vendor/laravel/framework/src/Illuminate/Foundation/Http/Middleware/InvokeDeferredCallbacks.php(22): Illuminate\\Pipeline\\Pipeline->{closure:{closure:Illuminate\\Pipeline\\Pipeline::carry():194}:195}(Object(Illuminate\\Http\\Request))
#48 /Users/rahmattanri/Documents/Project Code/raporppsr-deploy/vendor/laravel/framework/src/Illuminate/Pipeline/Pipeline.php(219): Illuminate\\Foundation\\Http\\Middleware\\InvokeDeferredCallbacks->handle(Object(Illuminate\\Http\\Request), Object(Closure))
#49 /Users/rahmattanri/Documents/Project Code/raporppsr-deploy/vendor/laravel/framework/src/Illuminate/Http/Middleware/ValidatePathEncoding.php(26): Illuminate\\Pipeline\\Pipeline->{closure:{closure:Illuminate\\Pipeline\\Pipeline::carry():194}:195}(Object(Illuminate\\Http\\Request))
#50 /Users/rahmattanri/Documents/Project Code/raporppsr-deploy/vendor/laravel/framework/src/Illuminate/Pipeline/Pipeline.php(219): Illuminate\\Http\\Middleware\\ValidatePathEncoding->handle(Object(Illuminate\\Http\\Request), Object(Closure))
#51 /Users/rahmattanri/Documents/Project Code/raporppsr-deploy/vendor/laravel/framework/src/Illuminate/Pipeline/Pipeline.php(137): Illuminate\\Pipeline\\Pipeline->{closure:{closure:Illuminate\\Pipeline\\Pipeline::carry():194}:195}(Object(Illuminate\\Http\\Request))
#52 /Users/rahmattanri/Documents/Project Code/raporppsr-deploy/vendor/laravel/framework/src/Illuminate/Foundation/Http/Kernel.php(175): Illuminate\\Pipeline\\Pipeline->then(Object(Closure))
#53 /Users/rahmattanri/Documents/Project Code/raporppsr-deploy/vendor/laravel/framework/src/Illuminate/Foundation/Http/Kernel.php(144): Illuminate\\Foundation\\Http\\Kernel->sendRequestThroughRouter(Object(Illuminate\\Http\\Request))
#54 /Users/rahmattanri/Documents/Project Code/raporppsr-deploy/vendor/laravel/framework/src/Illuminate/Foundation/Application.php(1220): Illuminate\\Foundation\\Http\\Kernel->handle(Object(Illuminate\\Http\\Request))
#55 /Users/rahmattanri/Documents/Project Code/raporppsr-deploy/public/index.php(20): Illuminate\\Foundation\\Application->handleRequest(Object(Illuminate\\Http\\Request))
#56 /Users/rahmattanri/Documents/Project Code/raporppsr-deploy/vendor/laravel/framework/src/Illuminate/Foundation/resources/server.php(23): require_once('/Users/rahmatta...')
#57 {main}

[previous exception] [object] (PDOException(code: 2002): SQLSTATE[HY000] [2002] Connection refused at /Users/rahmattanri/Documents/Project Code/raporppsr-deploy/vendor/laravel/framework/src/Illuminate/Database/Connectors/Connector.php:67)
[stacktrace]
#0 /Users/rahmattanri/Documents/Project Code/raporppsr-deploy/vendor/laravel/framework/src/Illuminate/Database/Connectors/Connector.php(67): PDO::connect('mysql:host=127....', 'root', Object(SensitiveParameterValue), Array)
#1 /Users/rahmattanri/Documents/Project Code/raporppsr-deploy/vendor/laravel/framework/src/Illuminate/Database/Connectors/Connector.php(85): Illuminate\\Database\\Connectors\\Connector->createPdoConnection('mysql:host=127....', 'root', Object(SensitiveParameterValue), Array)
#2 /Users/rahmattanri/Documents/Project Code/raporppsr-deploy/vendor/laravel/framework/src/Illuminate/Database/Connectors/Connector.php(48): Illuminate\\Database\\Connectors\\Connector->tryAgainIfCausedByLostConnection(Object(PDOException), 'mysql:host=127....', 'root', Object(SensitiveParameterValue), Array)
#3 /Users/rahmattanri/Documents/Project Code/raporppsr-deploy/vendor/laravel/framework/src/Illuminate/Database/Connectors/MySqlConnector.php(24): Illuminate\\Database\\Connectors\\Connector->createConnection('mysql:host=127....', Array, Array)
#4 /Users/rahmattanri/Documents/Project Code/raporppsr-deploy/vendor/laravel/framework/src/Illuminate/Database/Connectors/ConnectionFactory.php(186): Illuminate\\Database\\Connectors\\MySqlConnector->connect(Array)
#5 [internal function]: Illuminate\\Database\\Connectors\\ConnectionFactory->{closure:Illuminate\\Database\\Connectors\\ConnectionFactory::createPdoResolverWithHosts():181}()
#6 /Users/rahmattanri/Documents/Project Code/raporppsr-deploy/vendor/laravel/framework/src/Illuminate/Database/Connection.php(1257): call_user_func(Object(Closure))
#7 /Users/rahmattanri/Documents/Project Code/raporppsr-deploy/vendor/laravel/framework/src/Illuminate/Database/Connection.php(525): Illuminate\\Database\\Connection->getPdo()
#8 /Users/rahmattanri/Documents/Project Code/raporppsr-deploy/vendor/laravel/framework/src/Illuminate/Database/Connection.php(420): Illuminate\\Database\\Connection->getPdoForSelect(false)
#9 /Users/rahmattanri/Documents/Project Code/raporppsr-deploy/vendor/laravel/framework/src/Illuminate/Database/Connection.php(827): Illuminate\\Database\\Connection->{closure:Illuminate\\Database\\Connection::select():411}('select * from `...', Array)
#10 /Users/rahmattanri/Documents/Project Code/raporppsr-deploy/vendor/laravel/framework/src/Illuminate/Database/Connection.php(999): Illuminate\\Database\\Connection->runQueryCallback('select * from `...', Array, Object(Closure))
#11 /Users/rahmattanri/Documents/Project Code/raporppsr-deploy/vendor/laravel/framework/src/Illuminate/Database/Connection.php(978): Illuminate\\Database\\Connection->tryAgainIfCausedByLostConnection(Object(Illuminate\\Database\\QueryException), 'select * from `...', Array, Object(Closure))
#12 /Users/rahmattanri/Documents/Project Code/raporppsr-deploy/vendor/laravel/framework/src/Illuminate/Database/Connection.php(796): Illuminate\\Database\\Connection->handleQueryException(Object(Illuminate\\Database\\QueryException), 'select * from `...', Array, Object(Closure))
#13 /Users/rahmattanri/Documents/Project Code/raporppsr-deploy/vendor/laravel/framework/src/Illuminate/Database/Connection.php(411): Illuminate\\Database\\Connection->run('select * from `...', Array, Object(Closure))
#14 /Users/rahmattanri/Documents/Project Code/raporppsr-deploy/vendor/laravel/framework/src/Illuminate/Database/Query/Builder.php(3389): Illuminate\\Database\\Connection->select('select * from `...', Array, false)
#15 /Users/rahmattanri/Documents/Project Code/raporppsr-deploy/vendor/laravel/framework/src/Illuminate/Database/Query/Builder.php(3374): Illuminate\\Database\\Query\\Builder->runSelect()
#16 /Users/rahmattanri/Documents/Project Code/raporppsr-deploy/vendor/laravel/framework/src/Illuminate/Database/Query/Builder.php(3964): Illuminate\\Database\\Query\\Builder->{closure:Illuminate\\Database\\Query\\Builder::get():3373}()
#17 /Users/rahmattanri/Documents/Project Code/raporppsr-deploy/vendor/laravel/framework/src/Illuminate/Database/Query/Builder.php(3373): Illuminate\\Database\\Query\\Builder->onceWithColumns(Array, Object(Closure))
#18 /Users/rahmattanri/Documents/Project Code/raporppsr-deploy/vendor/laravel/framework/src/Illuminate/Database/Concerns/BuildsQueries.php(366): Illuminate\\Database\\Query\\Builder->get(Array)
#19 /Users/rahmattanri/Documents/Project Code/raporppsr-deploy/vendor/laravel/framework/src/Illuminate/Database/Query/Builder.php(3296): Illuminate\\Database\\Query\\Builder->first(Array)
#20 /Users/rahmattanri/Documents/Project Code/raporppsr-deploy/vendor/laravel/framework/src/Illuminate/Session/DatabaseSessionHandler.php(96): Illuminate\\Database\\Query\\Builder->find('he6okuIFHRePVwJ...')
#21 /Users/rahmattanri/Documents/Project Code/raporppsr-deploy/vendor/laravel/framework/src/Illuminate/Session/Store.php(128): Illuminate\\Session\\DatabaseSessionHandler->read('he6okuIFHRePVwJ...')
#22 /Users/rahmattanri/Documents/Project Code/raporppsr-deploy/vendor/laravel/framework/src/Illuminate/Session/Store.php(116): Illuminate\\Session\\Store->readFromHandler()
#23 /Users/rahmattanri/Documents/Project Code/raporppsr-deploy/vendor/laravel/framework/src/Illuminate/Session/Store.php(100): Illuminate\\Session\\Store->loadSession()
#24 /Users/rahmattanri/Documents/Project Code/raporppsr-deploy/vendor/laravel/framework/src/Illuminate/Session/Middleware/StartSession.php(146): Illuminate\\Session\\Store->start()
#25 /Users/rahmattanri/Documents/Project Code/raporppsr-deploy/vendor/laravel/framework/src/Illuminate/Support/helpers.php(390): Illuminate\\Session\\Middleware\\StartSession->{closure:Illuminate\\Session\\Middleware\\StartSession::startSession():143}(Object(Illuminate\\Session\\Store))
#26 /Users/rahmattanri/Documents/Project Code/raporppsr-deploy/vendor/laravel/framework/src/Illuminate/Session/Middleware/StartSession.php(143): tap(Object(Illuminate\\Session\\Store), Object(Closure))
#27 /Users/rahmattanri/Documents/Project Code/raporppsr-deploy/vendor/laravel/framework/src/Illuminate/Session/Middleware/StartSession.php(115): Illuminate\\Session\\Middleware\\StartSession->startSession(Object(Illuminate\\Http\\Request), Object(Illuminate\\Session\\Store))
#28 /Users/rahmattanri/Documents/Project Code/raporppsr-deploy/vendor/laravel/framework/src/Illuminate/Session/Middleware/StartSession.php(63): Illuminate\\Session\\Middleware\\StartSession->handleStatefulRequest(Object(Illuminate\\Http\\Request), Object(Illuminate\\Session\\Store), Object(Closure))
#29 /Users/rahmattanri/Documents/Project Code/raporppsr-deploy/vendor/laravel/framework/src/Illuminate/Pipeline/Pipeline.php(219): Illuminate\\Session\\Middleware\\StartSession->handle(Object(Illuminate\\Http\\Request), Object(Closure))
#30 /Users/rahmattanri/Documents/Project Code/raporppsr-deploy/vendor/laravel/framework/src/Illuminate/Cookie/Middleware/AddQueuedCookiesToResponse.php(36): Illuminate\\Pipeline\\Pipeline->{closure:{closure:Illuminate\\Pipeline\\Pipeline::carry():194}:195}(Object(Illuminate\\Http\\Request))
#31 /Users/rahmattanri/Documents/Project Code/raporppsr-deploy/vendor/laravel/framework/src/Illuminate/Pipeline/Pipeline.php(219): Illuminate\\Cookie\\Middleware\\AddQueuedCookiesToResponse->handle(Object(Illuminate\\Http\\Request), Object(Closure))
#32 /Users/rahmattanri/Documents/Project Code/raporppsr-deploy/vendor/laravel/framework/src/Illuminate/Cookie/Middleware/EncryptCookies.php(74): Illuminate\\Pipeline\\Pipeline->{closure:{closure:Illuminate\\Pipeline\\Pipeline::carry():194}:195}(Object(Illuminate\\Http\\Request))
#33 /Users/rahmattanri/Documents/Project Code/raporppsr-deploy/vendor/laravel/framework/src/Illuminate/Pipeline/Pipeline.php(219): Illuminate\\Cookie\\Middleware\\EncryptCookies->handle(Object(Illuminate\\Http\\Request), Object(Closure))
#34 /Users/rahmattanri/Documents/Project Code/raporppsr-deploy/vendor/laravel/framework/src/Illuminate/Pipeline/Pipeline.php(137): Illuminate\\Pipeline\\Pipeline->{closure:{closure:Illuminate\\Pipeline\\Pipeline::carry():194}:195}(Object(Illuminate\\Http\\Request))
#35 /Users/rahmattanri/Documents/Project Code/raporppsr-deploy/vendor/laravel/framework/src/Illuminate/Routing/Router.php(821): Illuminate\\Pipeline\\Pipeline->then(Object(Closure))
#36 /Users/rahmattanri/Documents/Project Code/raporppsr-deploy/vendor/laravel/framework/src/Illuminate/Routing/Router.php(800): Illuminate\\Routing\\Router->runRouteWithinStack(Object(Illuminate\\Routing\\Route), Object(Illuminate\\Http\\Request))
#37 /Users/rahmattanri/Documents/Project Code/raporppsr-deploy/vendor/laravel/framework/src/Illuminate/Routing/Router.php(764): Illuminate\\Routing\\Router->runRoute(Object(Illuminate\\Http\\Request), Object(Illuminate\\Routing\\Route))
#38 /Users/rahmattanri/Documents/Project Code/raporppsr-deploy/vendor/laravel/framework/src/Illuminate/Routing/Router.php(753): Illuminate\\Routing\\Router->dispatchToRoute(Object(Illuminate\\Http\\Request))
#39 /Users/rahmattanri/Documents/Project Code/raporppsr-deploy/vendor/laravel/framework/src/Illuminate/Foundation/Http/Kernel.php(200): Illuminate\\Routing\\Router->dispatch(Object(Illuminate\\Http\\Request))
#40 /Users/rahmattanri/Documents/Project Code/raporppsr-deploy/vendor/laravel/framework/src/Illuminate/Pipeline/Pipeline.php(180): Illuminate\\Foundation\\Http\\Kernel->{closure:Illuminate\\Foundation\\Http\\Kernel::dispatchToRouter():197}(Object(Illuminate\\Http\\Request))
#41 /Users/rahmattanri/Documents/Project Code/raporppsr-deploy/vendor/livewire/livewire/src/Features/SupportDisablingBackButtonCache/DisableBackButtonCacheMiddleware.php(19): Illuminate\\Pipeline\\Pipeline->{closure:Illuminate\\Pipeline\\Pipeline::prepareDestination():178}(Object(Illuminate\\Http\\Request))
#42 /Users/rahmattanri/Documents/Project Code/raporppsr-deploy/vendor/laravel/framework/src/Illuminate/Pipeline/Pipeline.php(219): Livewire\\Features\\SupportDisablingBackButtonCache\\DisableBackButtonCacheMiddleware->handle(Object(Illuminate\\Http\\Request), Object(Closure))
#43 /Users/rahmattanri/Documents/Project Code/raporppsr-deploy/vendor/laravel/framework/src/Illuminate/Foundation/Http/Middleware/TransformsRequest.php(21): Illuminate\\Pipeline\\Pipeline->{closure:{closure:Illuminate\\Pipeline\\Pipeline::carry():194}:195}(Object(Illuminate\\Http\\Request))
#44 /Users/rahmattanri/Documents/Project Code/raporppsr-deploy/vendor/laravel/framework/src/Illuminate/Foundation/Http/Middleware/ConvertEmptyStringsToNull.php(31): Illuminate\\Foundation\\Http\\Middleware\\TransformsRequest->handle(Object(Illuminate\\Http\\Request), Object(Closure))
#45 /Users/rahmattanri/Documents/Project Code/raporppsr-deploy/vendor/laravel/framework/src/Illuminate/Pipeline/Pipeline.php(219): Illuminate\\Foundation\\Http\\Middleware\\ConvertEmptyStringsToNull->handle(Object(Illuminate\\Http\\Request), Object(Closure))
#46 /Users/rahmattanri/Documents/Project Code/raporppsr-deploy/vendor/laravel/framework/src/Illuminate/Foundation/Http/Middleware/TransformsRequest.php(21): Illuminate\\Pipeline\\Pipeline->{closure:{closure:Illuminate\\Pipeline\\Pipeline::carry():194}:195}(Object(Illuminate\\Http\\Request))
#47 /Users/rahmattanri/Documents/Project Code/raporppsr-deploy/vendor/laravel/framework/src/Illuminate/Foundation/Http/Middleware/TrimStrings.php(51): Illuminate\\Foundation\\Http\\Middleware\\TransformsRequest->handle(Object(Illuminate\\Http\\Request), Object(Closure))
#48 /Users/rahmattanri/Documents/Project Code/raporppsr-deploy/vendor/laravel/framework/src/Illuminate/Pipeline/Pipeline.php(219): Illuminate\\Foundation\\Http\\Middleware\\TrimStrings->handle(Object(Illuminate\\Http\\Request), Object(Closure))
#49 /Users/rahmattanri/Documents/Project Code/raporppsr-deploy/vendor/laravel/framework/src/Illuminate/Http/Middleware/ValidatePostSize.php(27): Illuminate\\Pipeline\\Pipeline->{closure:{closure:Illuminate\\Pipeline\\Pipeline::carry():194}:195}(Object(Illuminate\\Http\\Request))
#50 /Users/rahmattanri/Documents/Project Code/raporppsr-deploy/vendor/laravel/framework/src/Illuminate/Pipeline/Pipeline.php(219): Illuminate\\Http\\Middleware\\ValidatePostSize->handle(Object(Illuminate\\Http\\Request), Object(Closure))
#51 /Users/rahmattanri/Documents/Project Code/raporppsr-deploy/vendor/laravel/framework/src/Illuminate/Foundation/Http/Middleware/PreventRequestsDuringMaintenance.php(109): Illuminate\\Pipeline\\Pipeline->{closure:{closure:Illuminate\\Pipeline\\Pipeline::carry():194}:195}(Object(Illuminate\\Http\\Request))
#52 /Users/rahmattanri/Documents/Project Code/raporppsr-deploy/vendor/laravel/framework/src/Illuminate/Pipeline/Pipeline.php(219): Illuminate\\Foundation\\Http\\Middleware\\PreventRequestsDuringMaintenance->handle(Object(Illuminate\\Http\\Request), Object(Closure))
#53 /Users/rahmattanri/Documents/Project Code/raporppsr-deploy/vendor/laravel/framework/src/Illuminate/Http/Middleware/HandleCors.php(61): Illuminate\\Pipeline\\Pipeline->{closure:{closure:Illuminate\\Pipeline\\Pipeline::carry():194}:195}(Object(Illuminate\\Http\\Request))
#54 /Users/rahmattanri/Documents/Project Code/raporppsr-deploy/vendor/laravel/framework/src/Illuminate/Pipeline/Pipeline.php(219): Illuminate\\Http\\Middleware\\HandleCors->handle(Object(Illuminate\\Http\\Request), Object(Closure))
#55 /Users/rahmattanri/Documents/Project Code/raporppsr-deploy/vendor/laravel/framework/src/Illuminate/Http/Middleware/TrustProxies.php(58): Illuminate\\Pipeline\\Pipeline->{closure:{closure:Illuminate\\Pipeline\\Pipeline::carry():194}:195}(Object(Illuminate\\Http\\Request))
#56 /Users/rahmattanri/Documents/Project Code/raporppsr-deploy/vendor/laravel/framework/src/Illuminate/Pipeline/Pipeline.php(219): Illuminate\\Http\\Middleware\\TrustProxies->handle(Object(Illuminate\\Http\\Request), Object(Closure))
#57 /Users/rahmattanri/Documents/Project Code/raporppsr-deploy/vendor/laravel/framework/src/Illuminate/Foundation/Http/Middleware/InvokeDeferredCallbacks.php(22): Illuminate\\Pipeline\\Pipeline->{closure:{closure:Illuminate\\Pipeline\\Pipeline::carry():194}:195}(Object(Illuminate\\Http\\Request))
#58 /Users/rahmattanri/Documents/Project Code/raporppsr-deploy/vendor/laravel/framework/src/Illuminate/Pipeline/Pipeline.php(219): Illuminate\\Foundation\\Http\\Middleware\\InvokeDeferredCallbacks->handle(Object(Illuminate\\Http\\Request), Object(Closure))
#59 /Users/rahmattanri/Documents/Project Code/raporppsr-deploy/vendor/laravel/framework/src/Illuminate/Http/Middleware/ValidatePathEncoding.php(26): Illuminate\\Pipeline\\Pipeline->{closure:{closure:Illuminate\\Pipeline\\Pipeline::carry():194}:195}(Object(Illuminate\\Http\\Request))
#60 /Users/rahmattanri/Documents/Project Code/raporppsr-deploy/vendor/laravel/framework/src/Illuminate/Pipeline/Pipeline.php(219): Illuminate\\Http\\Middleware\\ValidatePathEncoding->handle(Object(Illuminate\\Http\\Request), Object(Closure))
#61 /Users/rahmattanri/Documents/Project Code/raporppsr-deploy/vendor/laravel/framework/src/Illuminate/Pipeline/Pipeline.php(137): Illuminate\\Pipeline\\Pipeline->{closure:{closure:Illuminate\\Pipeline\\Pipeline::carry():194}:195}(Object(Illuminate\\Http\\Request))
#62 /Users/rahmattanri/Documents/Project Code/raporppsr-deploy/vendor/laravel/framework/src/Illuminate/Foundation/Http/Kernel.php(175): Illuminate\\Pipeline\\Pipeline->then(Object(Closure))
#63 /Users/rahmattanri/Documents/Project Code/raporppsr-deploy/vendor/laravel/framework/src/Illuminate/Foundation/Http/Kernel.php(144): Illuminate\\Foundation\\Http\\Kernel->sendRequestThroughRouter(Object(Illuminate\\Http\\Request))
#64 /Users/rahmattanri/Documents/Project Code/raporppsr-deploy/vendor/laravel/framework/src/Illuminate/Foundation/Application.php(1220): Illuminate\\Foundation\\Http\\Kernel->handle(Object(Illuminate\\Http\\Request))
#65 /Users/rahmattanri/Documents/Project Code/raporppsr-deploy/public/index.php(20): Illuminate\\Foundation\\Application->handleRequest(Object(Illuminate\\Http\\Request))
#66 /Users/rahmattanri/Documents/Project Code/raporppsr-deploy/vendor/laravel/framework/src/Illuminate/Foundation/resources/server.php(23): require_once('/Users/rahmatta...')
#67 {main}
"} 
[2026-04-07 04:05:08] local.ERROR: SQLSTATE[HY000] [2002] Connection refused (Connection: mysql, Host: 127.0.0.1, Port: 3306, Database: raporappdeploy, SQL: select * from `sessions` where `id` = tpjC2HpUYLfilKRZPRZpK7cNERgjaJA4h2SbD0R9 limit 1) {"exception":"[object] (Illuminate\\Database\\QueryException(code: 2002): SQLSTATE[HY000] [2002] Connection refused (Connection: mysql, Host: 127.0.0.1, Port: 3306, Database: raporappdeploy, SQL: select * from `sessions` where `id` = tpjC2HpUYLfilKRZPRZpK7cNERgjaJA4h2SbD0R9 limit 1) at /Users/rahmattanri/Documents/Project Code/raporppsr-deploy/vendor/laravel/framework/src/Illuminate/Database/Connection.php:838)
[stacktrace]
#0 /Users/rahmattanri/Documents/Project Code/raporppsr-deploy/vendor/laravel/framework/src/Illuminate/Database/Connection.php(999): Illuminate\\Database\\Connection->runQueryCallback('select * from `...', Array, Object(Closure))
#1 /Users/rahmattanri/Documents/Project Code/raporppsr-deploy/vendor/laravel/framework/src/Illuminate/Database/Connection.php(978): Illuminate\\Database\\Connection->tryAgainIfCausedByLostConnection(Object(Illuminate\\Database\\QueryException), 'select * from `...', Array, Object(Closure))
#2 /Users/rahmattanri/Documents/Project Code/raporppsr-deploy/vendor/laravel/framework/src/Illuminate/Database/Connection.php(796): Illuminate\\Database\\Connection->handleQueryException(Object(Illuminate\\Database\\QueryException), 'select * from `...', Array, Object(Closure))
#3 /Users/rahmattanri/Documents/Project Code/raporppsr-deploy/vendor/laravel/framework/src/Illuminate/Database/Connection.php(411): Illuminate\\Database\\Connection->run('select * from `...', Array, Object(Closure))
#4 /Users/rahmattanri/Documents/Project Code/raporppsr-deploy/vendor/laravel/framework/src/Illuminate/Database/Query/Builder.php(3389): Illuminate\\Database\\Connection->select('select * from `...', Array, false)
#5 /Users/rahmattanri/Documents/Project Code/raporppsr-deploy/vendor/laravel/framework/src/Illuminate/Database/Query/Builder.php(3374): Illuminate\\Database\\Query\\Builder->runSelect()
#6 /Users/rahmattanri/Documents/Project Code/raporppsr-deploy/vendor/laravel/framework/src/Illuminate/Database/Query/Builder.php(3964): Illuminate\\Database\\Query\\Builder->{closure:Illuminate\\Database\\Query\\Builder::get():3373}()
#7 /Users/rahmattanri/Documents/Project Code/raporppsr-deploy/vendor/laravel/framework/src/Illuminate/Database/Query/Builder.php(3373): Illuminate\\Database\\Query\\Builder->onceWithColumns(Array, Object(Closure))
#8 /Users/rahmattanri/Documents/Project Code/raporppsr-deploy/vendor/laravel/framework/src/Illuminate/Database/Concerns/BuildsQueries.php(366): Illuminate\\Database\\Query\\Builder->get(Array)
#9 /Users/rahmattanri/Documents/Project Code/raporppsr-deploy/vendor/laravel/framework/src/Illuminate/Database/Query/Builder.php(3296): Illuminate\\Database\\Query\\Builder->first(Array)
#10 /Users/rahmattanri/Documents/Project Code/raporppsr-deploy/vendor/laravel/framework/src/Illuminate/Session/DatabaseSessionHandler.php(96): Illuminate\\Database\\Query\\Builder->find('tpjC2HpUYLfilKR...')
#11 /Users/rahmattanri/Documents/Project Code/raporppsr-deploy/vendor/laravel/framework/src/Illuminate/Session/Store.php(128): Illuminate\\Session\\DatabaseSessionHandler->read('tpjC2HpUYLfilKR...')
#12 /Users/rahmattanri/Documents/Project Code/raporppsr-deploy/vendor/laravel/framework/src/Illuminate/Session/Store.php(116): Illuminate\\Session\\Store->readFromHandler()
#13 /Users/rahmattanri/Documents/Project Code/raporppsr-deploy/vendor/laravel/framework/src/Illuminate/Session/Store.php(100): Illuminate\\Session\\Store->loadSession()
#14 /Users/rahmattanri/Documents/Project Code/raporppsr-deploy/vendor/laravel/framework/src/Illuminate/Session/Middleware/StartSession.php(146): Illuminate\\Session\\Store->start()
#15 /Users/rahmattanri/Documents/Project Code/raporppsr-deploy/vendor/laravel/framework/src/Illuminate/Support/helpers.php(390): Illuminate\\Session\\Middleware\\StartSession->{closure:Illuminate\\Session\\Middleware\\StartSession::startSession():143}(Object(Illuminate\\Session\\Store))
#16 /Users/rahmattanri/Documents/Project Code/raporppsr-deploy/vendor/laravel/framework/src/Illuminate/Session/Middleware/StartSession.php(143): tap(Object(Illuminate\\Session\\Store), Object(Closure))
#17 /Users/rahmattanri/Documents/Project Code/raporppsr-deploy/vendor/laravel/framework/src/Illuminate/Session/Middleware/StartSession.php(115): Illuminate\\Session\\Middleware\\StartSession->startSession(Object(Illuminate\\Http\\Request), Object(Illuminate\\Session\\Store))
#18 /Users/rahmattanri/Documents/Project Code/raporppsr-deploy/vendor/laravel/framework/src/Illuminate/Session/Middleware/StartSession.php(63): Illuminate\\Session\\Middleware\\StartSession->handleStatefulRequest(Object(Illuminate\\Http\\Request), Object(Illuminate\\Session\\Store), Object(Closure))
#19 /Users/rahmattanri/Documents/Project Code/raporppsr-deploy/vendor/laravel/framework/src/Illuminate/Pipeline/Pipeline.php(219): Illuminate\\Session\\Middleware\\StartSession->handle(Object(Illuminate\\Http\\Request), Object(Closure))
#20 /Users/rahmattanri/Documents/Project Code/raporppsr-deploy/vendor/laravel/framework/src/Illuminate/Cookie/Middleware/AddQueuedCookiesToResponse.php(36): Illuminate\\Pipeline\\Pipeline->{closure:{closure:Illuminate\\Pipeline\\Pipeline::carry():194}:195}(Object(Illuminate\\Http\\Request))
#21 /Users/rahmattanri/Documents/Project Code/raporppsr-deploy/vendor/laravel/framework/src/Illuminate/Pipeline/Pipeline.php(219): Illuminate\\Cookie\\Middleware\\AddQueuedCookiesToResponse->handle(Object(Illuminate\\Http\\Request), Object(Closure))
#22 /Users/rahmattanri/Documents/Project Code/raporppsr-deploy/vendor/laravel/framework/src/Illuminate/Cookie/Middleware/EncryptCookies.php(74): Illuminate\\Pipeline\\Pipeline->{closure:{closure:Illuminate\\Pipeline\\Pipeline::carry():194}:195}(Object(Illuminate\\Http\\Request))
#23 /Users/rahmattanri/Documents/Project Code/raporppsr-deploy/vendor/laravel/framework/src/Illuminate/Pipeline/Pipeline.php(219): Illuminate\\Cookie\\Middleware\\EncryptCookies->handle(Object(Illuminate\\Http\\Request), Object(Closure))
#24 /Users/rahmattanri/Documents/Project Code/raporppsr-deploy/vendor/laravel/framework/src/Illuminate/Pipeline/Pipeline.php(137): Illuminate\\Pipeline\\Pipeline->{closure:{closure:Illuminate\\Pipeline\\Pipeline::carry():194}:195}(Object(Illuminate\\Http\\Request))
#25 /Users/rahmattanri/Documents/Project Code/raporppsr-deploy/vendor/laravel/framework/src/Illuminate/Routing/Router.php(821): Illuminate\\Pipeline\\Pipeline->then(Object(Closure))
#26 /Users/rahmattanri/Documents/Project Code/raporppsr-deploy/vendor/laravel/framework/src/Illuminate/Routing/Router.php(800): Illuminate\\Routing\\Router->runRouteWithinStack(Object(Illuminate\\Routing\\Route), Object(Illuminate\\Http\\Request))
#27 /Users/rahmattanri/Documents/Project Code/raporppsr-deploy/vendor/laravel/framework/src/Illuminate/Routing/Router.php(764): Illuminate\\Routing\\Router->runRoute(Object(Illuminate\\Http\\Request), Object(Illuminate\\Routing\\Route))
#28 /Users/rahmattanri/Documents/Project Code/raporppsr-deploy/vendor/laravel/framework/src/Illuminate/Routing/Router.php(753): Illuminate\\Routing\\Router->dispatchToRoute(Object(Illuminate\\Http\\Request))
#29 /Users/rahmattanri/Documents/Project Code/raporppsr-deploy/vendor/laravel/framework/src/Illuminate/Foundation/Http/Kernel.php(200): Illuminate\\Routing\\Router->dispatch(Object(Illuminate\\Http\\Request))
#30 /Users/rahmattanri/Documents/Project Code/raporppsr-deploy/vendor/laravel/framework/src/Illuminate/Pipeline/Pipeline.php(180): Illuminate\\Foundation\\Http\\Kernel->{closure:Illuminate\\Foundation\\Http\\Kernel::dispatchToRouter():197}(Object(Illuminate\\Http\\Request))
#31 /Users/rahmattanri/Documents/Project Code/raporppsr-deploy/vendor/livewire/livewire/src/Features/SupportDisablingBackButtonCache/DisableBackButtonCacheMiddleware.php(19): Illuminate\\Pipeline\\Pipeline->{closure:Illuminate\\Pipeline\\Pipeline::prepareDestination():178}(Object(Illuminate\\Http\\Request))
#32 /Users/rahmattanri/Documents/Project Code/raporppsr-deploy/vendor/laravel/framework/src/Illuminate/Pipeline/Pipeline.php(219): Livewire\\Features\\SupportDisablingBackButtonCache\\DisableBackButtonCacheMiddleware->handle(Object(Illuminate\\Http\\Request), Object(Closure))
#33 /Users/rahmattanri/Documents/Project Code/raporppsr-deploy/vendor/laravel/framework/src/Illuminate/Foundation/Http/Middleware/TransformsRequest.php(21): Illuminate\\Pipeline\\Pipeline->{closure:{closure:Illuminate\\Pipeline\\Pipeline::carry():194}:195}(Object(Illuminate\\Http\\Request))
#34 /Users/rahmattanri/Documents/Project Code/raporppsr-deploy/vendor/laravel/framework/src/Illuminate/Foundation/Http/Middleware/ConvertEmptyStringsToNull.php(31): Illuminate\\Foundation\\Http\\Middleware\\TransformsRequest->handle(Object(Illuminate\\Http\\Request), Object(Closure))
#35 /Users/rahmattanri/Documents/Project Code/raporppsr-deploy/vendor/laravel/framework/src/Illuminate/Pipeline/Pipeline.php(219): Illuminate\\Foundation\\Http\\Middleware\\ConvertEmptyStringsToNull->handle(Object(Illuminate\\Http\\Request), Object(Closure))
#36 /Users/rahmattanri/Documents/Project Code/raporppsr-deploy/vendor/laravel/framework/src/Illuminate/Foundation/Http/Middleware/TransformsRequest.php(21): Illuminate\\Pipeline\\Pipeline->{closure:{closure:Illuminate\\Pipeline\\Pipeline::carry():194}:195}(Object(Illuminate\\Http\\Request))
#37 /Users/rahmattanri/Documents/Project Code/raporppsr-deploy/vendor/laravel/framework/src/Illuminate/Foundation/Http/Middleware/TrimStrings.php(51): Illuminate\\Foundation\\Http\\Middleware\\TransformsRequest->handle(Object(Illuminate\\Http\\Request), Object(Closure))
#38 /Users/rahmattanri/Documents/Project Code/raporppsr-deploy/vendor/laravel/framework/src/Illuminate/Pipeline/Pipeline.php(219): Illuminate\\Foundation\\Http\\Middleware\\TrimStrings->handle(Object(Illuminate\\Http\\Request), Object(Closure))
#39 /Users/rahmattanri/Documents/Project Code/raporppsr-deploy/vendor/laravel/framework/src/Illuminate/Http/Middleware/ValidatePostSize.php(27): Illuminate\\Pipeline\\Pipeline->{closure:{closure:Illuminate\\Pipeline\\Pipeline::carry():194}:195}(Object(Illuminate\\Http\\Request))
#40 /Users/rahmattanri/Documents/Project Code/raporppsr-deploy/vendor/laravel/framework/src/Illuminate/Pipeline/Pipeline.php(219): Illuminate\\Http\\Middleware\\ValidatePostSize->handle(Object(Illuminate\\Http\\Request), Object(Closure))
#41 /Users/rahmattanri/Documents/Project Code/raporppsr-deploy/vendor/laravel/framework/src/Illuminate/Foundation/Http/Middleware/PreventRequestsDuringMaintenance.php(109): Illuminate\\Pipeline\\Pipeline->{closure:{closure:Illuminate\\Pipeline\\Pipeline::carry():194}:195}(Object(Illuminate\\Http\\Request))
#42 /Users/rahmattanri/Documents/Project Code/raporppsr-deploy/vendor/laravel/framework/src/Illuminate/Pipeline/Pipeline.php(219): Illuminate\\Foundation\\Http\\Middleware\\PreventRequestsDuringMaintenance->handle(Object(Illuminate\\Http\\Request), Object(Closure))
#43 /Users/rahmattanri/Documents/Project Code/raporppsr-deploy/vendor/laravel/framework/src/Illuminate/Http/Middleware/HandleCors.php(61): Illuminate\\Pipeline\\Pipeline->{closure:{closure:Illuminate\\Pipeline\\Pipeline::carry():194}:195}(Object(Illuminate\\Http\\Request))
#44 /Users/rahmattanri/Documents/Project Code/raporppsr-deploy/vendor/laravel/framework/src/Illuminate/Pipeline/Pipeline.php(219): Illuminate\\Http\\Middleware\\HandleCors->handle(Object(Illuminate\\Http\\Request), Object(Closure))
#45 /Users/rahmattanri/Documents/Project Code/raporppsr-deploy/vendor/laravel/framework/src/Illuminate/Http/Middleware/TrustProxies.php(58): Illuminate\\Pipeline\\Pipeline->{closure:{closure:Illuminate\\Pipeline\\Pipeline::carry():194}:195}(Object(Illuminate\\Http\\Request))
#46 /Users/rahmattanri/Documents/Project Code/raporppsr-deploy/vendor/laravel/framework/src/Illuminate/Pipeline/Pipeline.php(219): Illuminate\\Http\\Middleware\\TrustProxies->handle(Object(Illuminate\\Http\\Request), Object(Closure))
#47 /Users/rahmattanri/Documents/Project Code/raporppsr-deploy/vendor/laravel/framework/src/Illuminate/Foundation/Http/Middleware/InvokeDeferredCallbacks.php(22): Illuminate\\Pipeline\\Pipeline->{closure:{closure:Illuminate\\Pipeline\\Pipeline::carry():194}:195}(Object(Illuminate\\Http\\Request))
#48 /Users/rahmattanri/Documents/Project Code/raporppsr-deploy/vendor/laravel/framework/src/Illuminate/Pipeline/Pipeline.php(219): Illuminate\\Foundation\\Http\\Middleware\\InvokeDeferredCallbacks->handle(Object(Illuminate\\Http\\Request), Object(Closure))
#49 /Users/rahmattanri/Documents/Project Code/raporppsr-deploy/vendor/laravel/framework/src/Illuminate/Http/Middleware/ValidatePathEncoding.php(26): Illuminate\\Pipeline\\Pipeline->{closure:{closure:Illuminate\\Pipeline\\Pipeline::carry():194}:195}(Object(Illuminate\\Http\\Request))
#50 /Users/rahmattanri/Documents/Project Code/raporppsr-deploy/vendor/laravel/framework/src/Illuminate/Pipeline/Pipeline.php(219): Illuminate\\Http\\Middleware\\ValidatePathEncoding->handle(Object(Illuminate\\Http\\Request), Object(Closure))
#51 /Users/rahmattanri/Documents/Project Code/raporppsr-deploy/vendor/laravel/framework/src/Illuminate/Pipeline/Pipeline.php(137): Illuminate\\Pipeline\\Pipeline->{closure:{closure:Illuminate\\Pipeline\\Pipeline::carry():194}:195}(Object(Illuminate\\Http\\Request))
#52 /Users/rahmattanri/Documents/Project Code/raporppsr-deploy/vendor/laravel/framework/src/Illuminate/Foundation/Http/Kernel.php(175): Illuminate\\Pipeline\\Pipeline->then(Object(Closure))
#53 /Users/rahmattanri/Documents/Project Code/raporppsr-deploy/vendor/laravel/framework/src/Illuminate/Foundation/Http/Kernel.php(144): Illuminate\\Foundation\\Http\\Kernel->sendRequestThroughRouter(Object(Illuminate\\Http\\Request))
#54 /Users/rahmattanri/Documents/Project Code/raporppsr-deploy/vendor/laravel/framework/src/Illuminate/Foundation/Application.php(1220): Illuminate\\Foundation\\Http\\Kernel->handle(Object(Illuminate\\Http\\Request))
#55 /Users/rahmattanri/Documents/Project Code/raporppsr-deploy/public/index.php(20): Illuminate\\Foundation\\Application->handleRequest(Object(Illuminate\\Http\\Request))
#56 /Users/rahmattanri/Documents/Project Code/raporppsr-deploy/vendor/laravel/framework/src/Illuminate/Foundation/resources/server.php(23): require_once('/Users/rahmatta...')
#57 {main}

[previous exception] [object] (PDOException(code: 2002): SQLSTATE[HY000] [2002] Connection refused at /Users/rahmattanri/Documents/Project Code/raporppsr-deploy/vendor/laravel/framework/src/Illuminate/Database/Connectors/Connector.php:67)
[stacktrace]
#0 /Users/rahmattanri/Documents/Project Code/raporppsr-deploy/vendor/laravel/framework/src/Illuminate/Database/Connectors/Connector.php(67): PDO::connect('mysql:host=127....', 'root', Object(SensitiveParameterValue), Array)
#1 /Users/rahmattanri/Documents/Project Code/raporppsr-deploy/vendor/laravel/framework/src/Illuminate/Database/Connectors/Connector.php(85): Illuminate\\Database\\Connectors\\Connector->createPdoConnection('mysql:host=127....', 'root', Object(SensitiveParameterValue), Array)
#2 /Users/rahmattanri/Documents/Project Code/raporppsr-deploy/vendor/laravel/framework/src/Illuminate/Database/Connectors/Connector.php(48): Illuminate\\Database\\Connectors\\Connector->tryAgainIfCausedByLostConnection(Object(PDOException), 'mysql:host=127....', 'root', Object(SensitiveParameterValue), Array)
#3 /Users/rahmattanri/Documents/Project Code/raporppsr-deploy/vendor/laravel/framework/src/Illuminate/Database/Connectors/MySqlConnector.php(24): Illuminate\\Database\\Connectors\\Connector->createConnection('mysql:host=127....', Array, Array)
#4 /Users/rahmattanri/Documents/Project Code/raporppsr-deploy/vendor/laravel/framework/src/Illuminate/Database/Connectors/ConnectionFactory.php(186): Illuminate\\Database\\Connectors\\MySqlConnector->connect(Array)
#5 [internal function]: Illuminate\\Database\\Connectors\\ConnectionFactory->{closure:Illuminate\\Database\\Connectors\\ConnectionFactory::createPdoResolverWithHosts():181}()
#6 /Users/rahmattanri/Documents/Project Code/raporppsr-deploy/vendor/laravel/framework/src/Illuminate/Database/Connection.php(1257): call_user_func(Object(Closure))
#7 /Users/rahmattanri/Documents/Project Code/raporppsr-deploy/vendor/laravel/framework/src/Illuminate/Database/Connection.php(525): Illuminate\\Database\\Connection->getPdo()
#8 /Users/rahmattanri/Documents/Project Code/raporppsr-deploy/vendor/laravel/framework/src/Illuminate/Database/Connection.php(420): Illuminate\\Database\\Connection->getPdoForSelect(false)
#9 /Users/rahmattanri/Documents/Project Code/raporppsr-deploy/vendor/laravel/framework/src/Illuminate/Database/Connection.php(827): Illuminate\\Database\\Connection->{closure:Illuminate\\Database\\Connection::select():411}('select * from `...', Array)
#10 /Users/rahmattanri/Documents/Project Code/raporppsr-deploy/vendor/laravel/framework/src/Illuminate/Database/Connection.php(999): Illuminate\\Database\\Connection->runQueryCallback('select * from `...', Array, Object(Closure))
#11 /Users/rahmattanri/Documents/Project Code/raporppsr-deploy/vendor/laravel/framework/src/Illuminate/Database/Connection.php(978): Illuminate\\Database\\Connection->tryAgainIfCausedByLostConnection(Object(Illuminate\\Database\\QueryException), 'select * from `...', Array, Object(Closure))
#12 /Users/rahmattanri/Documents/Project Code/raporppsr-deploy/vendor/laravel/framework/src/Illuminate/Database/Connection.php(796): Illuminate\\Database\\Connection->handleQueryException(Object(Illuminate\\Database\\QueryException), 'select * from `...', Array, Object(Closure))
#13 /Users/rahmattanri/Documents/Project Code/raporppsr-deploy/vendor/laravel/framework/src/Illuminate/Database/Connection.php(411): Illuminate\\Database\\Connection->run('select * from `...', Array, Object(Closure))
#14 /Users/rahmattanri/Documents/Project Code/raporppsr-deploy/vendor/laravel/framework/src/Illuminate/Database/Query/Builder.php(3389): Illuminate\\Database\\Connection->select('select * from `...', Array, false)
#15 /Users/rahmattanri/Documents/Project Code/raporppsr-deploy/vendor/laravel/framework/src/Illuminate/Database/Query/Builder.php(3374): Illuminate\\Database\\Query\\Builder->runSelect()
#16 /Users/rahmattanri/Documents/Project Code/raporppsr-deploy/vendor/laravel/framework/src/Illuminate/Database/Query/Builder.php(3964): Illuminate\\Database\\Query\\Builder->{closure:Illuminate\\Database\\Query\\Builder::get():3373}()
#17 /Users/rahmattanri/Documents/Project Code/raporppsr-deploy/vendor/laravel/framework/src/Illuminate/Database/Query/Builder.php(3373): Illuminate\\Database\\Query\\Builder->onceWithColumns(Array, Object(Closure))
#18 /Users/rahmattanri/Documents/Project Code/raporppsr-deploy/vendor/laravel/framework/src/Illuminate/Database/Concerns/BuildsQueries.php(366): Illuminate\\Database\\Query\\Builder->get(Array)
#19 /Users/rahmattanri/Documents/Project Code/raporppsr-deploy/vendor/laravel/framework/src/Illuminate/Database/Query/Builder.php(3296): Illuminate\\Database\\Query\\Builder->first(Array)
#20 /Users/rahmattanri/Documents/Project Code/raporppsr-deploy/vendor/laravel/framework/src/Illuminate/Session/DatabaseSessionHandler.php(96): Illuminate\\Database\\Query\\Builder->find('tpjC2HpUYLfilKR...')
#21 /Users/rahmattanri/Documents/Project Code/raporppsr-deploy/vendor/laravel/framework/src/Illuminate/Session/Store.php(128): Illuminate\\Session\\DatabaseSessionHandler->read('tpjC2HpUYLfilKR...')
#22 /Users/rahmattanri/Documents/Project Code/raporppsr-deploy/vendor/laravel/framework/src/Illuminate/Session/Store.php(116): Illuminate\\Session\\Store->readFromHandler()
#23 /Users/rahmattanri/Documents/Project Code/raporppsr-deploy/vendor/laravel/framework/src/Illuminate/Session/Store.php(100): Illuminate\\Session\\Store->loadSession()
#24 /Users/rahmattanri/Documents/Project Code/raporppsr-deploy/vendor/laravel/framework/src/Illuminate/Session/Middleware/StartSession.php(146): Illuminate\\Session\\Store->start()
#25 /Users/rahmattanri/Documents/Project Code/raporppsr-deploy/vendor/laravel/framework/src/Illuminate/Support/helpers.php(390): Illuminate\\Session\\Middleware\\StartSession->{closure:Illuminate\\Session\\Middleware\\StartSession::startSession():143}(Object(Illuminate\\Session\\Store))
#26 /Users/rahmattanri/Documents/Project Code/raporppsr-deploy/vendor/laravel/framework/src/Illuminate/Session/Middleware/StartSession.php(143): tap(Object(Illuminate\\Session\\Store), Object(Closure))
#27 /Users/rahmattanri/Documents/Project Code/raporppsr-deploy/vendor/laravel/framework/src/Illuminate/Session/Middleware/StartSession.php(115): Illuminate\\Session\\Middleware\\StartSession->startSession(Object(Illuminate\\Http\\Request), Object(Illuminate\\Session\\Store))
#28 /Users/rahmattanri/Documents/Project Code/raporppsr-deploy/vendor/laravel/framework/src/Illuminate/Session/Middleware/StartSession.php(63): Illuminate\\Session\\Middleware\\StartSession->handleStatefulRequest(Object(Illuminate\\Http\\Request), Object(Illuminate\\Session\\Store), Object(Closure))
#29 /Users/rahmattanri/Documents/Project Code/raporppsr-deploy/vendor/laravel/framework/src/Illuminate/Pipeline/Pipeline.php(219): Illuminate\\Session\\Middleware\\StartSession->handle(Object(Illuminate\\Http\\Request), Object(Closure))
#30 /Users/rahmattanri/Documents/Project Code/raporppsr-deploy/vendor/laravel/framework/src/Illuminate/Cookie/Middleware/AddQueuedCookiesToResponse.php(36): Illuminate\\Pipeline\\Pipeline->{closure:{closure:Illuminate\\Pipeline\\Pipeline::carry():194}:195}(Object(Illuminate\\Http\\Request))
#31 /Users/rahmattanri/Documents/Project Code/raporppsr-deploy/vendor/laravel/framework/src/Illuminate/Pipeline/Pipeline.php(219): Illuminate\\Cookie\\Middleware\\AddQueuedCookiesToResponse->handle(Object(Illuminate\\Http\\Request), Object(Closure))
#32 /Users/rahmattanri/Documents/Project Code/raporppsr-deploy/vendor/laravel/framework/src/Illuminate/Cookie/Middleware/EncryptCookies.php(74): Illuminate\\Pipeline\\Pipeline->{closure:{closure:Illuminate\\Pipeline\\Pipeline::carry():194}:195}(Object(Illuminate\\Http\\Request))
#33 /Users/rahmattanri/Documents/Project Code/raporppsr-deploy/vendor/laravel/framework/src/Illuminate/Pipeline/Pipeline.php(219): Illuminate\\Cookie\\Middleware\\EncryptCookies->handle(Object(Illuminate\\Http\\Request), Object(Closure))
#34 /Users/rahmattanri/Documents/Project Code/raporppsr-deploy/vendor/laravel/framework/src/Illuminate/Pipeline/Pipeline.php(137): Illuminate\\Pipeline\\Pipeline->{closure:{closure:Illuminate\\Pipeline\\Pipeline::carry():194}:195}(Object(Illuminate\\Http\\Request))
#35 /Users/rahmattanri/Documents/Project Code/raporppsr-deploy/vendor/laravel/framework/src/Illuminate/Routing/Router.php(821): Illuminate\\Pipeline\\Pipeline->then(Object(Closure))
#36 /Users/rahmattanri/Documents/Project Code/raporppsr-deploy/vendor/laravel/framework/src/Illuminate/Routing/Router.php(800): Illuminate\\Routing\\Router->runRouteWithinStack(Object(Illuminate\\Routing\\Route), Object(Illuminate\\Http\\Request))
#37 /Users/rahmattanri/Documents/Project Code/raporppsr-deploy/vendor/laravel/framework/src/Illuminate/Routing/Router.php(764): Illuminate\\Routing\\Router->runRoute(Object(Illuminate\\Http\\Request), Object(Illuminate\\Routing\\Route))
#38 /Users/rahmattanri/Documents/Project Code/raporppsr-deploy/vendor/laravel/framework/src/Illuminate/Routing/Router.php(753): Illuminate\\Routing\\Router->dispatchToRoute(Object(Illuminate\\Http\\Request))
#39 /Users/rahmattanri/Documents/Project Code/raporppsr-deploy/vendor/laravel/framework/src/Illuminate/Foundation/Http/Kernel.php(200): Illuminate\\Routing\\Router->dispatch(Object(Illuminate\\Http\\Request))
#40 /Users/rahmattanri/Documents/Project Code/raporppsr-deploy/vendor/laravel/framework/src/Illuminate/Pipeline/Pipeline.php(180): Illuminate\\Foundation\\Http\\Kernel->{closure:Illuminate\\Foundation\\Http\\Kernel::dispatchToRouter():197}(Object(Illuminate\\Http\\Request))
#41 /Users/rahmattanri/Documents/Project Code/raporppsr-deploy/vendor/livewire/livewire/src/Features/SupportDisablingBackButtonCache/DisableBackButtonCacheMiddleware.php(19): Illuminate\\Pipeline\\Pipeline->{closure:Illuminate\\Pipeline\\Pipeline::prepareDestination():178}(Object(Illuminate\\Http\\Request))
#42 /Users/rahmattanri/Documents/Project Code/raporppsr-deploy/vendor/laravel/framework/src/Illuminate/Pipeline/Pipeline.php(219): Livewire\\Features\\SupportDisablingBackButtonCache\\DisableBackButtonCacheMiddleware->handle(Object(Illuminate\\Http\\Request), Object(Closure))
#43 /Users/rahmattanri/Documents/Project Code/raporppsr-deploy/vendor/laravel/framework/src/Illuminate/Foundation/Http/Middleware/TransformsRequest.php(21): Illuminate\\Pipeline\\Pipeline->{closure:{closure:Illuminate\\Pipeline\\Pipeline::carry():194}:195}(Object(Illuminate\\Http\\Request))
#44 /Users/rahmattanri/Documents/Project Code/raporppsr-deploy/vendor/laravel/framework/src/Illuminate/Foundation/Http/Middleware/ConvertEmptyStringsToNull.php(31): Illuminate\\Foundation\\Http\\Middleware\\TransformsRequest->handle(Object(Illuminate\\Http\\Request), Object(Closure))
#45 /Users/rahmattanri/Documents/Project Code/raporppsr-deploy/vendor/laravel/framework/src/Illuminate/Pipeline/Pipeline.php(219): Illuminate\\Foundation\\Http\\Middleware\\ConvertEmptyStringsToNull->handle(Object(Illuminate\\Http\\Request), Object(Closure))
#46 /Users/rahmattanri/Documents/Project Code/raporppsr-deploy/vendor/laravel/framework/src/Illuminate/Foundation/Http/Middleware/TransformsRequest.php(21): Illuminate\\Pipeline\\Pipeline->{closure:{closure:Illuminate\\Pipeline\\Pipeline::carry():194}:195}(Object(Illuminate\\Http\\Request))
#47 /Users/rahmattanri/Documents/Project Code/raporppsr-deploy/vendor/laravel/framework/src/Illuminate/Foundation/Http/Middleware/TrimStrings.php(51): Illuminate\\Foundation\\Http\\Middleware\\TransformsRequest->handle(Object(Illuminate\\Http\\Request), Object(Closure))
#48 /Users/rahmattanri/Documents/Project Code/raporppsr-deploy/vendor/laravel/framework/src/Illuminate/Pipeline/Pipeline.php(219): Illuminate\\Foundation\\Http\\Middleware\\TrimStrings->handle(Object(Illuminate\\Http\\Request), Object(Closure))
#49 /Users/rahmattanri/Documents/Project Code/raporppsr-deploy/vendor/laravel/framework/src/Illuminate/Http/Middleware/ValidatePostSize.php(27): Illuminate\\Pipeline\\Pipeline->{closure:{closure:Illuminate\\Pipeline\\Pipeline::carry():194}:195}(Object(Illuminate\\Http\\Request))
#50 /Users/rahmattanri/Documents/Project Code/raporppsr-deploy/vendor/laravel/framework/src/Illuminate/Pipeline/Pipeline.php(219): Illuminate\\Http\\Middleware\\ValidatePostSize->handle(Object(Illuminate\\Http\\Request), Object(Closure))
#51 /Users/rahmattanri/Documents/Project Code/raporppsr-deploy/vendor/laravel/framework/src/Illuminate/Foundation/Http/Middleware/PreventRequestsDuringMaintenance.php(109): Illuminate\\Pipeline\\Pipeline->{closure:{closure:Illuminate\\Pipeline\\Pipeline::carry():194}:195}(Object(Illuminate\\Http\\Request))
#52 /Users/rahmattanri/Documents/Project Code/raporppsr-deploy/vendor/laravel/framework/src/Illuminate/Pipeline/Pipeline.php(219): Illuminate\\Foundation\\Http\\Middleware\\PreventRequestsDuringMaintenance->handle(Object(Illuminate\\Http\\Request), Object(Closure))
#53 /Users/rahmattanri/Documents/Project Code/raporppsr-deploy/vendor/laravel/framework/src/Illuminate/Http/Middleware/HandleCors.php(61): Illuminate\\Pipeline\\Pipeline->{closure:{closure:Illuminate\\Pipeline\\Pipeline::carry():194}:195}(Object(Illuminate\\Http\\Request))
#54 /Users/rahmattanri/Documents/Project Code/raporppsr-deploy/vendor/laravel/framework/src/Illuminate/Pipeline/Pipeline.php(219): Illuminate\\Http\\Middleware\\HandleCors->handle(Object(Illuminate\\Http\\Request), Object(Closure))
#55 /Users/rahmattanri/Documents/Project Code/raporppsr-deploy/vendor/laravel/framework/src/Illuminate/Http/Middleware/TrustProxies.php(58): Illuminate\\Pipeline\\Pipeline->{closure:{closure:Illuminate\\Pipeline\\Pipeline::carry():194}:195}(Object(Illuminate\\Http\\Request))
#56 /Users/rahmattanri/Documents/Project Code/raporppsr-deploy/vendor/laravel/framework/src/Illuminate/Pipeline/Pipeline.php(219): Illuminate\\Http\\Middleware\\TrustProxies->handle(Object(Illuminate\\Http\\Request), Object(Closure))
#57 /Users/rahmattanri/Documents/Project Code/raporppsr-deploy/vendor/laravel/framework/src/Illuminate/Foundation/Http/Middleware/InvokeDeferredCallbacks.php(22): Illuminate\\Pipeline\\Pipeline->{closure:{closure:Illuminate\\Pipeline\\Pipeline::carry():194}:195}(Object(Illuminate\\Http\\Request))
#58 /Users/rahmattanri/Documents/Project Code/raporppsr-deploy/vendor/laravel/framework/src/Illuminate/Pipeline/Pipeline.php(219): Illuminate\\Foundation\\Http\\Middleware\\InvokeDeferredCallbacks->handle(Object(Illuminate\\Http\\Request), Object(Closure))
#59 /Users/rahmattanri/Documents/Project Code/raporppsr-deploy/vendor/laravel/framework/src/Illuminate/Http/Middleware/ValidatePathEncoding.php(26): Illuminate\\Pipeline\\Pipeline->{closure:{closure:Illuminate\\Pipeline\\Pipeline::carry():194}:195}(Object(Illuminate\\Http\\Request))
#60 /Users/rahmattanri/Documents/Project Code/raporppsr-deploy/vendor/laravel/framework/src/Illuminate/Pipeline/Pipeline.php(219): Illuminate\\Http\\Middleware\\ValidatePathEncoding->handle(Object(Illuminate\\Http\\Request), Object(Closure))
#61 /Users/rahmattanri/Documents/Project Code/raporppsr-deploy/vendor/laravel/framework/src/Illuminate/Pipeline/Pipeline.php(137): Illuminate\\Pipeline\\Pipeline->{closure:{closure:Illuminate\\Pipeline\\Pipeline::carry():194}:195}(Object(Illuminate\\Http\\Request))
#62 /Users/rahmattanri/Documents/Project Code/raporppsr-deploy/vendor/laravel/framework/src/Illuminate/Foundation/Http/Kernel.php(175): Illuminate\\Pipeline\\Pipeline->then(Object(Closure))
#63 /Users/rahmattanri/Documents/Project Code/raporppsr-deploy/vendor/laravel/framework/src/Illuminate/Foundation/Http/Kernel.php(144): Illuminate\\Foundation\\Http\\Kernel->sendRequestThroughRouter(Object(Illuminate\\Http\\Request))
#64 /Users/rahmattanri/Documents/Project Code/raporppsr-deploy/vendor/laravel/framework/src/Illuminate/Foundation/Application.php(1220): Illuminate\\Foundation\\Http\\Kernel->handle(Object(Illuminate\\Http\\Request))
#65 /Users/rahmattanri/Documents/Project Code/raporppsr-deploy/public/index.php(20): Illuminate\\Foundation\\Application->handleRequest(Object(Illuminate\\Http\\Request))
#66 /Users/rahmattanri/Documents/Project Code/raporppsr-deploy/vendor/laravel/framework/src/Illuminate/Foundation/resources/server.php(23): require_once('/Users/rahmatta...')
#67 {main}
"} 
[2026-04-07 04:23:46] local.ERROR: Constant expression contains invalid operations {"exception":"[object] (Symfony\\Component\\ErrorHandler\\Error\\FatalError(code: 0): Constant expression contains invalid operations at /Users/rahmattanri/Documents/Project Code/raporppsr-deploy/app/Livewire/Admin/MataPelajaran/Create.php:17)
[stacktrace]
#0 {main}
"} 
